# File generated by ImageToStl.com - Free Image and 3D model conversion tools

mtllib Balloon.mtl

# Balloon_0
o obj1
v 13.94719511 182.40650286 -2.41218519
v 14.26664549 182.40649523 -1.64202452
v 11.95952159 181.3811275 -0.89852536
v 11.78471667 181.3811275 -1.31996143
v 13.51189143 182.40649523 -3.12331533
v 11.54651624 181.3811275 -1.70909607
v 16.28963477 183.76189532 -5.14146328
v 17.00621182 183.76190295 -3.97083139
v 17.5320788 183.76189532 -2.70302749
v 12.97008306 182.40650286 -3.75706577
v 11.25003606 181.3811275 -2.05588746
v 12.33633214 182.40649523 -4.29887438
v 10.9032448 181.3811275 -2.35236788
v 14.35448033 183.76189532 -7.07661629
v 15.39773184 183.76190295 -6.18471384
v 11.62520152 182.40650286 -4.73417854
v 10.51410991 181.3811275 -2.5905683
v 10.85504073 182.40649523 -5.05362892
v 10.09267342 181.3811275 -2.76537323
v 11.91604358 183.76189532 -8.31906128
v 13.18384844 183.76190295 -7.79319429
v 10.04419911 182.40650286 -5.24787664
v 9.6489763 181.3811275 -2.87166643
v 9.21301715 182.40650286 -5.31369925
v 9.1941491 181.3811275 -2.90768528
v 9.21301732 183.76190295 -8.74717712
v 10.58127231 183.76190295 -8.6388216
v 8.38183516 182.40650286 -5.24787664
v 8.73932177 181.3811275 -2.87166619
v 7.5709936 182.40650286 -5.05362844
v 8.29562485 181.3811275 -2.76537299
v 6.50999123 183.76190295 -8.31905937
v 7.84476227 183.76190295 -8.6388216
v 6.80083305 182.40650286 -4.73417759
v 7.8741886 181.3811275 -2.59056783
v 6.08970291 182.40649523 -4.29887342
v 7.48505455 181.3811275 -2.35236692
v 4.0715552 183.76189532 -7.07661343
v 5.24218661 183.76190295 -7.79319382
v 5.45595294 182.40650286 -3.75706506
v 7.13826281 181.3811275 -2.05588675
v 4.91414458 182.40649523 -3.12331438
v 6.84178287 181.3811275 -1.70909524
v 2.13640362 183.76189532 -5.14146137
v 3.02830464 183.76190295 -6.18471289
v 4.47884089 182.40650286 -2.41218448
v 6.60358221 181.3811275 -1.31996119
v 4.15939003 182.40649523 -1.64202392
v 6.42877776 181.3811275 -0.89852518
v 0.89395911 183.76189532 -2.70302606
v 1.41982418 183.76190295 -3.97083044
v 3.96514279 182.40650286 -0.83118254
v 6.32248432 181.3811275 -0.45482817
v 3.89931923 182.40649523 -6.6E-07
v 6.28646523 181.3811275 -8.5E-07
v 0.46584231 183.76189532 -3.9E-07
v 0.57419688 183.76190295 -1.36825502
v 3.96514279 182.40650286 0.83118111
v 6.32248432 181.3811275 0.4548263
v 4.15939003 182.40649523 1.64202273
v 6.42877752 181.3811275 0.89852315
v 0.89396006 183.76189532 2.70302534
v 0.57419688 183.76190295 1.3682543
v 4.47884089 182.40650286 2.41218305
v 6.60358244 181.3811275 1.3199594
v 4.91414505 182.40649523 3.12331343
v 6.84178311 181.3811275 1.70909429
v 2.13640458 183.76189532 5.14146042
v 1.41982514 183.76190295 3.97082925
v 5.45595342 182.40650286 3.75706339
v 7.13826329 181.3811275 2.05588531
v 6.08970362 182.40649523 4.29887152
v 7.48505491 181.3811275 2.35236573
v 4.07155711 183.76189532 7.076612
v 3.02830511 183.76190295 6.18471146
v 6.80083352 182.40650286 4.73417521
v 7.87418896 181.3811275 2.59056544
v 7.57099396 182.40649523 5.05362511
v 8.29562497 181.3811275 2.76537037
v 6.50999171 183.76189532 8.31905651
v 5.24218756 183.76190295 7.79319143
v 8.38183522 182.40650286 5.24787331
v 8.73932177 181.3811275 2.87166333
v 9.21301698 182.40649523 5.31369591
v 9.19414901 181.3811275 2.90768218
v 9.21301702 183.76189532 8.74717236
v 7.84476251 183.76190295 8.63881874
v 10.04419857 182.40650286 5.24787331
v 9.64897615 181.3811275 2.87166333
v 10.8550399 182.40649523 5.05362511
v 10.09267301 181.3811275 2.76537013
v 11.91604215 183.76189532 8.31905651
v 10.58127135 183.76190295 8.63881779
v 11.62520033 182.40650286 4.73417473
v 10.5141092 181.3811275 2.59056544
v 12.33633024 182.40649523 4.29887104
v 10.90324336 181.3811275 2.35236549
v 14.35447651 183.76189532 7.07661104
v 13.18384606 183.76190295 7.79319048
v 12.97008068 182.40650286 3.75706315
v 11.25003511 181.3811275 2.05588508
v 13.51188857 182.40649523 3.12331319
v 11.54651481 181.3811275 1.70909381
v 16.28962904 183.76189532 5.14145899
v 15.39772803 183.76190295 6.18471146
v 13.94719273 182.40650286 2.41218281
v 11.78471548 181.3811275 1.31995928
v 14.26664263 182.40649523 1.64202225
v 11.9595204 181.3811275 0.89852297
v 17.53207404 183.76189532 2.7030251
v 17.006208 183.76190295 3.97082853
v 14.46089083 182.40650286 0.83118099
v 12.06581336 181.3811275 0.45482624
v 14.52671343 182.40649523 -7.4E-07
v 12.10183174 181.3811275 -8.8E-07
v 17.96019083 183.76189532 -5.7E-07
v 17.85183531 183.76190295 1.36825407
v 14.46089226 182.40650286 -0.83118278
v 12.06581384 181.3811275 -0.45482826
v 17.85183722 183.76190295 -1.36825562
v 20.04326064 186.00790515 -5.51828384
v 20.77405745 186.00790515 -3.75640988
v 19.04742629 186.00790515 -7.14511681
v 21.52387339 188.92121997 -8.94435978
v 22.77047163 188.92121997 -6.90786743
v 23.68529517 188.92121997 -4.70232821
v 17.80794627 186.00790515 -8.59492779
v 16.35813338 186.00790515 -9.83440781
v 18.1573773 188.92121997 -12.31085587
v 19.97227293 188.92121997 -10.75925541
v 14.73130089 186.00790515 -10.8302412
v 12.96942717 186.00790515 -11.56103897
v 13.91534573 188.92121997 -14.47227669
v 16.12088496 188.92121997 -13.5574522
v 11.11448842 186.00790515 -12.00541401
v 9.21301746 186.00790515 -12.15599632
v 9.2130175 188.92121997 -15.21705246
v 11.59330636 188.92121997 -15.0285511
v 7.31154651 186.00790515 -12.00541401
v 5.45660788 186.00790515 -11.56103897
v 4.5106898 188.92121997 -14.47227573
v 6.83272869 188.92121997 -15.02855206
v 3.69473416 186.00790515 -10.83024025
v 2.0679031 186.00790515 -9.8344059
v 0.26865965 188.92121997 -12.31085205
v 2.30515105 188.92121997 -13.55745125
v 0.61809069 186.00790515 -8.59492683
v -0.62138837 186.00790515 -7.14511442
v -3.09783453 188.92121997 -8.94435692
v -1.54623502 188.92121997 -10.75925255
v -1.61722177 186.00790515 -5.51828241
v -2.34801954 186.00790515 -3.75640845
v -5.25925726 188.92121997 -4.7023263
v -4.34443277 188.92121997 -6.90786505
v -2.79239458 186.00790515 -1.90147042
v -2.94297594 186.00790515 -1.9E-07
v -6.00403112 188.92121997 -5E-08
v -5.81553072 188.92121997 -2.38028789
v -2.79239458 186.00790515 1.90147007
v -2.34801954 186.00790515 3.75640845
v -5.25925726 188.92121997 4.7023263
v -5.81553072 188.92121997 2.38028789
v -1.61722177 186.00790515 5.51828146
v -0.62138742 186.00790515 7.14511299
v -3.09783357 188.92121997 8.94435596
v -4.34443182 188.92121997 6.90786552
v 0.6180926 186.00790515 8.59492493
v 2.06790406 186.00790515 9.83440399
v 0.26866061 188.92121997 12.3108511
v -1.54623502 188.92121997 10.75925255
v 3.69473559 186.00790515 10.83023643
v 5.45660907 186.00790515 11.56103611
v 4.51069123 188.92121997 14.47227097
v 2.30515248 188.92121997 13.55744839
v 7.31154686 186.00790515 12.00540924
v 9.21301704 186.00790515 12.1559906
v 9.21301703 188.92121997 15.21704769
v 6.8327294 188.92121997 15.02854633
v 11.11448699 186.00790515 12.00540924
v 12.96942479 186.00790515 11.56103516
v 13.91534239 188.92121997 14.47227001
v 11.59330493 188.92121997 15.02854633
v 14.73129803 186.00790515 10.83023643
v 16.35812813 186.00790515 9.83440399
v 18.15737063 188.92121997 12.31084919
v 16.12088019 188.92121997 13.55744743
v 17.8079415 186.00790515 8.59492493
v 19.04742056 186.00790515 7.14511156
v 21.52386576 188.92121997 8.94435596
v 19.97226817 188.92121997 10.75925159
v 20.04325301 186.00790515 5.51828146
v 20.77405268 186.00790515 3.7564075
v 23.68528754 188.92121997 4.70232487
v 22.770464 188.92121997 6.90786409
v 21.21842581 186.00790515 1.90146983
v 21.36900813 186.00790515 -4.5E-07
v 24.43006522 188.92121997 -3.8E-07
v 24.24156195 188.92121997 2.38028765
v 21.21842963 186.00790515 -1.90147114
v 24.24156767 188.92121997 -2.38028884
v 24.89998347 192.27851977 -7.99290752
v 25.95849902 192.27851977 -5.44093704
v 23.45757681 192.27851977 -10.34927654
v 25.22197253 196.26904406 -11.63118458
v 26.84304148 196.26904406 -8.98294544
v 28.03267008 196.26904406 -6.11487675
v 21.66226393 192.27851977 -12.44924545
v 19.56229407 192.27851977 -14.24455738
v 20.8442021 196.26904406 -16.00895309
v 23.20428282 196.26904406 -13.99126434
v 17.20592505 192.27851977 -15.68696404
v 14.65395457 192.27851977 -16.74548149
v 15.32789332 196.26904406 -18.81965256
v 18.19596297 196.26904406 -17.63002205
v 11.96718556 192.27851977 -17.38913345
v 9.21301752 192.27851977 -17.60724068
v 9.2130176 196.26904406 -19.7881546
v 12.30832917 196.26904406 -19.54303169
v 6.45884949 192.27851977 -17.38913345
v 3.77208096 192.27851977 -16.74547958
v 3.09814269 196.26904406 -18.81965065
v 6.11770588 196.26904406 -19.54302979
v 1.22011095 192.27851977 -15.68696022
v -1.13625711 192.27851977 -14.24455547
v -2.41816515 196.26904406 -16.00895119
v 0.23007494 196.26904406 -17.63002014
v -3.23622507 192.27851977 -12.44924164
v -5.03153795 192.27851977 -10.34927368
v -6.79593175 196.26904406 -11.63118172
v -4.77824396 196.26904406 -13.99126148
v -6.47394174 192.27851977 -7.99290419
v -7.53245824 192.27851977 -5.44093466
v -9.60662931 196.26904406 -6.11487341
v -8.41700071 196.26904406 -8.98294163
v -8.17611021 192.27851977 -2.75416708
v -8.39421934 192.27851977 6E-08
v -10.57513136 196.26904406 1.5E-07
v -10.33000654 196.26904406 -3.09531045
v -8.17611021 192.27851977 2.75416732
v -7.53245824 192.27851977 5.44093561
v -9.60662931 196.26904406 6.11487389
v -10.33000654 196.26904406 3.09531093
v -6.47394079 192.27851977 7.99290419
v -5.03153604 192.27851977 10.34927368
v -6.79593175 196.26904406 11.63118172
v -8.4169988 196.26904406 8.98294163
v -3.23622316 192.27851977 12.44924068
v -1.13625616 192.27851977 14.24455357
v -2.41816419 196.26904406 16.00894928
v -4.778243 196.26904406 13.99126148
v 1.22011334 192.27851977 15.68695736
v 3.77208191 192.27851977 16.74547577
v 3.09814412 196.26904406 18.81964684
v 0.2300759 196.26904406 17.63001633
v 6.45884997 192.27851977 17.38912582
v 9.21301701 192.27851977 17.60723495
v 9.21301692 196.26904406 19.78814697
v 6.1177066 196.26904406 19.54301834
v 11.96718413 192.27851977 17.38912582
v 14.65395075 192.27851977 16.74547577
v 15.32788998 196.26904406 18.81964684
v 12.30832726 196.26904406 19.54301834
v 17.2059198 192.27851977 15.68695641
v 19.5622893 192.27851977 14.24455357
v 20.84419638 196.26904406 16.00894547
v 18.19595725 196.26904406 17.63001442
v 21.66225439 192.27851977 12.44923973
v 23.45756823 192.27851977 10.34927273
v 25.22196299 196.26904406 11.63118076
v 23.20427519 196.26904406 13.99125862
v 24.89997298 192.27851977 7.99290323
v 25.95849139 192.27851977 5.44093466
v 28.03266055 196.26904406 6.11487293
v 26.84303194 196.26904406 8.98294067
v 26.60214144 192.27851977 2.7541666
v 26.82025057 192.27851977 -4.2E-07
v 29.0011645 196.26904406 -4.3E-07
v 28.75603396 196.26904406 3.09530997
v 26.60214526 192.27851977 -2.75416803
v 28.7560435 196.26904406 -3.09531188
v 29.01089579 201.08200183 -10.08752251
v 30.34680468 201.08200183 -6.8667841
v 27.19049174 201.08200183 -13.06139851
v 28.94608981 205.51742663 -14.33691502
v 30.94426257 205.51742663 -11.07262135
v 32.41063219 205.51742663 -7.5373621
v 24.92470271 201.08200183 -15.71168423
v 22.27441603 201.08200183 -17.97747421
v 23.54993349 205.51742663 -19.73307037
v 26.45903117 205.51742663 -17.24601364
v 19.30054003 201.08200183 -19.79787636
v 16.07980114 201.08200183 -21.13378906
v 16.75037962 205.51742663 -23.19761467
v 20.28563887 205.51742663 -21.73124313
v 12.68894035 201.08200183 -21.94611549
v 9.21301759 201.08200183 -22.22138214
v 9.21301765 205.51742663 -24.39141655
v 13.0283826 205.51742663 -24.08926773
v 5.7370947 201.08200183 -21.94611359
v 2.34623391 201.08200183 -21.13378716
v 1.6756559 205.51742663 -23.19761276
v 5.39765245 205.51742663 -24.08926582
v -0.87450307 201.08200183 -19.79787254
v -3.84837907 201.08200183 -17.97747231
v -5.12389558 205.51742663 -19.73306847
v -1.85960287 205.51742663 -21.73124123
v -6.49866289 201.08200183 -15.71168137
v -8.76445287 201.08200183 -13.06139565
v -10.52004713 205.51742663 -14.33691216
v -8.0329923 205.51742663 -17.24601173
v -10.58485311 201.08200183 -10.08751869
v -11.92076582 201.08200183 -6.86678267
v -13.98459333 205.51742663 -7.53735924
v -12.51821989 205.51742663 -11.07261848
v -12.73309034 201.08200183 -3.47592163
v -13.00835317 201.08200183 1.3E-07
v -15.1783914 205.51742663 1.1E-07
v -14.87624258 205.51742663 -3.81536412
v -12.73309034 201.08200183 3.47592211
v -11.92076582 201.08200183 6.86678267
v -13.98459142 205.51742663 7.53735971
v -14.87624258 205.51742663 3.81536436
v -10.58485311 201.08200183 10.08751869
v -8.76445097 201.08200183 13.06139565
v -10.52004903 205.51742663 14.3369112
v -12.51822179 205.51742663 11.07261848
v -6.49866098 201.08200183 15.7116766
v -3.84837717 201.08200183 17.97746849
v -5.12389272 205.51742663 19.73306274
v -8.0329923 205.51742663 17.24600601
v -0.87450021 201.08200183 19.79786873
v 2.34623534 201.08200183 21.13377953
v 1.67565829 205.51742663 23.19760895
v -1.85960096 205.51742663 21.7312355
v 5.73709542 201.08200183 21.94610596
v 9.21301685 201.08200183 22.22136688
v 9.21301681 205.51742663 24.39140701
v 5.39765316 205.51742663 24.08925629
v 12.6889382 201.08200183 21.94610596
v 16.07979781 201.08200183 21.13377953
v 16.75037486 205.51742663 23.19760704
v 13.02838046 205.51742663 24.08925629
v 19.30053336 201.08200183 19.79786682
v 22.27441031 201.08200183 17.97746658
v 23.54992491 205.51742663 19.73306274
v 20.28563315 205.51742663 21.7312336
v 24.92469222 201.08200183 15.7116766
v 27.1904822 201.08200183 13.06139469
v 28.94608027 205.51742663 14.33690929
v 26.45902163 205.51742663 17.2460041
v 29.01088435 201.08200183 10.08751774
v 30.34679514 201.08200183 6.86678123
v 32.41062075 205.51742663 7.53735828
v 30.94425112 205.51742663 11.07261658
v 31.15911776 201.08200183 3.47592139
v 31.43438631 201.08200183 -3.6E-07
v 33.60442263 205.51742663 -3.5E-07
v 33.30227381 205.51742663 3.81536365
v 31.1591273 201.08200183 -3.47592306
v 33.30227953 205.51742663 -3.81536531
v 32.18386179 208.37532153 -11.7042284
v 33.73387629 208.37532153 -7.96730947
v 30.07170779 208.37532153 -15.15472412
v 31.09697825 211.23361315 -15.89962769
v 33.31295115 211.23361315 -12.27952862
v 34.93915469 211.23361315 -8.35892868
v 27.44278246 208.37532153 -18.22976494
v 24.36774165 208.37532153 -20.85869026
v 25.11264521 211.23361315 -21.88395691
v 28.33883578 211.23361315 -19.12581635
v 20.91724593 208.37532153 -22.97084236
v 17.180327 208.37532153 -24.52085876
v 17.57194525 211.23361315 -25.72613525
v 21.49254614 211.23361315 -24.09993172
v 13.24601942 208.37532153 -25.46337318
v 9.21301752 208.37532153 -25.78275681
v 9.21301746 211.23361315 -27.05005836
v 13.44425446 211.23361315 -26.71498108
v 5.18001563 208.37532153 -25.46337318
v 1.24570805 208.37532153 -24.52085686
v 0.8540898 211.23361315 -25.72613335
v 4.98178059 211.23361315 -26.71498108
v -2.49120992 208.37532153 -22.97083855
v -5.94170374 208.37532153 -20.85868645
v -6.6866073 211.23361315 -21.883955
v -3.06650823 211.23361315 -24.09992981
v -9.0167436 208.37532153 -18.22976112
v -11.64566511 208.37532153 -15.15472126
v -12.67093557 211.23361315 -15.89962196
v -9.9127931 211.23361315 -19.12581062
v -13.75781911 208.37532153 -11.70422459
v -15.30783552 208.37532153 -7.96730852
v -16.5131101 211.23361315 -8.35892582
v -14.88690656 211.23361315 -12.2795248
v -16.25034994 208.37532153 -4.03300095
v -16.56972974 208.37532153 0
v -17.83703512 211.23361315 -6E-08
v -17.50195402 211.23361315 -4.23123598
v -16.25034994 208.37532153 4.03300095
v -15.30783552 208.37532153 7.96730757
v -16.5131101 211.23361315 8.35892582
v -17.50195402 211.23361315 4.23123598
v -13.75781911 208.37532153 11.70422459
v -11.64566511 208.37532153 15.15471745
v -12.67093557 211.23361315 15.89962196
v -14.88690656 211.23361315 12.27952385
v -9.01674169 208.37532153 18.22975922
v -5.94170183 208.37532153 20.85867882
v -6.68660348 211.23361315 21.88394928
v -9.91279119 211.23361315 19.12580681
v -2.49120706 208.37532153 22.97083282
v 1.24570996 208.37532153 24.52084732
v 0.85409171 211.23361315 25.72612762
v -3.06650632 211.23361315 24.09992218
v 5.1800161 208.37532153 25.46336555
v 9.21301665 208.37532153 25.78274536
v 9.21301651 211.23361315 27.05005074
v 4.98178107 211.23361315 26.71496773
v 13.24601656 208.37532153 25.46336365
v 17.18032271 208.37532153 24.52084732
v 17.57194144 211.23361315 25.72612572
v 13.4442516 211.23361315 26.71496773
v 20.9172402 208.37532153 22.97083092
v 24.36773306 208.37532153 20.85867882
v 25.11263663 211.23361315 21.88394928
v 21.49253851 211.23361315 24.09992218
v 27.44277102 208.37532153 18.22975349
v 30.07169634 208.37532153 15.15471649
v 31.09696299 211.23361315 15.89962006
v 28.33882052 211.23361315 19.1258049
v 32.18384844 208.37532153 11.70422268
v 33.73386294 208.37532153 7.96730566
v 34.93914133 211.23361315 8.35892391
v 33.31293589 211.23361315 12.2795229
v 34.67637927 208.37532153 4.03300047
v 34.99576098 208.37532153 -4.8E-07
v 36.26306445 211.23361315 -6.8E-07
v 35.92798335 211.23361315 4.23123503
v 34.67638499 208.37532153 -4.0330019
v 35.92799288 211.23361315 -4.23123741
v 34.91479594 215.67021289 -13.0957098
v 36.64908511 215.67021289 -8.91452026
v 32.55153376 215.67021289 -16.95642471
v 33.91300684 220.21801867 -17.94559097
v 36.41412836 220.21801867 -13.85965824
v 38.24959093 220.21801867 -9.43455505
v 29.61006457 215.67021289 -20.39704704
v 26.16944224 215.67021289 -23.33851433
v 27.1586085 220.21801867 -24.69998932
v 30.79994112 220.21801867 -21.5869236
v 22.30872637 215.67021289 -25.7017765
v 18.12753683 215.67021289 -27.43606758
v 18.64757258 220.21801867 -29.03657341
v 23.07267481 220.21801867 -27.20111084
v 13.72549111 215.67021289 -28.49063492
v 9.21301752 215.67021289 -28.84798622
v 9.21301751 220.21801867 -30.53086281
v 13.98873002 220.21801867 -30.15265846
v 4.70054394 215.67021289 -28.49063492
v 0.29849917 215.67021289 -27.43606758
v -0.22153658 220.21801867 -29.0365715
v 4.43730503 220.21801867 -30.15265846
v -3.88268941 215.67021289 -25.70177269
v -7.74340147 215.67021289 -23.33851051
v -8.73256582 220.21801867 -24.69998169
v -4.6466369 220.21801867 -27.20110703
v -11.18402189 215.67021289 -20.39703941
v -14.12549108 215.67021289 -16.95641708
v -15.48696226 220.21801867 -17.94558334
v -12.37390035 220.21801867 -21.58691788
v -16.48874944 215.67021289 -13.09570408
v -18.22304052 215.67021289 -8.91451645
v -19.82355016 220.21801867 -9.43455219
v -17.98808187 220.21801867 -13.85965157
v -19.27761358 215.67021289 -4.51247215
v -19.63496488 215.67021289 0
v -21.31783193 220.21801867 -2E-08
v -20.93963522 220.21801867 -4.77571058
v -19.27760976 215.67021289 4.51247215
v -18.22304052 215.67021289 8.91451645
v -19.82354826 220.21801867 9.43455124
v -20.93963522 220.21801867 4.77571058
v -16.48875135 215.67021289 13.09570503
v -14.12549108 215.67021289 16.95641518
v -15.48696226 220.21801867 17.94558334
v -17.98808187 220.21801867 13.85965157
v -11.18401998 215.67021289 20.3970356
v -7.74339956 215.67021289 23.3385067
v -8.73256582 220.21801867 24.69997787
v -12.37389654 220.21801867 21.58691406
v -3.88268655 215.67021289 25.70176506
v 0.29850108 215.67021289 27.43605804
v -0.22153467 220.21801867 29.03656578
v -4.64663404 220.21801867 27.2010994
v 4.7005449 215.67021289 28.49062538
v 9.21301656 215.67021289 28.8479805
v 9.21301662 220.21801867 30.53084946
v 4.43730694 220.21801867 30.15264702
v 13.72548825 215.67021289 28.49062538
v 18.12753111 215.67021289 27.43605614
v 18.64756686 220.21801867 29.03656197
v 13.98872715 220.21801867 30.15264702
v 22.3087197 215.67021289 25.70176315
v 26.16943079 215.67021289 23.33850479
v 27.15859705 220.21801867 24.69997406
v 23.07266814 220.21801867 27.20109558
v 29.61005122 215.67021289 20.39703369
v 32.55152232 215.67021289 16.95641518
v 33.91299159 220.21801867 17.94558144
v 30.79992777 220.21801867 21.58691216
v 34.91477877 215.67021289 13.09570217
v 36.64907175 215.67021289 8.91451454
v 38.24957568 220.21801867 9.43455124
v 36.41411311 220.21801867 13.85965061
v 37.70363718 215.67021289 4.5124712
v 38.06099612 215.67021289 -7.8E-07
v 39.74386507 220.21801867 -7.4E-07
v 39.36566264 220.21801867 4.77571011
v 37.70364863 215.67021289 -4.51247406
v 39.36567027 220.21801867 -4.77571297
v 37.23569018 223.40992846 -14.27826405
v 39.12658984 223.40992846 -9.71950912
v 34.65902239 223.40992846 -18.48760605
v 35.17389399 226.11761584 -18.86168289
v 37.80269724 226.11761584 -14.56716728
v 39.73186022 226.11761584 -9.91617203
v 31.45193583 223.40992846 -22.2389183
v 27.70062167 223.40992846 -25.44600296
v 28.07469851 226.11761584 -25.96087456
v 31.9019137 226.11761584 -22.68889809
v 23.49128252 223.40992846 -28.02266884
v 18.9325257 223.40992846 -29.91357422
v 19.1291886 226.11761584 -30.51883888
v 23.78018481 226.11761584 -28.58967781
v 14.13297135 223.40992846 -31.06336594
v 9.21301746 223.40992846 -31.45298958
v 9.21301746 226.11761584 -32.08940506
v 14.23252064 226.11761584 -31.69190216
v 4.2930637 223.40992846 -31.06336594
v -0.50648969 223.40992846 -29.91357231
v -0.70315355 226.11761584 -30.51883698
v 4.19351441 226.11761584 -31.69190216
v -5.06524366 223.40992846 -28.02266693
v -9.27458089 223.40992846 -25.44599915
v -9.64866155 226.11761584 -25.96087074
v -5.35414785 226.11761584 -28.5896759
v -13.02589506 223.40992846 -22.23891258
v -16.23297971 223.40992846 -18.48759651
v -16.7478494 226.11761584 -18.86167526
v -13.47587484 226.11761584 -22.68889236
v -18.80964559 223.40992846 -14.27825832
v -20.70054334 223.40992846 -9.71950436
v -21.30581564 226.11761584 -9.91617012
v -19.37665075 226.11761584 -14.56716347
v -21.8503446 223.40992846 -4.91995287
v -22.23996442 223.40992846 -6E-08
v -22.87637609 226.11761584 -6E-08
v -22.47887319 226.11761584 -5.01950216
v -21.8503446 223.40992846 4.91995287
v -20.70054144 223.40992846 9.71950531
v -21.30581373 226.11761584 9.91616917
v -22.47887701 226.11761584 5.01950216
v -18.80964559 223.40992846 14.27825832
v -16.23297971 223.40992846 18.48759651
v -16.7478494 226.11761584 18.86167526
v -19.37665075 226.11761584 14.56716251
v -13.02589124 223.40992846 22.23890686
v -9.27457899 223.40992846 25.44599533
v -9.64865583 226.11761584 25.96086502
v -13.47587293 226.11761584 22.68888664
v -5.0652408 223.40992846 28.02265739
v -0.50648683 223.40992846 29.91355896
v -0.70315164 226.11761584 30.51882935
v -5.35414499 226.11761584 28.58966637
v 4.29306466 223.40992846 31.06335449
v 9.21301656 223.40992846 31.45298004
v 9.21301641 226.11761584 32.08939362
v 4.19351489 226.11761584 31.69188881
v 14.13296801 223.40992846 31.06335449
v 18.93252093 223.40992846 29.91355515
v 19.12918478 226.11761584 30.51882553
v 14.23251873 226.11761584 31.6918869
v 23.49127394 223.40992846 28.02265549
v 27.70061213 223.40992846 25.44599342
v 28.07469088 226.11761584 25.96086311
v 23.78017813 226.11761584 28.58966446
v 31.45192057 223.40992846 22.23890495
v 34.65901095 223.40992846 18.4875946
v 35.17387873 226.11761584 18.86167336
v 31.90190226 226.11761584 22.68888664
v 37.2356711 223.40992846 14.27825546
v 39.12657267 223.40992846 9.7195034
v 39.73184115 226.11761584 9.91616821
v 37.80268198 226.11761584 14.56716156
v 40.2763682 223.40992846 4.91995192
v 40.66599375 223.40992846 -7.1E-07
v 41.30240733 226.11761584 -7.6E-07
v 40.90490061 226.11761584 5.01950169
v 40.27637774 223.40992846 -4.91995478
v 40.90491206 226.11761584 -5.01950455
v 38.53837305 229.21278491 -14.94201565
v 40.51717478 229.21278491 -10.17133808
v 35.8419295 229.21278491 -19.34703255
v 36.44303805 233.02282824 -19.78376579
v 39.20035464 233.02282824 -15.27931023
v 41.22382456 233.02282824 -10.40094185
v 32.48575121 229.21278491 -23.27273369
v 28.56005007 229.21278491 -26.62890625
v 28.99678332 233.02282824 -27.23001671
v 33.01109988 233.02282824 -23.79808044
v 24.15503127 229.21278491 -29.32535362
v 19.3843537 229.21278491 -31.30415916
v 19.61395842 233.02282824 -32.01080322
v 24.49232775 233.02282824 -29.9873333
v 14.36168438 229.21278491 -32.50740433
v 9.2130174 229.21278491 -32.91513824
v 9.21301752 233.02282824 -33.65815353
v 14.4779082 233.02282824 -33.24121475
v 4.06435067 229.21278491 -32.50740433
v -0.95831865 229.21278491 -31.30415726
v -1.18792242 233.02282824 -32.01079941
v 3.94812685 233.02282824 -33.24121094
v -5.72899526 229.21278491 -29.32534981
v -10.13401311 229.21278491 -26.62890244
v -10.57074636 233.02282824 -27.23001099
v -6.06629079 233.02282824 -29.98732758
v -14.05970853 229.21278491 -23.27272606
v -17.415883 229.21278491 -19.34702873
v -18.01699155 233.02282824 -19.78376198
v -14.5850591 233.02282824 -23.79807663
v -20.11232847 229.21278491 -14.94200993
v -22.0911302 229.21278491 -10.17133427
v -22.79777807 233.02282824 -10.40093899
v -20.77430624 233.02282824 -15.27930546
v -23.29437536 229.21278491 -5.14866543
v -23.70210928 229.21278491 -6E-08
v -24.44512456 233.02282824 0
v -24.02818578 233.02282824 -5.26488924
v -23.29437536 229.21278491 5.14866543
v -22.0911302 229.21278491 10.17133427
v -22.79777807 233.02282824 10.40093803
v -24.02818578 233.02282824 5.26488924
v -20.11232656 229.21278491 14.94200993
v -17.4158811 229.21278491 19.34702682
v -18.01698965 233.02282824 19.78375816
v -20.77430242 233.02282824 15.27930355
v -14.05970853 229.21278491 23.27272415
v -10.1340093 229.21278491 26.62889481
v -10.57074255 233.02282824 27.23000526
v -14.5850572 233.02282824 23.79807281
v -5.7289924 229.21278491 29.32534409
v -0.95831674 229.21278491 31.30414391
v -1.18792146 233.02282824 32.01079178
v -6.06628603 233.02282824 29.98731804
v 4.06435114 229.21278491 32.50739288
v 9.21301649 229.21278491 32.9151268
v 9.21301641 233.02282824 33.65813828
v 3.94812828 233.02282824 33.24119949
v 14.361682 229.21278491 32.50738907
v 19.38434988 229.21278491 31.30414391
v 19.6139527 233.02282824 32.01079559
v 14.47790533 233.02282824 33.24119949
v 24.15502268 229.21278491 29.32533836
v 28.56004054 229.21278491 26.62889481
v 28.99677187 233.02282824 27.23000526
v 24.49231726 233.02282824 29.98731804
v 32.48573595 229.21278491 23.27272224
v 35.84191042 229.21278491 19.34702301
v 36.44302088 233.02282824 19.78375626
v 33.01108653 233.02282824 23.798069
v 38.53835589 229.21278491 14.94200611
v 40.51715952 229.21278491 10.17133236
v 41.22380549 233.02282824 10.40093613
v 39.20033366 233.02282824 15.27930069
v 41.72040659 229.21278491 5.14866447
v 42.12814051 229.21278491 -8.4E-07
v 42.8711558 233.02282824 -8.7E-07
v 42.4542132 233.02282824 5.26488829
v 41.72041422 229.21278491 -5.14866734
v 42.45422465 233.02282824 -5.26489162
v 39.54626948 237.87513842 -15.45556259
v 41.59307581 237.87513842 -10.52092075
v 36.75714785 237.87513842 -20.01198006
v 36.8424483 242.58340563 -20.07395744
v 39.64021021 242.58340563 -15.50342655
v 41.6933642 242.58340563 -10.55350399
v 33.28561884 237.87513842 -24.07260132
v 29.22499758 237.87513842 -27.54412842
v 29.28697497 242.58340563 -27.62942696
v 33.36017329 242.58340563 -24.14715385
v 24.66857821 237.87513842 -30.33324814
v 19.73393732 237.87513842 -32.38005829
v 19.76652152 242.58340563 -32.48034286
v 24.71644312 242.58340563 -30.42718887
v 14.53864056 237.87513842 -33.62466431
v 9.21301752 237.87513842 -34.04640961
v 9.21301752 242.58340563 -34.15184402
v 14.55513436 242.58340563 -33.72879791
v 3.88739449 237.87513842 -33.62466049
v -1.30790132 237.87513842 -32.38005829
v -1.34048456 242.58340563 -32.48033905
v 3.87090069 242.58340563 -33.72879791
v -6.24254316 237.87513842 -30.33324432
v -10.79895681 237.87513842 -27.5441227
v -10.8609342 242.58340563 -27.62942123
v -6.29040617 242.58340563 -30.42718506
v -14.85957998 237.87513842 -24.0725975
v -18.33110136 237.87513842 -20.01197433
v -18.41640371 242.58340563 -20.07394981
v -14.93413251 242.58340563 -24.14715004
v -21.12022108 237.87513842 -15.45555782
v -23.16703313 237.87513842 -10.52091599
v -23.2673139 242.58340563 -10.55349922
v -21.21416372 242.58340563 -15.50342274
v -24.41163534 237.87513842 -5.3256216
v -24.83338064 237.87513842 0
v -24.93882269 242.58340563 0
v -24.51576894 242.58340563 -5.34211445
v -24.41163534 237.87513842 5.3256216
v -23.16703313 237.87513842 10.52091599
v -23.2673139 242.58340563 10.55349922
v -24.51576513 242.58340563 5.34211445
v -21.12021917 237.87513842 15.45555592
v -18.33109945 237.87513842 20.01197243
v -18.4164018 242.58340563 20.07394981
v -21.21416181 242.58340563 15.50342083
v -14.85957616 237.87513842 24.07259178
v -10.7989549 237.87513842 27.54411316
v -10.86093038 242.58340563 27.62941551
v -14.9341287 242.58340563 24.14714622
v -6.24253934 237.87513842 30.33323479
v -1.30789846 237.87513842 32.38004684
v -1.3404817 242.58340563 32.48033142
v -6.2904033 242.58340563 30.42717743
v 3.88739544 237.87513842 33.62464905
v 9.21301636 237.87513842 34.04639435
v 9.21301648 242.58340563 34.1518364
v 3.87090212 242.58340563 33.72878265
v 14.53863722 237.87513842 33.62464523
v 19.73393065 237.87513842 32.38004684
v 19.76651389 242.58340563 32.48032761
v 14.55513054 242.58340563 33.72877884
v 24.66856963 237.87513842 30.33323097
v 29.22498614 237.87513842 27.54411316
v 29.28696352 242.58340563 27.6294136
v 24.71643645 242.58340563 30.42717743
v 33.28560358 237.87513842 24.07258987
v 36.75712687 237.87513842 20.01196671
v 36.84242922 242.58340563 20.073946
v 33.36015994 242.58340563 24.14714241
v 39.5462485 237.87513842 15.45555305
v 41.59306055 237.87513842 10.52091408
v 41.69334513 242.58340563 10.55349636
v 39.64018923 242.58340563 15.50341988
v 42.83766276 237.87513842 5.32562065
v 43.25941569 237.87513842 -8.4E-07
v 43.36485011 242.58340563 -7.6E-07
v 42.94179636 242.58340563 5.34211397
v 42.8376742 237.87513842 -5.32562351
v 42.94180781 242.58340563 -5.34211731
v 39.54626757 245.96128955 -15.45556259
v 41.59307581 245.96128955 -10.52092075
v 36.75714785 245.96128955 -20.01198006
v 36.50228411 248.65728869 -19.82681084
v 39.26560313 248.65728869 -15.31255436
v 41.2934733 248.65728869 -10.42357254
v 33.28562075 245.96128955 -24.07260132
v 29.22499949 245.96128955 -27.54412842
v 29.03982836 248.65728869 -27.28926659
v 33.06288248 248.65728869 -23.84986115
v 24.66857821 245.96128955 -30.33324814
v 19.73393732 245.96128955 -32.38005829
v 19.63658911 248.65728869 -32.08045197
v 24.52557188 248.65728869 -30.05257988
v 14.53864056 245.96128955 -33.62466049
v 9.21301752 245.96128955 -34.04640961
v 9.21301752 248.65728869 -33.73138809
v 14.48936373 248.65728869 -33.31354141
v 3.88739449 245.96128955 -33.62466049
v -1.30790132 245.96128955 -32.38005829
v -1.21055406 248.65728869 -32.08045197
v 3.93667132 248.65728869 -33.31353378
v -6.24254221 245.96128955 -30.33324432
v -10.79895681 245.96128955 -27.5441227
v -10.6137914 248.65728869 -27.28925896
v -6.09953493 248.65728869 -30.05257416
v -14.85957807 245.96128955 -24.0725956
v -18.33110136 245.96128955 -20.01197433
v -18.07624143 248.65728869 -19.82680702
v -14.63684171 248.65728869 -23.84985733
v -21.12021917 245.96128955 -15.45555687
v -23.16703313 245.96128955 -10.52091599
v -22.86743063 248.65728869 -10.42356873
v -20.83955091 248.65728869 -15.3125515
v -24.41163534 245.96128955 -5.3256216
v -24.83338064 245.96128955 0
v -24.51835912 248.65728869 6E-08
v -24.10051244 248.65728869 -5.27634478
v -24.41163534 245.96128955 5.3256216
v -23.16703313 245.96128955 10.52091599
v -22.86743063 248.65728869 10.42356777
v -24.10051244 248.65728869 5.27634478
v -21.12021917 245.96128955 15.45555592
v -18.33109945 245.96128955 20.01197243
v -18.07623952 248.65728869 19.82680702
v -20.839549 248.65728869 15.31254959
v -14.85957616 245.96128955 24.07259369
v -10.7989549 245.96128955 27.54411316
v -10.61378759 248.65728869 27.28925133
v -14.6368379 248.65728869 23.84985352
v -6.24253839 245.96128955 30.33323479
v -1.30789846 245.96128955 32.38004684
v -1.21055025 248.65728869 32.08044052
v -6.09953207 248.65728869 30.05256462
v 3.88739544 245.96128955 33.62464905
v 9.21301636 245.96128955 34.04639435
v 9.2130163 248.65728869 33.73137283
v 3.93667227 248.65728869 33.31352615
v 14.53863722 245.96128955 33.62464523
v 19.73393065 245.96128955 32.38004684
v 19.63658244 248.65728869 32.08044052
v 14.48936039 248.65728869 33.31352615
v 24.66856963 245.96128955 30.33323288
v 29.22498614 245.96128955 27.54411125
v 29.03981883 248.65728869 27.28925133
v 24.52556235 248.65728869 30.05256462
v 33.28560358 245.96128955 24.07258987
v 36.75712878 245.96128955 20.01196861
v 36.50226695 248.65728869 19.82680321
v 33.06286913 248.65728869 23.84985161
v 39.5462485 245.96128955 15.45555305
v 41.59306055 245.96128955 10.52091408
v 41.29345423 248.65728869 10.42356682
v 39.26558024 248.65728869 15.31254673
v 42.83766276 245.96128955 5.32562065
v 43.25941569 245.96128955 -8.4E-07
v 42.94439036 248.65728869 -9.2E-07
v 42.52653986 248.65728869 5.27634335
v 42.8376742 245.96128955 -5.32562351
v 42.52655131 248.65728869 -5.27634716
v 38.79936129 251.31990161 -15.07499504
v 40.79577547 251.31990161 -10.26185989
v 36.07891947 251.31990161 -19.51922035
v 35.49016863 253.93281664 -19.0914669
v 38.15099627 253.93281664 -14.74463463
v 40.10365969 253.93281664 -10.03697777
v 32.69287211 251.31990161 -23.47985458
v 28.73223788 251.31990161 -26.86589813
v 28.30448252 253.93281664 -26.2771492
v 32.17832667 253.93281664 -22.96530914
v 24.28801257 251.31990161 -29.58634186
v 19.47487647 251.31990161 -31.58275795
v 19.24999434 253.93281664 -30.89064217
v 23.95765215 253.93281664 -28.93797493
v 14.40750605 251.31990161 -32.79671097
v 9.21301752 251.31990161 -33.20807648
v 9.21301759 253.93281664 -32.48034286
v 14.29367215 253.93281664 -32.07799149
v 4.018529 251.31990161 -32.79671097
v -1.04884142 251.31990161 -31.58275604
v -0.82395929 253.93281664 -30.89064026
v 4.1323629 253.93281664 -32.07799149
v -5.86197561 251.31990161 -29.58633804
v -10.30619711 251.31990161 -26.86589432
v -9.87844556 253.93281664 -26.27714157
v -5.5316152 253.93281664 -28.93797493
v -14.26683324 251.31990161 -23.47985077
v -17.65287298 251.31990161 -19.51921463
v -17.06412405 253.93281664 -19.09146118
v -13.7522878 253.93281664 -22.96530533
v -20.3733167 251.31990161 -15.07499123
v -22.36973089 251.31990161 -10.26185703
v -21.6776151 253.93281664 -10.03697491
v -19.72495168 253.93281664 -14.74463177
v -23.58368581 251.31990161 -5.19448757
v -23.99504751 251.31990161 -6E-08
v -23.26731008 253.93281664 -6E-08
v -22.86496633 253.93281664 -5.08065367
v -23.58368581 251.31990161 5.19448757
v -22.36973089 251.31990161 10.26185703
v -21.6776151 253.93281664 10.03697491
v -22.86496633 253.93281664 5.08065367
v -20.3733148 251.31990161 15.07498932
v -17.65287107 251.31990161 19.51920891
v -17.06412214 253.93281664 19.09145927
v -19.72495168 253.93281664 14.74463081
v -14.26682752 251.31990161 23.47984505
v -10.30619329 251.31990161 26.86588669
v -9.87844175 253.93281664 26.27713776
v -13.7522859 253.93281664 22.9652977
v -5.86197084 251.31990161 29.58633232
v -1.04883951 251.31990161 31.58274269
v -0.82395738 253.93281664 30.89062881
v -5.53161329 253.93281664 28.93796539
v 4.01852995 251.31990161 32.79669952
v 9.21301636 251.31990161 33.20806122
v 9.21301652 253.93281664 32.48032761
v 4.13236386 253.93281664 32.07798004
v 14.40750319 251.31990161 32.79669952
v 19.47487074 251.31990161 31.58274078
v 19.24999052 253.93281664 30.890625
v 14.29366929 253.93281664 32.07797623
v 24.28800303 251.31990161 29.58632851
v 28.73222453 251.31990161 26.86588478
v 28.30447489 253.93281664 26.27713585
v 23.95764452 253.93281664 28.93796539
v 32.69285685 251.31990161 23.47984123
v 36.0789004 251.31990161 19.519207
v 35.49015147 253.93281664 19.09145737
v 32.17831332 253.93281664 22.9652977
v 38.79934222 251.31990161 15.07498741
v 40.79575831 251.31990161 10.26185417
v 40.10364252 253.93281664 10.036973
v 38.1509791 253.93281664 14.74462795
v 42.00971323 251.31990161 5.19448662
v 42.42107874 251.31990161 -7.1E-07
v 41.69334132 253.93281664 -7.3E-07
v 41.29098994 253.93281664 5.08065271
v 42.00972468 251.31990161 -5.19448948
v 41.29100138 253.93281664 -5.08065557
v 37.3239432 256.47976794 -14.32323074
v 39.2207976 256.47976794 -9.75011921
v 34.73915965 256.47976794 -18.54582977
v 33.83102137 258.94526782 -17.88602448
v 36.32384402 258.94526782 -13.81365395
v 38.15321452 258.94526782 -9.40323925
v 31.52197367 256.47976794 -22.30895424
v 27.7588473 256.47976794 -25.52614212
v 27.09904391 258.94526782 -24.61800385
v 30.72828967 258.94526782 -21.51527214
v 23.53624827 256.47976794 -28.11091995
v 18.96313578 256.47976794 -30.00777817
v 18.61625678 258.94526782 -28.94019699
v 23.02667147 258.94526782 -27.11082458
v 14.14846617 256.47976794 -31.16119766
v 9.21301752 256.47976794 -31.55204391
v 9.21301752 258.94526782 -30.42952347
v 13.97287804 258.94526782 -30.05257988
v 4.27756888 256.47976794 -31.16119766
v -0.53709978 256.47976794 -30.00777817
v -0.19022077 258.94526782 -28.94019508
v 4.45315701 258.94526782 -30.05257988
v -5.11021036 256.47976794 -28.11091805
v -9.33280653 256.47976794 -25.52613831
v -8.67300314 258.94526782 -24.61799622
v -4.60063356 258.94526782 -27.11082268
v -13.0959329 256.47976794 -22.30895042
v -16.31312078 256.47976794 -18.54582214
v -15.40497678 258.94526782 -17.88602066
v -12.30224889 258.94526782 -21.51526833
v -18.89789671 256.47976794 -14.32322598
v -20.79475111 256.47976794 -9.75011635
v -19.72717374 258.94526782 -9.40323734
v -17.89779562 258.94526782 -13.81365013
v -21.9481706 256.47976794 -4.93544722
v -22.33902067 256.47976794 -6E-08
v -21.2164945 258.94526782 0
v -20.83955091 258.94526782 -4.75985909
v -21.9481706 256.47976794 4.93544722
v -20.79475111 256.47976794 9.75011635
v -19.72717374 258.94526782 9.40323734
v -20.83955091 258.94526782 4.75985909
v -18.89789671 256.47976794 14.32322502
v -16.31311697 256.47976794 18.54582214
v -15.40497678 258.94526782 17.88601875
v -17.89779562 258.94526782 13.81365013
v -13.09592908 256.47976794 22.30894661
v -9.33280271 256.47976794 25.52613258
v -8.67300123 258.94526782 24.61799431
v -12.30224889 258.94526782 21.51526451
v -5.11020845 256.47976794 28.11091232
v -0.53709882 256.47976794 30.00776672
v -0.19021982 258.94526782 28.94018555
v -4.60063261 258.94526782 27.11081123
v 4.27757031 256.47976794 31.16118622
v 9.21301662 256.47976794 31.55203629
v 9.21301663 258.94526782 30.42950821
v 4.45315796 258.94526782 30.05256653
v 14.14846379 256.47976794 31.16118431
v 18.96313101 256.47976794 30.00776482
v 18.61625201 258.94526782 28.94018173
v 13.97287566 258.94526782 30.05256653
v 23.53624064 256.47976794 28.11091042
v 27.75883395 256.47976794 25.52613258
v 27.09903437 258.94526782 24.61799049
v 23.0266648 258.94526782 27.11080933
v 31.52196223 256.47976794 22.3089447
v 34.73914629 256.47976794 18.54582024
v 33.8310042 258.94526782 17.88601685
v 30.72827631 258.94526782 21.5152626
v 37.32392413 256.47976794 14.32322407
v 39.22078043 256.47976794 9.75011349
v 38.15319735 258.94526782 9.40323544
v 36.32382494 258.94526782 13.81364918
v 40.37419802 256.47976794 4.93544626
v 40.7650519 256.47976794 -6.5E-07
v 39.64252764 258.94526782 -6.5E-07
v 39.26558024 258.94526782 4.75985861
v 40.37420947 256.47976794 -4.93544912
v 39.26559359 258.94526782 -4.75986099
v 35.15634066 261.31382861 -13.21878147
v 36.90692812 261.31382861 -8.99829769
v 32.77086932 261.31382861 -17.11577797
v 31.56569773 263.5711986 -16.24017143
v 33.82912928 263.5711986 -12.54253483
v 35.49016863 263.5711986 -8.53796291
v 29.80175501 261.31382861 -20.58873367
v 26.3287974 261.31382861 -23.55785179
v 25.45318896 263.5711986 -22.35267639
v 28.74847704 263.5711986 -19.53545761
v 22.431799 261.31382861 -25.94331932
v 18.21131331 261.31382861 -27.69390869
v 17.75097948 263.5711986 -26.27714729
v 21.75555235 263.5711986 -24.61611176
v 13.7678991 261.31382861 -28.75838661
v 9.21301759 261.31382861 -29.11910248
v 9.21301752 263.5711986 -27.62942696
v 13.53488022 263.5711986 -27.28717041
v 4.65813595 261.31382861 -28.75838661
v 0.21472174 261.31382861 -27.69390678
v 0.67505557 263.5711986 -26.27714348
v 4.89115483 263.5711986 -27.28716469
v -4.00576109 261.31382861 -25.94331551
v -7.90275663 261.31382861 -23.55784798
v -7.02715009 263.5711986 -22.35267258
v -3.32951635 263.5711986 -24.61610794
v -11.37571233 261.31382861 -20.58872986
v -14.34482473 261.31382861 -17.11577415
v -13.13965505 263.5711986 -16.24016571
v -10.32243818 263.5711986 -19.5354557
v -16.73029417 261.31382861 -13.2187767
v -18.48088544 261.31382861 -8.99829388
v -17.06412214 263.5711986 -8.53796005
v -15.40308851 263.5711986 -12.54253292
v -19.54536718 261.31382861 -4.55487967
v -19.90607351 261.31382861 0
v -18.41640371 263.5711986 0
v -18.07414335 263.5711986 -4.32186174
v -19.54536718 261.31382861 4.55487967
v -18.48088544 261.31382861 8.99829388
v -17.06412405 263.5711986 8.5379591
v -18.07414335 263.5711986 4.32186174
v -16.73029417 261.31382861 13.2187767
v -14.34482282 261.31382861 17.11577225
v -13.13965314 263.5711986 16.2401638
v -15.4030866 263.5711986 12.54253292
v -11.37571043 261.31382861 20.58872604
v -7.90275472 261.31382861 23.55784035
v -7.02714628 263.5711986 22.35266685
v -10.32243246 263.5711986 19.53544998
v -4.00575918 261.31382861 25.94330788
v 0.21472365 261.31382861 27.69390106
v 0.67505843 263.5711986 26.27713776
v -3.3295154 263.5711986 24.61610413
v 4.65813691 261.31382861 28.75838089
v 9.21301665 261.31382861 29.11908913
v 9.21301659 263.5711986 27.62941551
v 4.89115578 263.5711986 27.28715897
v 13.76789624 261.31382861 28.75837898
v 18.21130949 261.31382861 27.69389915
v 17.75097472 263.5711986 26.27713776
v 13.53487784 263.5711986 27.28715897
v 22.43179137 261.31382861 25.94330597
v 26.32878786 261.31382861 23.55783844
v 25.45317942 263.5711986 22.35266495
v 21.75554568 263.5711986 24.61610222
v 29.80173975 261.31382861 20.58872414
v 32.77085215 261.31382861 17.11577225
v 31.56568247 263.5711986 16.2401638
v 28.74846178 263.5711986 19.53544617
v 35.15632159 261.31382861 13.2187748
v 36.90691668 261.31382861 8.99829292
v 35.49015337 263.5711986 8.53795815
v 33.82911974 263.5711986 12.54253006
v 37.97139269 261.31382861 4.55487919
v 38.33210474 261.31382861 -5.8E-07
v 36.84243304 263.5711986 -5.8E-07
v 36.50017458 263.5711986 4.32186079
v 37.97140223 261.31382861 -4.55488157
v 36.50018031 263.5711986 -4.32186317
v 32.3499251 265.70308032 -11.7888422
v 33.91114527 265.70308032 -8.02490807
v 30.22250277 265.70308032 -15.26428223
v 28.74997622 267.69673266 -14.1944294
v 30.72828967 267.69673266 -10.96257877
v 32.18008715 267.69673266 -7.46245337
v 27.57456881 265.70308032 -18.36155128
v 24.47730071 265.70308032 -21.00948334
v 23.40744692 267.69673266 -19.53695679
v 26.28763491 267.69673266 -17.07461739
v 21.00185973 265.70308032 -23.13690376
v 17.23792464 265.70308032 -24.69812584
v 16.67547041 267.69673266 -22.96706772
v 20.1755963 267.69673266 -21.51527214
v 13.27517516 265.70308032 -25.64745712
v 9.21301749 265.70308032 -25.96914864
v 9.21301752 267.69673266 -24.14900398
v 12.99046451 267.69673266 -23.84986115
v 5.15085989 265.70308032 -25.64745522
v 1.18811041 265.70308032 -24.69812584
v 1.75056416 267.69673266 -22.96706772
v 5.43557054 267.69673266 -23.84986115
v -2.57582277 265.70308032 -23.13690186
v -6.05126184 265.70308032 -21.00948143
v -4.98140901 267.69673266 -19.53695107
v -1.74955839 267.69673266 -21.51526833
v -9.14852995 265.70308032 -18.36154747
v -11.79645818 265.70308032 -15.26427841
v -10.32393163 267.69673266 -14.19442558
v -7.86159223 267.69673266 -17.07460976
v -13.92388242 265.70308032 -11.78883743
v -15.48510259 265.70308032 -8.0249052
v -13.75404638 267.69673266 -7.46245098
v -12.30224889 267.69673266 -10.96257496
v -16.43443197 265.70308032 -4.06215668
v -16.75612157 265.70308032 0
v -14.93598074 267.69673266 0
v -14.6368379 267.69673266 -3.77744555
v -16.43443197 265.70308032 4.06215668
v -15.48510259 265.70308032 8.0249052
v -13.75404638 267.69673266 7.46245098
v -14.6368379 267.69673266 3.77744555
v -13.92388242 265.70308032 11.78883743
v -11.79645818 265.70308032 15.2642765
v -10.32393163 267.69673266 14.19442368
v -12.30224889 267.69673266 10.96257401
v -9.14852804 265.70308032 18.36154366
v -6.05125898 265.70308032 21.0094738
v -4.98140615 267.69673266 19.53694725
v -7.86159032 267.69673266 17.07460785
v -2.57581991 265.70308032 23.13689613
v 1.18811232 265.70308032 24.69811821
v 1.75056654 267.69673266 22.96706009
v -1.74955648 267.69673266 21.5152626
v 5.15086037 265.70308032 25.64744568
v 9.21301665 265.70308032 25.96913528
v 9.21301667 267.69673266 24.14899445
v 5.43557173 267.69673266 23.84985161
v 13.27517229 265.70308032 25.64744568
v 17.23792082 265.70308032 24.69811821
v 16.67546565 267.69673266 22.96706009
v 12.99046189 267.69673266 23.84985161
v 21.0018521 265.70308032 23.13689423
v 24.47729117 265.70308032 21.00947189
v 23.40743834 267.69673266 19.53694725
v 20.17558867 267.69673266 21.5152626
v 27.57455927 265.70308032 18.36154175
v 30.22248942 265.70308032 15.26427555
v 28.74996287 267.69673266 14.19442177
v 26.28762347 267.69673266 17.07460785
v 32.34991175 265.70308032 11.78883553
v 33.91113383 265.70308032 8.02490425
v 32.18007761 267.69673266 7.4624486
v 30.72827631 267.69673266 10.9625721
v 34.86045939 265.70308032 4.0621562
v 35.18215472 265.70308032 -5.2E-07
v 33.36201197 267.69673266 -5.1E-07
v 33.06286913 267.69673266 3.77744508
v 34.86047083 265.70308032 -4.06215811
v 33.06287295 267.69673266 -3.77744722
v 28.97380358 269.53941455 -10.06862259
v 30.30721003 269.53941455 -6.85391951
v 27.15681178 269.53941455 -13.03693008
v 25.45318896 271.22027697 -11.79917622
v 27.09767062 271.22027697 -9.11268711
v 28.30448443 271.22027697 -6.20319414
v 24.89526564 269.53941455 -15.68224621
v 22.24994856 269.53941455 -17.94379234
v 21.01219469 271.22027697 -16.24017143
v 23.40635878 271.22027697 -14.19333935
v 19.28164011 269.53941455 -19.76078224
v 16.06693608 269.53941455 -21.0941925
v 15.41621119 271.22027697 -19.091465
v 18.32570368 271.22027697 -17.88465118
v 12.68242794 269.53941455 -21.90499687
v 9.21301749 269.53941455 -22.17974663
v 9.21301752 271.22027697 -20.07395363
v 12.3530348 271.22027697 -19.82528687
v 5.74360711 269.53941455 -21.90499496
v 2.35909945 269.53941455 -21.0941925
v 3.00982481 271.22027697 -19.09146309
v 6.07300025 271.22027697 -19.82528687
v -0.85560411 269.53941455 -19.76077843
v -3.8239097 269.53941455 -17.94379044
v -2.58615583 271.22027697 -16.24016571
v 0.10033328 271.22027697 -17.88464928
v -6.46922582 269.53941455 -15.68224239
v -8.7307691 269.53941455 -13.03692532
v -7.02714819 271.22027697 -11.79917049
v -4.98031992 271.22027697 -14.19333744
v -10.5477609 269.53941455 -10.06861877
v -11.88117117 269.53941455 -6.85391712
v -9.87844366 271.22027697 -6.20319033
v -8.67162984 271.22027697 -9.11268234
v -12.69197172 269.53941455 -3.46940947
v -12.96672529 269.53941455 0
v -10.86093229 271.22027697 0
v -10.61226553 271.22027697 -3.14001632
v -12.69197362 269.53941455 3.46940947
v -11.88117117 269.53941455 6.85391665
v -9.87844366 271.22027697 6.20319033
v -10.61226553 271.22027697 3.14001632
v -10.5477609 269.53941455 10.06861782
v -8.730771 269.53941455 13.03692436
v -7.02714819 271.22027697 11.79917049
v -8.67162984 271.22027697 9.11268139
v -6.46922391 269.53941455 15.68224144
v -3.82390684 269.53941455 17.94378662
v -2.58615202 271.22027697 16.24016571
v -4.98031801 271.22027697 14.19333553
v -0.8556003 269.53941455 19.76077461
v 2.35910088 269.53941455 21.09418488
v 3.0098272 271.22027697 19.09146118
v 0.10033614 271.22027697 17.88464546
v 5.74360782 269.53941455 21.90498734
v 9.21301678 269.53941455 22.179739
v 9.21301689 271.22027697 20.073946
v 6.07300073 271.22027697 19.82528114
v 12.6824258 269.53941455 21.90498734
v 16.06693179 269.53941455 21.09418488
v 15.41620642 271.22027697 19.09145927
v 12.35303265 271.22027697 19.82528114
v 19.28163439 269.53941455 19.76077461
v 22.24993903 269.53941455 17.94378662
v 21.01218611 271.22027697 16.2401638
v 18.32569796 271.22027697 17.88464546
v 24.89525515 269.53941455 15.68223953
v 27.15680033 269.53941455 13.03692341
v 25.45317942 271.22027697 11.79916859
v 23.40635115 271.22027697 14.19333553
v 28.97379023 269.53941455 10.06861687
v 30.30719859 269.53941455 6.85391521
v 28.30447489 271.22027697 6.20318985
v 27.09766108 271.22027697 9.11268044
v 31.11800295 269.53941455 3.46940899
v 31.39275652 269.53941455 -4.8E-07
v 29.28696352 271.22027697 -4.3E-07
v 29.03829676 271.22027697 3.1400156
v 31.11801058 269.53941455 -3.46941113
v 29.03830439 271.22027697 -3.14001751
v 25.11110598 272.72839465 -8.10048008
v 26.18386752 272.72839465 -5.51416397
v 23.64928824 272.72839465 -10.48856258
v 21.75651843 274.0550548 -9.1133852
v 23.02667433 274.0550548 -7.03840876
v 23.95878607 274.0550548 -4.79119015
v 21.82981211 272.72839465 -12.61679268
v 19.70158106 272.72839465 -14.43626881
v 18.32640273 274.0550548 -12.54349709
v 20.17559725 274.0550548 -10.96257973
v 17.3134976 272.72839465 -15.89808559
v 14.72718102 272.72839465 -16.97084999
v 14.00420767 274.0550548 -14.74576664
v 16.25142628 274.0550548 -13.81365395
v 12.0042525 272.72839465 -17.62316322
v 9.21301752 272.72839465 -17.84420776
v 9.21301752 274.0550548 -15.50461483
v 11.63828784 274.0550548 -15.31255245
v 6.42178255 272.72839465 -17.62316322
v 3.69885403 272.72839465 -16.97084999
v 4.42182785 274.0550548 -14.74576569
v 6.78774721 274.0550548 -15.31255245
v 1.11253935 272.72839465 -15.89808369
v -1.27554315 272.72839465 -14.43626404
v 0.09963423 274.0550548 -12.54349422
v 2.17460972 274.0550548 -13.81365204
v -3.40377325 272.72839465 -12.61679077
v -5.22324651 272.72839465 -10.48856068
v -3.3304767 274.0550548 -9.11338234
v -1.74955839 274.0550548 -10.96257591
v -6.68506521 272.72839465 -8.10047722
v -7.75782865 272.72839465 -5.51416206
v -5.5327453 274.0550548 -4.79118872
v -4.60063356 274.0550548 -7.03840637
v -8.41014188 272.72839465 -2.79123402
v -8.63118642 272.72839465 0
v -6.29159349 274.0550548 0
v -6.09953302 274.0550548 -2.42526937
v -8.41014379 272.72839465 2.79123402
v -7.75782865 272.72839465 5.51416206
v -5.53274435 274.0550548 4.79118872
v -6.09953302 274.0550548 2.42526937
v -6.6850633 272.72839465 8.10047626
v -5.22324651 272.72839465 10.48855972
v -3.33047575 274.0550548 9.11338234
v -4.60063356 274.0550548 7.03840637
v -3.40377229 272.72839465 12.61678886
v -1.2755422 272.72839465 14.43626404
v 0.09963614 274.0550548 12.54349327
v -1.74955743 274.0550548 10.96257496
v 1.11254126 272.72839465 15.89807987
v 3.69885546 272.72839465 16.97084427
v 4.42182881 274.0550548 14.74576092
v 2.17461163 274.0550548 13.81365013
v 6.42178327 272.72839465 17.6231575
v 9.21301691 272.72839465 17.84420204
v 9.21301706 274.0550548 15.50461006
v 6.78774792 274.0550548 15.31254959
v 12.00425083 272.72839465 17.6231575
v 14.7271772 272.72839465 16.97084427
v 14.00420529 274.0550548 14.74575996
v 11.63828641 274.0550548 15.31254864
v 17.31349188 272.72839465 15.89807987
v 19.70157439 272.72839465 14.43626213
v 18.326397 274.0550548 12.54349136
v 16.25142151 274.0550548 13.81364822
v 21.82980353 272.72839465 12.61678696
v 23.6492787 272.72839465 10.48855877
v 21.75650889 274.0550548 9.11338139
v 20.17558962 274.0550548 10.96257401
v 25.11109454 272.72839465 8.10047626
v 26.18385989 272.72839465 5.51416111
v 23.95877654 274.0550548 4.79118776
v 23.02666575 274.0550548 7.03840494
v 26.83617312 272.72839465 2.79123378
v 27.05721957 272.72839465 -3.6E-07
v 24.71762663 274.0550548 -3.6E-07
v 24.52556425 274.0550548 2.42526913
v 26.83617884 272.72839465 -2.79123521
v 24.52556902 274.0550548 -2.42527032
v 20.85694415 275.19146838 -5.93287611
v 21.64264685 275.19148364 -4.03863192
v 19.78629404 275.19148364 -7.68193436
v 17.75098235 276.13127246 -6.20319414
v 18.6155377 276.13127246 -4.79082298
v 19.24999529 276.13127246 -3.26121211
v 18.45369154 275.19146838 -9.24067116
v 16.89495236 275.19148364 -10.57327557
v 15.41621167 276.13127246 -8.53796291
v 16.67489916 276.13127246 -7.46188116
v 15.14589459 275.19146838 -11.64392471
v 13.25164896 275.19148364 -12.42962933
v 12.47422892 276.13127246 -10.03697777
v 14.00384003 276.13127246 -9.40251827
v 11.25734741 275.19146838 -12.90739059
v 9.21301752 275.19148364 -13.06928539
v 9.21301752 276.13127246 -10.55350399
v 10.8638224 276.13127246 -10.4227705
v 7.16868764 275.19146838 -12.90738964
v 5.17438609 275.19148364 -12.42962837
v 5.95180589 276.13127246 -10.03697681
v 7.56221265 276.13127246 -10.42277145
v 3.28014189 275.19146838 -11.64392376
v 1.5310846 275.19148364 -10.57327271
v 3.00982577 276.13127246 -8.53796005
v 4.42219502 276.13127246 -9.40251637
v -0.02765173 275.19146838 -9.24066925
v -1.36025518 275.19148364 -7.68193102
v 0.67505747 276.13127246 -6.20319176
v 1.75113779 276.13127246 -7.46187925
v -2.43090528 275.19146838 -5.93287468
v -3.21660894 275.19148364 -4.03863001
v -0.82395738 276.13127246 -3.26121092
v -0.18949789 276.13127246 -4.79082155
v -3.69437021 275.19146838 -2.04432917
v -3.85626596 275.19148364 -2E-08
v -1.34048074 276.13127246 0
v -1.20975107 276.13127246 -1.6508044
v -3.69437116 275.19146838 2.04432917
v -3.21660894 275.19148364 4.03863001
v -0.82395738 276.13127246 3.26121092
v -1.20975107 276.13127246 1.6508044
v -2.43090528 275.19146838 5.93287468
v -1.36025423 275.19148364 7.68193102
v 0.67505747 276.13127246 6.20319128
v -0.18949789 276.13127246 4.79082155
v -0.02765077 275.19146838 9.2406683
v 1.53108651 275.19148364 10.57327175
v 3.00982624 276.13127246 8.53796005
v 1.75113875 276.13127246 7.46187878
v 3.28014285 275.19146838 11.6439209
v 5.17438752 275.19148364 12.42962551
v 5.95180661 276.13127246 10.03697395
v 4.42219597 276.13127246 9.40251541
v 7.16868812 275.19146838 12.90738487
v 9.21301712 275.19148364 13.06928062
v 9.21301718 276.13127246 10.55349827
v 7.56221301 276.13127246 10.42276764
v 11.25734598 275.19146838 12.90738487
v 13.25164658 275.19148364 12.42962456
v 12.47422725 276.13127246 10.036973
v 10.86382133 276.13127246 10.42276764
v 15.1458903 275.19146838 11.6439209
v 16.89494616 275.19148364 10.57326984
v 15.4162069 276.13127246 8.53795815
v 14.00383669 276.13127246 9.4025135
v 18.45368391 275.19146838 9.24066734
v 19.78628642 275.19148364 7.68192959
v 17.75097472 276.13127246 6.2031908
v 16.67489392 276.13127246 7.46187735
v 20.85693747 275.19146838 5.93287325
v 21.64264208 275.19148364 4.03862906
v 19.24999052 276.13127246 3.26120996
v 18.61553103 276.13127246 4.79082012
v 22.12040144 275.19146838 2.04432893
v 22.2822972 275.19148364 -2.9E-07
v 19.76651579 276.13127246 -2.4E-07
v 19.63578421 276.13127246 1.65080404
v 22.12040526 275.19146838 -2.04433012
v 19.63578707 276.13127246 -1.650805
v 16.31607014 276.86801257 -3.61918616
v 16.7953673 276.86801257 -2.46365476
v 15.6629501 276.86801257 -4.68615007
v 13.62441832 277.38891711 -3.20507002
v 14.17181927 277.38002123 -2.52663541
v 14.39892918 277.38891711 -1.68500495
v 14.85003287 276.86801257 -5.63701439
v 13.89916808 276.86801257 -6.4499321
v 12.41808707 277.38891711 -4.41140079
v 13.14834482 277.38002123 -3.93532705
v 12.83220345 276.86801257 -7.10305166
v 11.67667228 276.86801257 -7.58234978
v 10.89802236 277.38891711 -5.18591166
v 11.73965293 277.38002123 -4.95880079
v 10.46010393 276.86801257 -7.87379408
v 9.21301752 276.86801257 -7.97255373
v 9.21301754 277.38891711 -5.45279074
v 10.0836367 277.38002123 -5.49687338
v 7.96593112 276.86801257 -7.8737936
v 6.74936277 276.86801257 -7.58234882
v 7.52801281 277.38891711 -5.18591118
v 8.34239835 277.38002123 -5.49687338
v 5.59383208 276.86801257 -7.10305119
v 4.52686936 276.86801257 -6.44992971
v 6.00794822 277.38891711 -4.41139936
v 6.68638235 277.38002123 -4.95880032
v 3.57600409 276.86801257 -5.63701296
v 2.76308829 276.86801257 -4.68614817
v 4.80161864 277.38891711 -3.20506883
v 5.27769166 277.38002123 -3.93532586
v 2.10996682 276.86801257 -3.61918497
v 1.63067109 276.86801257 -2.4636538
v 4.0271073 277.38891711 -1.68500435
v 4.25421816 277.38002123 -2.52663469
v 1.33922535 276.86801257 -1.24708617
v 1.24046713 276.86801257 -1E-08
v 3.76022917 277.38891711 0
v 3.71614605 277.38002123 -0.870619
v 1.33922535 276.86801257 1.24708617
v 1.63067109 276.86801257 2.4636538
v 4.0271073 277.38891711 1.68500435
v 3.71614605 277.38002123 0.870619
v 2.10996682 276.86801257 3.61918473
v 2.76308829 276.86801257 4.68614769
v 4.80161864 277.38891711 3.20506859
v 4.25421816 277.38002123 2.52663445
v 3.57600504 276.86801257 5.63701248
v 4.52686984 276.86801257 6.44992924
v 6.00794894 277.38891711 4.41139841
v 5.27769214 277.38002123 3.93532538
v 5.59383279 276.86801257 7.10304976
v 6.74936372 276.86801257 7.58234596
v 7.52801317 277.38891711 5.18590927
v 6.68638307 277.38002123 4.95879936
v 7.96593124 276.86801257 7.87379074
v 9.21301726 276.86801257 7.97254992
v 9.21301735 277.38891711 5.45278788
v 8.34239847 277.38002123 5.49687099
v 10.46010322 276.86801257 7.87379026
v 11.67667061 276.86801257 7.58234549
v 10.8980214 277.38891711 5.18590879
v 10.08363617 277.38002123 5.49687052
v 12.83220154 276.86801257 7.10304928
v 13.89916426 276.86801257 6.44992828
v 12.41808587 277.38891711 4.41139793
v 11.7396515 277.38002123 4.95879889
v 14.85002953 276.86801257 5.63701105
v 15.66294581 276.86801257 4.68614674
v 13.62441546 277.38891711 3.20506835
v 13.14834243 277.38002123 3.93532491
v 16.31606633 276.86801257 3.61918449
v 16.79536301 276.86801257 2.46365333
v 14.3989268 277.38891711 1.685004
v 14.17181641 277.38002123 2.52663422
v 17.08680731 276.86801257 1.24708593
v 17.18556792 276.86801257 -1.8E-07
v 14.66580588 277.38891711 -1.3E-07
v 14.70988804 277.38002123 0.87061876
v 17.08681017 276.86801257 -1.24708664
v 14.70988947 277.38002123 -0.8706193
v 11.41939312 177.07324328 -1.24533522
v 10.9138009 177.04725756 -1.40841389
v 11.88460094 177.34177508 -2.10585952
v 12.25542456 177.34827532 -1.66578698
v 12.39348656 177.34177508 -1.10711634
v 11.25414688 177.04725756 -0.74044746
v 8.9752858 176.89137377 -5.8E-07
v 10.91494042 177.07324328 -1.93965459
v 10.38369972 177.04725756 -1.93851531
v 11.09199387 177.34177508 -2.89846683
v 11.58065778 177.34827532 -2.59452367
v 10.22062093 177.07324328 -2.44410729
v 9.71573275 177.04725756 -2.27886128
v 10.09325016 177.34177508 -3.40735173
v 10.65192121 177.34827532 -3.26929021
v 9.40439902 177.07324328 -2.70931363
v 8.97528589 177.04725756 -2.39613628
v 8.98613443 177.34177508 -3.58270168
v 9.56012529 177.34827532 -3.62403584
v 8.54617292 177.07324328 -2.70931339
v 8.23483926 177.04725756 -2.27886081
v 7.87901896 177.34177508 -3.40735126
v 8.41214359 177.34827532 -3.6240356
v 7.72995168 177.07324328 -2.44410682
v 7.56687302 177.04725756 -1.93851471
v 6.88027626 177.34177508 -2.89846563
v 7.32034868 177.34827532 -3.26928926
v 7.03563219 177.07324328 -1.93965399
v 7.03677184 177.04725756 -1.40841353
v 6.08766967 177.34177508 -2.10585856
v 6.39161235 177.34827532 -2.59452224
v 6.53117973 177.07324328 -1.24533486
v 6.69642598 177.04725756 -0.74044734
v 5.57878477 177.34177508 -1.10711622
v 5.71684605 177.34827532 -1.66578639
v 6.26597363 177.07324328 -0.42911369
v 6.57915098 177.04725756 -5.6E-07
v 5.40343553 177.34177508 -5.7E-07
v 5.36210066 177.34827532 -0.57399148
v 6.26597363 177.07324328 0.42911246
v 6.69642621 177.04725756 0.74044603
v 5.578785 177.34177508 1.10711467
v 5.36210066 177.34827532 0.57399017
v 6.53117973 177.07324328 1.24533379
v 7.03677184 177.04725756 1.40841234
v 6.08766967 177.34177508 2.10585785
v 5.71684605 177.34827532 1.66578519
v 7.03563243 177.07324328 1.93965328
v 7.56687313 177.04725756 1.93851388
v 6.88027674 177.34177508 2.89846539
v 6.39161235 177.34827532 2.59452176
v 7.72995192 177.07324328 2.44410563
v 8.23483956 177.04725756 2.27885938
v 7.87901944 177.34177508 3.40734935
v 7.32034904 177.34827532 3.26928806
v 8.54617304 177.07324328 2.70931149
v 8.97528583 177.04725756 2.3961339
v 8.98613432 177.34177508 3.58269906
v 8.41214377 177.34827532 3.62403297
v 9.40439876 177.07324328 2.70931125
v 9.71573234 177.04725756 2.27885914
v 10.09324956 177.34177508 3.40734887
v 9.56012497 177.34827532 3.62403297
v 10.22062022 177.07324328 2.44410539
v 10.38369888 177.04725756 1.9385134
v 11.09199292 177.34177508 2.89846492
v 10.65192038 177.34827532 3.26928782
v 10.91493946 177.07324328 1.9396528
v 10.91379994 177.04725756 1.40841198
v 11.88459975 177.34177508 2.10585737
v 11.58065659 177.34827532 2.59452128
v 11.41939193 177.07324328 1.24533331
v 11.25414568 177.04725756 0.74044567
v 12.39348442 177.34177508 1.1071142
v 12.25542313 177.34827532 1.66578472
v 11.68459803 177.07324328 0.4291122
v 11.37142092 177.04725756 -6.4E-07
v 12.56883389 177.34177508 -6.8E-07
v 12.61016852 177.34827532 0.57398993
v 11.68459851 177.07324328 -0.42911378
v 12.61016923 177.34827532 -0.57399166
v 12.39605576 277.64556994 -1.62183893
v 12.18085033 277.68115344 -0.96430743
v 11.73760683 277.68115344 -1.83422172
v 9.21301752 277.89465441 -5E-08
v 11.73909098 277.64556994 -2.52607346
v 11.04723901 277.68115344 -2.5245893
v 10.83485645 277.64556994 -3.183038
v 10.17732483 277.68115344 -2.9678328
v 9.77186507 277.64556994 -3.52842474
v 9.21301752 277.68115344 -3.12056422
v 8.65416998 277.64556994 -3.5284245
v 8.24871022 277.68115344 -2.96783233
v 7.59117884 277.64556994 -3.18303752
v 7.3787964 277.68115344 -2.52458882
v 6.68694502 277.64556994 -2.5260725
v 6.68842894 277.68115344 -1.83422101
v 6.02998048 277.64556994 -1.62183845
v 6.24518591 277.68115344 -0.96430701
v 5.68459374 277.64556994 -0.55884743
v 6.09245449 277.68115344 0
v 5.68459374 277.64556994 0.55884743
v 6.24518591 277.68115344 0.96430701
v 6.02998048 277.64556994 1.62183845
v 6.68842918 277.68115344 1.83422089
v 6.68694502 277.64556994 2.5260725
v 7.37879664 277.68115344 2.52458835
v 7.59117907 277.64556994 3.18303704
v 8.24871051 277.68115344 2.96783137
v 8.65417004 277.64556994 3.52842331
v 9.21301741 277.68115344 3.12056231
v 9.77186471 277.64556994 3.52842307
v 10.1773243 277.68115344 2.96783113
v 10.83485538 277.64556994 3.18303633
v 11.04723817 277.68115344 2.52458835
v 11.73908955 277.64556994 2.52607203
v 11.73760587 277.68115344 1.83422065
v 12.39605385 277.64556994 1.62183821
v 12.1808489 277.68115344 0.96430683
v 12.7414406 277.64556994 0.55884731
v 12.33358032 277.68115344 -8E-08
v 12.74144155 277.64556994 -0.55884761
v 12.31941134 177.96556201 -1.6818074
v 12.0159114 177.96556201 -2.1776166
v 11.67417246 178.89966693 -1.89197528
v 11.93786198 178.89967456 -1.46120226
v 12.54213625 177.96556201 -1.14484131
v 12.1313718 178.89967456 -0.99467081
v 11.63815552 177.96556201 -2.61947584
v 11.19629651 177.96556201 -2.99723196
v 10.96206838 178.89966693 -2.60407972
v 11.34596807 178.89967456 -2.27587485
v 10.70048696 177.96556201 -3.30073166
v 10.16352046 177.96556201 -3.52345705
v 10.06476313 178.89966693 -3.06127882
v 10.531295 178.89967456 -2.86776924
v 9.59819094 177.96556201 -3.65888906
v 9.01867984 177.96556201 -3.70478177
v 9.07009316 178.89966693 -3.21881866
v 9.57358879 178.89967456 -3.17894626
v 8.43916887 177.96556201 -3.65888858
v 7.87383944 177.96556201 -3.5234561
v 8.07542342 178.89966693 -3.06127858
v 8.56659758 178.89967456 -3.17894602
v 7.33687383 177.96556201 -3.30073118
v 6.84106451 177.96556201 -2.99723077
v 7.17811948 178.89966693 -2.60407901
v 7.60889214 178.89967456 -2.86776829
v 6.39920575 177.96556201 -2.61947489
v 6.02144939 177.96556201 -2.17761564
v 6.46601516 178.89966693 -1.89197445
v 6.79421979 178.89967456 -2.27587414
v 5.71795017 177.96556201 -1.6818068
v 5.49522501 177.96556201 -1.14484107
v 6.00881559 178.89966693 -0.99467057
v 6.20232564 178.89967456 -1.46120191
v 5.35979301 177.96556201 -0.57951176
v 5.31389982 177.96556201 -6.3E-07
v 5.85127622 178.89966693 -7.2E-07
v 5.89114887 178.89967456 -0.50349641
v 5.35979301 177.96556201 0.57951033
v 5.49522525 177.96556201 1.14483964
v 6.00881559 178.89966693 0.9946689
v 5.89114887 178.89967456 0.5034948
v 5.71795017 177.96556201 1.68180537
v 6.02144939 177.96556201 2.17761469
v 6.46601492 178.89966693 1.89197361
v 6.20232612 178.89967456 1.46120024
v 6.39920598 177.96556201 2.61947417
v 6.84106475 177.96556201 2.99722981
v 7.17811972 178.89966693 2.60407805
v 6.79421979 178.89967456 2.27587318
v 7.33687407 177.96556201 3.30072927
v 7.8738398 177.96556201 3.52345419
v 8.07542366 178.89966693 3.06127644
v 7.6088925 178.89967456 2.86776662
v 8.43916905 177.96556201 3.65888619
v 9.01867977 177.96556201 3.70477819
v 9.07009308 178.89966693 3.21881604
v 8.56659758 178.89967456 3.1789434
v 9.59819061 177.96556201 3.65888572
v 10.16351992 177.96556201 3.52345419
v 10.06476259 178.89966693 3.06127596
v 9.57358852 178.89967456 3.1789434
v 10.70048601 177.96556201 3.30072904
v 11.19629532 177.96556201 2.99722934
v 10.96206743 178.89966693 2.60407758
v 10.53129405 178.89967456 2.86776662
v 11.63815433 177.96556201 2.61947346
v 12.01591021 177.96556201 2.17761421
v 11.67417175 178.89966693 1.89197302
v 11.34596688 178.89967456 2.27587271
v 12.31940991 177.96556201 1.6818049
v 12.54213506 177.96556201 1.14483905
v 12.13137061 178.89966693 0.99466848
v 11.93786055 178.89967456 1.46119988
v 12.67756707 177.96556201 0.57950997
v 12.72345954 177.96556201 -7.1E-07
v 12.28891045 178.89966693 -7.8E-07
v 12.24903733 178.89967456 0.50349462
v 12.67756778 177.96556201 -0.57951182
v 12.24903876 178.89967456 -0.50349647
v 11.68682486 180.12519183 -0.40376735
v 11.59246522 180.12519183 -0.79765314
v 11.71879941 180.12519183 -8.6E-07
v 11.68682438 180.12519183 0.40376538
v 11.59246403 180.12519183 0.79765069
v 11.43728382 180.12519183 1.17177474
v 11.22582489 180.12519183 1.51722324
v 10.96262878 180.12519183 1.82508266
v 10.6547696 180.12519183 2.08827877
v 10.30932099 180.12519183 2.29973745
v 9.935197 180.12519183 2.45491791
v 9.54131156 180.12519183 2.54927778
v 9.13754528 180.12519183 2.58125305
v 8.73377893 180.12519183 2.54927802
v 8.3398934 180.12519183 2.45491767
v 7.96576971 180.12519183 2.29973745
v 7.62032157 180.12519183 2.08827877
v 7.31246227 180.12519183 1.8250829
v 7.04926616 180.12519183 1.5172236
v 6.83780724 180.12519183 1.1717751
v 6.68262655 180.12519183 0.79765099
v 6.5882662 180.12519183 0.40376547
v 6.55629093 180.12519183 -8.3E-07
v 6.5882662 180.12519183 -0.40376735
v 6.68262655 180.12519183 -0.79765302
v 6.83780724 180.12519183 -1.17177677
v 7.04926592 180.12519183 -1.51722491
v 7.31246215 180.12519183 -1.82508397
v 7.62032098 180.12519183 -2.0882802
v 7.96576947 180.12519183 -2.29973936
v 8.3398934 180.12519183 -2.45492005
v 8.73377887 180.12519183 -2.54928064
v 9.13754535 180.12519183 -2.58125591
v 9.54131174 180.12519183 -2.54928064
v 9.93519747 180.12519183 -2.45492053
v 10.30932182 180.12519183 -2.29974008
v 10.65477067 180.12519183 -2.08828092
v 10.96262974 180.12519183 -1.82508469
v 11.22582561 180.12519183 -1.51722538
v 11.43728453 180.12519183 -1.17177701
v 9.52203447 189.51583972 -0.95105672
v 10.02203459 189.51583972 -0.58778542
v 10.02203459 -0.46945463 -0.58778542
v 9.52203447 -0.46945463 -0.95105672
v 8.90400037 189.51583972 -0.9510566
v 8.90400037 -0.46945463 -0.9510566
v 8.40400034 189.51583972 -0.58778524
v 8.40400034 -0.46945463 -0.58778524
v 8.21301741 189.51583972 6E-08
v 8.21301741 -0.46945463 6E-08
v 8.40400046 189.51583972 0.58778536
v 8.40400046 -0.46945463 0.58778536
v 8.90400055 189.51583972 0.9510566
v 8.90400055 -0.46945463 0.9510566
v 9.52203456 189.51583972 0.95105654
v 9.52203456 -0.46945463 0.95105654
v 10.02203453 189.51583972 0.58778524
v 10.02203453 -0.46945463 0.58778524
v 10.21301752 189.51583972 0
v 10.21301752 -0.46945463 0
vn 0.33275 -0.92765 -0.16952
vn 0.3551 -0.92768 -0.11537
vn 0.53568 -0.82632 -0.17391
vn 0.50245 -0.8259 -0.25579
vn 0.30216 -0.92764 -0.2195
vn 0.45672 -0.82553 -0.33152
vn 0.39411 -0.87332 -0.28634
vn 0.43404 -0.87333 -0.22115
vn 0.46331 -0.87332 -0.15054
vn 0.26418 -0.9276 -0.26414
vn 0.39995 -0.82488 -0.39952
vn 0.21964 -0.92758 -0.30225
vn 0.33307 -0.82429 -0.45783
vn 0.28634 -0.87332 -0.39412
vn 0.34446 -0.87333 -0.34446
vn 0.16971 -0.92753 -0.333
vn 0.25793 -0.82345 -0.50538
vn 0.11555 -0.9275 -0.35551
vn 0.17606 -0.82271 -0.54051
vn 0.15054 -0.87332 -0.46331
vn 0.22115 -0.87333 -0.43404
vn 0.05853 -0.92745 -0.36934
vn 0.08956 -0.82175 -0.56276
vn 4E-05 -0.92742 -0.37403
vn 0.00044 -0.82093 -0.57102
vn -0 -0.87332 -0.48715
vn 0.0762 -0.87333 -0.48114
vn -0.05849 -0.92736 -0.36956
vn -0.08913 -0.81994 -0.56547
vn -0.11561 -0.92733 -0.35593
vn -0.17685 -0.81913 -0.54566
vn -0.15054 -0.87332 -0.46331
vn -0.0762 -0.87333 -0.48114
vn -0.16993 -0.92728 -0.33358
vn -0.26067 -0.81819 -0.51246
vn -0.22006 -0.92726 -0.30294
vn -0.33825 -0.81748 -0.46617
vn -0.28634 -0.87332 -0.39411
vn -0.22115 -0.87333 -0.43404
vn -0.26482 -0.92721 -0.26486
vn -0.40784 -0.81668 -0.40829
vn -0.30303 -0.92719 -0.22019
vn -0.46732 -0.81615 -0.33986
vn -0.39411 -0.87332 -0.28634
vn -0.34446 -0.87333 -0.34446
vn -0.33383 -0.92716 -0.17011
vn -0.5155 -0.81557 -0.26288
vn -0.35634 -0.92715 -0.1158
vn -0.55066 -0.8153 -0.17907
vn -0.46331 -0.87332 -0.15054
vn -0.43404 -0.87333 -0.22115
vn -0.37012 -0.92713 -0.05863
vn -0.57234 -0.81498 -0.09073
vn -0.37471 -0.92714 0
vn -0.57946 -0.815 -0
vn -0.48715 -0.87332 0
vn -0.48114 -0.87333 -0.0762
vn -0.37012 -0.92713 0.05863
vn -0.57234 -0.81498 0.09073
vn -0.35634 -0.92715 0.1158
vn -0.55066 -0.8153 0.17907
vn -0.46331 -0.87332 0.15054
vn -0.48114 -0.87333 0.0762
vn -0.33382 -0.92716 0.17011
vn -0.5155 -0.81557 0.26288
vn -0.30303 -0.92719 0.22019
vn -0.46732 -0.81616 0.33986
vn -0.39411 -0.87332 0.28634
vn -0.43404 -0.87333 0.22115
vn -0.26482 -0.92721 0.26486
vn -0.40784 -0.81668 0.40829
vn -0.22006 -0.92726 0.30294
vn -0.33825 -0.81748 0.46617
vn -0.28634 -0.87332 0.39411
vn -0.34446 -0.87333 0.34445
vn -0.16993 -0.92728 0.33358
vn -0.26067 -0.81819 0.51246
vn -0.11561 -0.92733 0.35593
vn -0.17685 -0.81913 0.54566
vn -0.15054 -0.87332 0.46331
vn -0.22115 -0.87333 0.43404
vn -0.05849 -0.92736 0.36956
vn -0.08913 -0.81994 0.56547
vn 4E-05 -0.92742 0.37403
vn 0.00044 -0.82094 0.57102
vn 0 -0.87332 0.48715
vn -0.0762 -0.87333 0.48114
vn 0.05854 -0.92745 0.36934
vn 0.08957 -0.82175 0.56276
vn 0.11555 -0.9275 0.35551
vn 0.17606 -0.82271 0.54051
vn 0.15054 -0.87332 0.46331
vn 0.0762 -0.87333 0.48114
vn 0.16971 -0.92753 0.333
vn 0.25793 -0.82345 0.50537
vn 0.21964 -0.92758 0.30225
vn 0.33307 -0.82429 0.45783
vn 0.28634 -0.87332 0.39412
vn 0.22115 -0.87333 0.43404
vn 0.26418 -0.9276 0.26413
vn 0.39995 -0.82488 0.39952
vn 0.30216 -0.92764 0.2195
vn 0.45672 -0.82553 0.33152
vn 0.39411 -0.87332 0.28634
vn 0.34446 -0.87333 0.34446
vn 0.33275 -0.92765 0.16952
vn 0.50245 -0.8259 0.25579
vn 0.3551 -0.92768 0.11536
vn 0.53568 -0.82632 0.1739
vn 0.46331 -0.87332 0.15054
vn 0.43404 -0.87333 0.22115
vn 0.36878 -0.92768 0.0584
vn 0.55611 -0.82644 0.088
vn 0.37334 -0.92769 0
vn 0.5628 -0.82659 0
vn 0.48715 -0.87332 0
vn 0.48114 -0.87333 0.0762
vn 0.36878 -0.92768 -0.0584
vn 0.55611 -0.82644 -0.08801
vn 0.48114 -0.87333 -0.0762
vn 0.56614 -0.77219 -0.28846
vn 0.6043 -0.77219 -0.19635
vn 0.51404 -0.77219 -0.37348
vn 0.6168 -0.6471 -0.44813
vn 0.67931 -0.6471 -0.34612
vn 0.72509 -0.6471 -0.23559
vn 0.44929 -0.77219 -0.44929
vn 0.37348 -0.77219 -0.51404
vn 0.44813 -0.6471 -0.6168
vn 0.5391 -0.6471 -0.5391
vn 0.28846 -0.77219 -0.56614
vn 0.19635 -0.77219 -0.6043
vn 0.2356 -0.6471 -0.72509
vn 0.34612 -0.6471 -0.67931
vn 0.0994 -0.77219 -0.62757
vn -0 -0.77219 -0.63539
vn -0 -0.6471 -0.7624
vn 0.11927 -0.6471 -0.75302
vn -0.0994 -0.77219 -0.62757
vn -0.19635 -0.77219 -0.6043
vn -0.2356 -0.6471 -0.72509
vn -0.11927 -0.6471 -0.75302
vn -0.28846 -0.77219 -0.56614
vn -0.37348 -0.77219 -0.51404
vn -0.44813 -0.6471 -0.6168
vn -0.34612 -0.6471 -0.67931
vn -0.44929 -0.77219 -0.44929
vn -0.51404 -0.77219 -0.37348
vn -0.6168 -0.6471 -0.44813
vn -0.5391 -0.6471 -0.5391
vn -0.56614 -0.77219 -0.28846
vn -0.6043 -0.77219 -0.19635
vn -0.72509 -0.6471 -0.2356
vn -0.67931 -0.6471 -0.34612
vn -0.62757 -0.77219 -0.0994
vn -0.63539 -0.77219 -0
vn -0.7624 -0.6471 -0
vn -0.75302 -0.6471 -0.11927
vn -0.62757 -0.77219 0.0994
vn -0.6043 -0.77219 0.19635
vn -0.72509 -0.6471 0.2356
vn -0.75302 -0.6471 0.11927
vn -0.56614 -0.77219 0.28846
vn -0.51404 -0.77219 0.37348
vn -0.6168 -0.6471 0.44813
vn -0.67931 -0.6471 0.34612
vn -0.44929 -0.77219 0.44929
vn -0.37348 -0.77219 0.51404
vn -0.44813 -0.6471 0.6168
vn -0.5391 -0.6471 0.5391
vn -0.28846 -0.77219 0.56614
vn -0.19635 -0.77219 0.6043
vn -0.2356 -0.6471 0.72509
vn -0.34612 -0.6471 0.67931
vn -0.0994 -0.77219 0.62757
vn 0 -0.77219 0.63539
vn 0 -0.6471 0.7624
vn -0.11927 -0.6471 0.75302
vn 0.0994 -0.77219 0.62757
vn 0.19635 -0.77219 0.6043
vn 0.2356 -0.6471 0.72509
vn 0.11927 -0.6471 0.75302
vn 0.28846 -0.77219 0.56614
vn 0.37348 -0.77219 0.51404
vn 0.44813 -0.6471 0.6168
vn 0.34612 -0.6471 0.67931
vn 0.44929 -0.77219 0.44929
vn 0.51404 -0.77219 0.37348
vn 0.6168 -0.6471 0.44813
vn 0.5391 -0.6471 0.5391
vn 0.56614 -0.77219 0.28846
vn 0.6043 -0.77219 0.19635
vn 0.72509 -0.6471 0.2356
vn 0.67931 -0.6471 0.34612
vn 0.62757 -0.77219 0.0994
vn 0.63539 -0.77219 0
vn 0.7624 -0.6471 0
vn 0.75302 -0.6471 0.11927
vn 0.62757 -0.77219 -0.0994
vn 0.75302 -0.6471 -0.11927
vn 0.75909 -0.52362 -0.38678
vn 0.81025 -0.52364 -0.26326
vn 0.68924 -0.52364 -0.50076
vn 0.71704 -0.46309 -0.52096
vn 0.78972 -0.46306 -0.40238
vn 0.84293 -0.46309 -0.27389
vn 0.60242 -0.52362 -0.60242
vn 0.50076 -0.52364 -0.68924
vn 0.52096 -0.46309 -0.71704
vn 0.62673 -0.46306 -0.62673
vn 0.38678 -0.52362 -0.75909
vn 0.26326 -0.52364 -0.81024
vn 0.27389 -0.46309 -0.84293
vn 0.40238 -0.46306 -0.78972
vn 0.13327 -0.52362 -0.84146
vn -0 -0.52364 -0.85194
vn -0 -0.46309 -0.88631
vn 0.13865 -0.46306 -0.87541
vn -0.13327 -0.52362 -0.84146
vn -0.26327 -0.52364 -0.81024
vn -0.27389 -0.46309 -0.84293
vn -0.13865 -0.46306 -0.87541
vn -0.38678 -0.52362 -0.75909
vn -0.50076 -0.52364 -0.68924
vn -0.52096 -0.46309 -0.71704
vn -0.40238 -0.46306 -0.78972
vn -0.60242 -0.52362 -0.60242
vn -0.68924 -0.52364 -0.50076
vn -0.71704 -0.46309 -0.52096
vn -0.62673 -0.46306 -0.62673
vn -0.75909 -0.52362 -0.38678
vn -0.81024 -0.52364 -0.26326
vn -0.84293 -0.46309 -0.27389
vn -0.78972 -0.46306 -0.40238
vn -0.84146 -0.52362 -0.13327
vn -0.85194 -0.52364 -0
vn -0.88631 -0.46309 0
vn -0.87541 -0.46306 -0.13865
vn -0.84146 -0.52362 0.13327
vn -0.81024 -0.52364 0.26327
vn -0.84293 -0.46309 0.27389
vn -0.87541 -0.46306 0.13865
vn -0.75909 -0.52362 0.38678
vn -0.68924 -0.52364 0.50076
vn -0.71704 -0.46309 0.52096
vn -0.78972 -0.46306 0.40238
vn -0.60242 -0.52362 0.60242
vn -0.50076 -0.52364 0.68924
vn -0.52096 -0.46309 0.71704
vn -0.62673 -0.46306 0.62673
vn -0.38678 -0.52362 0.75909
vn -0.26326 -0.52364 0.81024
vn -0.27389 -0.46309 0.84293
vn -0.40238 -0.46306 0.78972
vn -0.13327 -0.52362 0.84146
vn 0 -0.52364 0.85194
vn 0 -0.46309 0.88631
vn -0.13865 -0.46306 0.87541
vn 0.13327 -0.52362 0.84146
vn 0.26326 -0.52364 0.81024
vn 0.27389 -0.46309 0.84293
vn 0.13865 -0.46306 0.87541
vn 0.38678 -0.52362 0.75909
vn 0.50076 -0.52364 0.68924
vn 0.52096 -0.46309 0.71704
vn 0.40238 -0.46306 0.78972
vn 0.60242 -0.52362 0.60242
vn 0.68924 -0.52364 0.50076
vn 0.71704 -0.46309 0.52096
vn 0.62673 -0.46306 0.62673
vn 0.75909 -0.52362 0.38678
vn 0.81025 -0.52364 0.26326
vn 0.84293 -0.46309 0.27388
vn 0.78972 -0.46306 0.40238
vn 0.84146 -0.52362 0.13327
vn 0.85194 -0.52364 0
vn 0.88631 -0.46309 0
vn 0.87541 -0.46306 0.13865
vn 0.84146 -0.52362 -0.13327
vn 0.87541 -0.46306 -0.13865
vn 0.79787 -0.44513 -0.40653
vn 0.85163 -0.44516 -0.27671
vn 0.72444 -0.44516 -0.52633
vn 0.72699 -0.43874 -0.52819
vn 0.80068 -0.43871 -0.40797
vn 0.85463 -0.43874 -0.27769
vn 0.63319 -0.44513 -0.63319
vn 0.52633 -0.44516 -0.72444
vn 0.52819 -0.43874 -0.72699
vn 0.63543 -0.43871 -0.63543
vn 0.40653 -0.44513 -0.79787
vn 0.27671 -0.44516 -0.85163
vn 0.27769 -0.43874 -0.85463
vn 0.40797 -0.43871 -0.80068
vn 0.14008 -0.44513 -0.88444
vn -0 -0.44516 -0.89545
vn -0 -0.43874 -0.89862
vn 0.14058 -0.43871 -0.88756
vn -0.14008 -0.44513 -0.88444
vn -0.27671 -0.44516 -0.85163
vn -0.27769 -0.43874 -0.85463
vn -0.14058 -0.43871 -0.88756
vn -0.40653 -0.44513 -0.79787
vn -0.52633 -0.44516 -0.72444
vn -0.52819 -0.43874 -0.72699
vn -0.40797 -0.43871 -0.80068
vn -0.63319 -0.44513 -0.63319
vn -0.72444 -0.44516 -0.52633
vn -0.727 -0.43874 -0.52819
vn -0.63543 -0.43871 -0.63543
vn -0.79787 -0.44513 -0.40653
vn -0.85163 -0.44516 -0.27671
vn -0.85463 -0.43874 -0.27769
vn -0.80068 -0.43871 -0.40797
vn -0.88444 -0.44513 -0.14008
vn -0.89545 -0.44516 0
vn -0.89861 -0.43874 -0
vn -0.88756 -0.43871 -0.14058
vn -0.88444 -0.44513 0.14008
vn -0.85163 -0.44516 0.27671
vn -0.85463 -0.43874 0.27769
vn -0.88756 -0.43871 0.14058
vn -0.79787 -0.44513 0.40653
vn -0.72444 -0.44516 0.52633
vn -0.72699 -0.43874 0.52819
vn -0.80068 -0.43871 0.40797
vn -0.63319 -0.44513 0.63319
vn -0.52633 -0.44516 0.72444
vn -0.52819 -0.43874 0.72699
vn -0.63543 -0.43871 0.63543
vn -0.40653 -0.44513 0.79787
vn -0.27671 -0.44516 0.85163
vn -0.27769 -0.43874 0.85463
vn -0.40797 -0.43871 0.80068
vn -0.14008 -0.44513 0.88444
vn 0 -0.44516 0.89545
vn 0 -0.43874 0.89861
vn -0.14058 -0.43871 0.88756
vn 0.14008 -0.44513 0.88444
vn 0.27671 -0.44516 0.85163
vn 0.27769 -0.43874 0.85463
vn 0.14058 -0.43871 0.88756
vn 0.40653 -0.44513 0.79787
vn 0.52633 -0.44516 0.72444
vn 0.52819 -0.43874 0.72699
vn 0.40797 -0.43871 0.80068
vn 0.63319 -0.44513 0.63319
vn 0.72444 -0.44516 0.52633
vn 0.727 -0.43874 0.52819
vn 0.63543 -0.43871 0.63543
vn 0.79787 -0.44513 0.40653
vn 0.85163 -0.44516 0.27671
vn 0.85463 -0.43874 0.27769
vn 0.80068 -0.43871 0.40797
vn 0.88444 -0.44513 0.14008
vn 0.89545 -0.44516 0
vn 0.89862 -0.43874 0
vn 0.88756 -0.43871 0.14058
vn 0.88444 -0.44513 -0.14008
vn 0.88756 -0.43871 -0.14058
vn 0.80822 -0.42094 -0.41181
vn 0.86268 -0.42096 -0.2803
vn 0.73384 -0.42096 -0.53317
vn 0.74608 -0.38671 -0.54206
vn 0.8217 -0.38668 -0.41868
vn 0.87707 -0.38671 -0.28498
vn 0.64141 -0.42094 -0.64141
vn 0.53317 -0.42096 -0.73384
vn 0.54206 -0.38671 -0.74608
vn 0.6521 -0.38668 -0.6521
vn 0.41181 -0.42094 -0.80822
vn 0.2803 -0.42096 -0.86268
vn 0.28498 -0.38671 -0.87707
vn 0.41867 -0.38668 -0.8217
vn 0.1419 -0.42094 -0.89592
vn 0 -0.42096 -0.90708
vn 0 -0.38671 -0.9222
vn 0.14427 -0.38668 -0.91086
vn -0.1419 -0.42094 -0.89592
vn -0.2803 -0.42096 -0.86268
vn -0.28498 -0.38671 -0.87707
vn -0.14427 -0.38668 -0.91086
vn -0.41181 -0.42094 -0.80822
vn -0.53317 -0.42096 -0.73384
vn -0.54206 -0.38671 -0.74608
vn -0.41868 -0.38668 -0.8217
vn -0.64141 -0.42094 -0.64141
vn -0.73384 -0.42096 -0.53317
vn -0.74608 -0.38671 -0.54206
vn -0.6521 -0.38668 -0.6521
vn -0.80822 -0.42094 -0.41181
vn -0.86268 -0.42096 -0.2803
vn -0.87707 -0.38671 -0.28498
vn -0.8217 -0.38668 -0.41868
vn -0.89592 -0.42094 -0.1419
vn -0.90708 -0.42096 0
vn -0.9222 -0.38671 0
vn -0.91086 -0.38668 -0.14427
vn -0.89592 -0.42094 0.1419
vn -0.86268 -0.42096 0.2803
vn -0.87707 -0.38671 0.28498
vn -0.91086 -0.38668 0.14427
vn -0.80822 -0.42094 0.41181
vn -0.73384 -0.42096 0.53317
vn -0.74608 -0.38671 0.54206
vn -0.8217 -0.38668 0.41868
vn -0.64141 -0.42094 0.64141
vn -0.53317 -0.42096 0.73384
vn -0.54206 -0.38671 0.74608
vn -0.6521 -0.38668 0.6521
vn -0.41181 -0.42094 0.80822
vn -0.2803 -0.42096 0.86268
vn -0.28498 -0.38671 0.87707
vn -0.41868 -0.38668 0.8217
vn -0.1419 -0.42094 0.89592
vn 0 -0.42096 0.90708
vn 0 -0.38671 0.9222
vn -0.14427 -0.38668 0.91086
vn 0.1419 -0.42094 0.89592
vn 0.2803 -0.42096 0.86268
vn 0.28498 -0.38671 0.87707
vn 0.14427 -0.38668 0.91086
vn 0.41181 -0.42094 0.80822
vn 0.53317 -0.42096 0.73384
vn 0.54206 -0.38671 0.74608
vn 0.41868 -0.38668 0.8217
vn 0.64141 -0.42094 0.64141
vn 0.73384 -0.42096 0.53317
vn 0.74608 -0.38671 0.54206
vn 0.6521 -0.38668 0.6521
vn 0.80822 -0.42094 0.41181
vn 0.86268 -0.42096 0.2803
vn 0.87707 -0.38671 0.28498
vn 0.8217 -0.38668 0.41868
vn 0.89592 -0.42094 0.1419
vn 0.90708 -0.42096 0
vn 0.9222 -0.38671 0
vn 0.91086 -0.38668 0.14427
vn 0.89592 -0.42094 -0.1419
vn 0.91086 -0.38668 -0.14426
vn 0.83108 -0.36055 -0.42345
vn 0.88708 -0.36057 -0.28823
vn 0.7546 -0.36057 -0.54825
vn 0.76709 -0.31774 -0.55733
vn 0.84484 -0.31772 -0.43047
vn 0.90177 -0.31774 -0.293
vn 0.65955 -0.36055 -0.65955
vn 0.54825 -0.36057 -0.7546
vn 0.55733 -0.31774 -0.76709
vn 0.67047 -0.31772 -0.67047
vn 0.42345 -0.36055 -0.83108
vn 0.28823 -0.36057 -0.88708
vn 0.293 -0.31774 -0.90177
vn 0.43047 -0.31772 -0.84484
vn 0.14591 -0.36055 -0.92126
vn -0 -0.36057 -0.93273
vn 0 -0.31774 -0.94818
vn 0.14833 -0.31772 -0.93651
vn -0.14591 -0.36055 -0.92126
vn -0.28823 -0.36057 -0.88708
vn -0.293 -0.31774 -0.90177
vn -0.14833 -0.31772 -0.93651
vn -0.42346 -0.36055 -0.83108
vn -0.54825 -0.36057 -0.7546
vn -0.55733 -0.31774 -0.76709
vn -0.43047 -0.31772 -0.84484
vn -0.65955 -0.36055 -0.65955
vn -0.7546 -0.36057 -0.54825
vn -0.76709 -0.31774 -0.55732
vn -0.67047 -0.31772 -0.67047
vn -0.83108 -0.36055 -0.42345
vn -0.88708 -0.36057 -0.28823
vn -0.90177 -0.31774 -0.293
vn -0.84484 -0.31772 -0.43047
vn -0.92126 -0.36055 -0.14591
vn -0.93273 -0.36057 -0
vn -0.94818 -0.31774 -0
vn -0.93651 -0.31772 -0.14833
vn -0.92126 -0.36055 0.14591
vn -0.88708 -0.36057 0.28823
vn -0.90177 -0.31774 0.293
vn -0.93651 -0.31772 0.14833
vn -0.83108 -0.36055 0.42345
vn -0.7546 -0.36057 0.54825
vn -0.76709 -0.31774 0.55733
vn -0.84484 -0.31772 0.43047
vn -0.65955 -0.36055 0.65955
vn -0.54825 -0.36057 0.7546
vn -0.55733 -0.31774 0.76709
vn -0.67047 -0.31772 0.67047
vn -0.42345 -0.36055 0.83108
vn -0.28823 -0.36057 0.88708
vn -0.293 -0.31774 0.90177
vn -0.43047 -0.31772 0.84484
vn -0.14591 -0.36055 0.92126
vn 0 -0.36057 0.93273
vn 0 -0.31774 0.94818
vn -0.14833 -0.31772 0.93651
vn 0.14591 -0.36055 0.92126
vn 0.28823 -0.36057 0.88708
vn 0.293 -0.31774 0.90177
vn 0.14833 -0.31772 0.93651
vn 0.42345 -0.36055 0.83108
vn 0.54825 -0.36057 0.7546
vn 0.55733 -0.31774 0.76709
vn 0.43047 -0.31772 0.84484
vn 0.65955 -0.36055 0.65955
vn 0.7546 -0.36057 0.54825
vn 0.76709 -0.31774 0.55733
vn 0.67047 -0.31772 0.67047
vn 0.83108 -0.36055 0.42345
vn 0.88708 -0.36057 0.28823
vn 0.90177 -0.31774 0.293
vn 0.84484 -0.31772 0.43047
vn 0.92126 -0.36055 0.14591
vn 0.93273 -0.36057 0
vn 0.94818 -0.31774 0
vn 0.93651 -0.31772 0.14833
vn 0.92126 -0.36055 -0.14591
vn 0.93651 -0.31772 -0.14833
vn 0.8616 -0.25479 -0.43901
vn 0.91966 -0.25481 -0.29882
vn 0.78231 -0.25481 -0.56838
vn 0.78443 -0.24467 -0.56992
vn 0.86393 -0.24465 -0.44019
vn 0.92215 -0.24467 -0.29962
vn 0.68377 -0.25479 -0.68377
vn 0.56838 -0.25481 -0.78231
vn 0.56992 -0.24467 -0.78443
vn 0.68562 -0.24465 -0.68562
vn 0.43901 -0.25479 -0.8616
vn 0.29882 -0.25481 -0.91966
vn 0.29962 -0.24467 -0.92215
vn 0.44019 -0.24465 -0.86393
vn 0.15127 -0.25479 -0.95509
vn 0 -0.25481 -0.96699
vn 0 -0.24467 -0.96961
vn 0.15168 -0.24465 -0.95767
vn -0.15127 -0.25479 -0.95509
vn -0.29882 -0.25481 -0.91966
vn -0.29963 -0.24467 -0.92215
vn -0.15168 -0.24465 -0.95767
vn -0.43901 -0.25479 -0.8616
vn -0.56838 -0.25481 -0.78231
vn -0.56992 -0.24467 -0.78443
vn -0.44019 -0.24465 -0.86393
vn -0.68377 -0.25479 -0.68377
vn -0.78231 -0.25481 -0.56838
vn -0.78443 -0.24467 -0.56992
vn -0.68562 -0.24465 -0.68562
vn -0.8616 -0.25479 -0.43901
vn -0.91966 -0.25481 -0.29882
vn -0.92215 -0.24467 -0.29962
vn -0.86393 -0.24465 -0.44019
vn -0.95509 -0.25479 -0.15127
vn -0.96699 -0.25481 -0
vn -0.96961 -0.24467 -0
vn -0.95767 -0.24465 -0.15168
vn -0.95509 -0.25479 0.15127
vn -0.91966 -0.25481 0.29882
vn -0.92215 -0.24467 0.29962
vn -0.95767 -0.24465 0.15168
vn -0.8616 -0.25479 0.43901
vn -0.78231 -0.25481 0.56838
vn -0.78443 -0.24467 0.56992
vn -0.86393 -0.24465 0.44019
vn -0.68377 -0.25479 0.68377
vn -0.56838 -0.25481 0.78231
vn -0.56992 -0.24467 0.78443
vn -0.68562 -0.24465 0.68562
vn -0.43901 -0.25479 0.8616
vn -0.29882 -0.25481 0.91966
vn -0.29962 -0.24467 0.92215
vn -0.44019 -0.24465 0.86393
vn -0.15127 -0.25479 0.95509
vn 0 -0.25481 0.96699
vn 0 -0.24467 0.96961
vn -0.15168 -0.24465 0.95767
vn 0.15127 -0.25479 0.95509
vn 0.29882 -0.25481 0.91966
vn 0.29963 -0.24467 0.92215
vn 0.15168 -0.24465 0.95767
vn 0.43901 -0.25479 0.8616
vn 0.56838 -0.25481 0.78231
vn 0.56992 -0.24467 0.78443
vn 0.44019 -0.24465 0.86393
vn 0.68377 -0.25479 0.68377
vn 0.78231 -0.25481 0.56838
vn 0.78443 -0.24467 0.56992
vn 0.68562 -0.24465 0.68562
vn 0.8616 -0.25479 0.43901
vn 0.91966 -0.25481 0.29882
vn 0.92215 -0.24467 0.29962
vn 0.86393 -0.24465 0.44019
vn 0.95509 -0.25479 0.15127
vn 0.96699 -0.25481 0
vn 0.96961 -0.24467 0
vn 0.95767 -0.24465 0.15168
vn 0.95509 -0.25479 -0.15127
vn 0.95767 -0.24465 -0.15168
vn 0.86902 -0.22076 -0.44279
vn 0.92759 -0.22078 -0.30139
vn 0.78905 -0.22077 -0.57328
vn 0.80229 -0.12866 -0.5829
vn 0.8836 -0.12865 -0.45022
vn 0.94315 -0.12866 -0.30645
vn 0.68966 -0.22076 -0.68966
vn 0.57328 -0.22077 -0.78905
vn 0.5829 -0.12866 -0.80229
vn 0.70123 -0.12865 -0.70123
vn 0.44279 -0.22076 -0.86902
vn 0.30139 -0.22077 -0.92759
vn 0.30645 -0.12866 -0.94315
vn 0.45022 -0.12865 -0.8836
vn 0.15257 -0.22076 -0.96332
vn -0 -0.22077 -0.97532
vn -0 -0.12866 -0.99169
vn 0.15513 -0.12865 -0.97948
vn -0.15257 -0.22076 -0.96332
vn -0.30139 -0.22077 -0.92759
vn -0.30645 -0.12865 -0.94315
vn -0.15513 -0.12865 -0.97948
vn -0.44279 -0.22076 -0.86902
vn -0.57328 -0.22077 -0.78905
vn -0.5829 -0.12866 -0.80229
vn -0.45022 -0.12865 -0.8836
vn -0.68966 -0.22076 -0.68966
vn -0.78905 -0.22077 -0.57328
vn -0.80229 -0.12866 -0.5829
vn -0.70123 -0.12865 -0.70123
vn -0.86902 -0.22076 -0.44279
vn -0.92759 -0.22077 -0.30139
vn -0.94315 -0.12866 -0.30645
vn -0.8836 -0.12865 -0.45022
vn -0.96332 -0.22076 -0.15257
vn -0.97532 -0.22078 -0
vn -0.99169 -0.12866 -0
vn -0.97948 -0.12865 -0.15513
vn -0.96332 -0.22076 0.15257
vn -0.92759 -0.22077 0.30139
vn -0.94315 -0.12865 0.30645
vn -0.97948 -0.12865 0.15513
vn -0.86902 -0.22076 0.44279
vn -0.78905 -0.22077 0.57328
vn -0.80229 -0.12866 0.5829
vn -0.8836 -0.12865 0.45022
vn -0.68966 -0.22076 0.68966
vn -0.57328 -0.22077 0.78905
vn -0.5829 -0.12866 0.80229
vn -0.70123 -0.12865 0.70123
vn -0.44279 -0.22076 0.86902
vn -0.30139 -0.22077 0.92759
vn -0.30645 -0.12866 0.94315
vn -0.45022 -0.12865 0.8836
vn -0.15257 -0.22076 0.96332
vn 0 -0.22077 0.97532
vn 0 -0.12865 0.99169
vn -0.15513 -0.12865 0.97948
vn 0.15257 -0.22076 0.96332
vn 0.30139 -0.22078 0.92759
vn 0.30645 -0.12866 0.94315
vn 0.15513 -0.12865 0.97948
vn 0.44279 -0.22076 0.86902
vn 0.57328 -0.22077 0.78905
vn 0.5829 -0.12866 0.80229
vn 0.45022 -0.12865 0.8836
vn 0.68966 -0.22076 0.68966
vn 0.78905 -0.22077 0.57328
vn 0.80229 -0.12865 0.5829
vn 0.70123 -0.12865 0.70123
vn 0.86902 -0.22076 0.44279
vn 0.92759 -0.22077 0.30139
vn 0.94315 -0.12865 0.30645
vn 0.8836 -0.12865 0.45022
vn 0.96332 -0.22076 0.15257
vn 0.97532 -0.22078 0
vn 0.99169 -0.12866 0
vn 0.97948 -0.12865 0.15513
vn 0.96332 -0.22076 -0.15257
vn 0.97948 -0.12865 -0.15513
vn 0.88983 -0.05139 -0.45339
vn 0.9498 -0.05139 -0.30861
vn 0.80795 -0.05139 -0.58701
vn 0.80902 -1E-05 -0.58779
vn 0.89101 -1E-05 -0.45399
vn 0.95106 -1E-05 -0.30902
vn 0.70617 -0.05139 -0.70617
vn 0.58701 -0.05139 -0.80795
vn 0.58779 -1E-05 -0.80902
vn 0.70711 -1E-05 -0.70711
vn 0.45339 -0.05139 -0.88983
vn 0.30861 -0.05139 -0.9498
vn 0.30902 -1E-05 -0.95106
vn 0.45399 -1E-05 -0.89101
vn 0.15623 -0.05139 -0.98638
vn -0 -0.05139 -0.99868
vn -0 -1E-05 -1
vn 0.15643 -1E-05 -0.98769
vn -0.15623 -0.05139 -0.98638
vn -0.30861 -0.05139 -0.9498
vn -0.30902 -1E-05 -0.95106
vn -0.15643 -1E-05 -0.98769
vn -0.45339 -0.05139 -0.88983
vn -0.58701 -0.05139 -0.80795
vn -0.58779 -1E-05 -0.80902
vn -0.45399 -1E-05 -0.89101
vn -0.70617 -0.05139 -0.70617
vn -0.80795 -0.05139 -0.58701
vn -0.80902 -1E-05 -0.58778
vn -0.70711 -1E-05 -0.70711
vn -0.88983 -0.05139 -0.45339
vn -0.9498 -0.05139 -0.30861
vn -0.95106 -1E-05 -0.30902
vn -0.89101 -1E-05 -0.45399
vn -0.98638 -0.05139 -0.15623
vn -0.99868 -0.05139 -0
vn -1 -1E-05 0
vn -0.98769 -1E-05 -0.15643
vn -0.98638 -0.05139 0.15623
vn -0.9498 -0.05139 0.30861
vn -0.95106 -1E-05 0.30902
vn -0.98769 -1E-05 0.15643
vn -0.88983 -0.05139 0.45339
vn -0.80795 -0.05139 0.58701
vn -0.80902 -1E-05 0.58779
vn -0.89101 -1E-05 0.45399
vn -0.70617 -0.05139 0.70617
vn -0.58701 -0.05139 0.80795
vn -0.58778 -1E-05 0.80902
vn -0.70711 -1E-05 0.70711
vn -0.45339 -0.05139 0.88983
vn -0.30861 -0.05139 0.9498
vn -0.30902 -1E-05 0.95106
vn -0.45399 -1E-05 0.89101
vn -0.15623 -0.05139 0.98638
vn 0 -0.05139 0.99868
vn 0 -1E-05 1
vn -0.15643 -1E-05 0.98769
vn 0.15623 -0.05139 0.98638
vn 0.30861 -0.05139 0.9498
vn 0.30902 -1E-05 0.95106
vn 0.15643 -1E-05 0.98769
vn 0.45339 -0.05139 0.88983
vn 0.58701 -0.05139 0.80795
vn 0.58778 -1E-05 0.80902
vn 0.45399 -1E-05 0.89101
vn 0.70617 -0.05139 0.70617
vn 0.80795 -0.05139 0.58701
vn 0.80902 -1E-05 0.58779
vn 0.70711 -1E-05 0.70711
vn 0.88983 -0.05139 0.45339
vn 0.9498 -0.05139 0.30861
vn 0.95106 -1E-05 0.30902
vn 0.89101 -1E-05 0.45399
vn 0.98638 -0.05139 0.15623
vn 0.99868 -0.05139 0
vn 1 -1E-05 0
vn 0.98769 -1E-05 0.15643
vn 0.98638 -0.05139 -0.15623
vn 0.98769 -1E-05 -0.15643
vn 0.8889 0.06877 -0.45292
vn 0.9488 0.06877 -0.30828
vn 0.8071 0.06878 -0.58639
vn 0.79936 0.15403 -0.58077
vn 0.88037 0.15402 -0.44857
vn 0.93971 0.15403 -0.30533
vn 0.70543 0.06877 -0.70543
vn 0.58639 0.06877 -0.8071
vn 0.58077 0.15403 -0.79936
vn 0.69867 0.15402 -0.69867
vn 0.45291 0.06877 -0.8889
vn 0.30828 0.06877 -0.9488
vn 0.30533 0.15403 -0.93971
vn 0.44857 0.15402 -0.88038
vn 0.15606 0.06877 -0.98535
vn -0 0.06877 -0.99763
vn -0 0.15403 -0.98807
vn 0.15457 0.15402 -0.9759
vn -0.15606 0.06877 -0.98535
vn -0.30829 0.06878 -0.9488
vn -0.30533 0.15403 -0.93971
vn -0.15457 0.15402 -0.9759
vn -0.45292 0.06877 -0.8889
vn -0.58639 0.06877 -0.8071
vn -0.58077 0.15403 -0.79936
vn -0.44857 0.15402 -0.88037
vn -0.70543 0.06877 -0.70543
vn -0.8071 0.06877 -0.58639
vn -0.79936 0.15403 -0.58077
vn -0.69867 0.15402 -0.69867
vn -0.8889 0.06877 -0.45292
vn -0.9488 0.06877 -0.30828
vn -0.93971 0.15403 -0.30533
vn -0.88037 0.15402 -0.44857
vn -0.98535 0.06877 -0.15606
vn -0.99763 0.06877 0
vn -0.98807 0.15403 -0
vn -0.9759 0.15402 -0.15457
vn -0.98535 0.06877 0.15606
vn -0.9488 0.06877 0.30829
vn -0.93971 0.15403 0.30533
vn -0.9759 0.15402 0.15457
vn -0.8889 0.06877 0.45292
vn -0.8071 0.06877 0.58639
vn -0.79936 0.15403 0.58077
vn -0.88037 0.15402 0.44857
vn -0.70543 0.06877 0.70543
vn -0.58639 0.06877 0.8071
vn -0.58077 0.15403 0.79936
vn -0.69867 0.15402 0.69867
vn -0.45292 0.06877 0.8889
vn -0.30828 0.06878 0.9488
vn -0.30533 0.15403 0.93971
vn -0.44857 0.15402 0.88037
vn -0.15606 0.06877 0.98535
vn 0 0.06877 0.99763
vn 0 0.15403 0.98807
vn -0.15457 0.15402 0.9759
vn 0.15606 0.06877 0.98535
vn 0.30829 0.06877 0.9488
vn 0.30533 0.15403 0.93971
vn 0.15457 0.15402 0.9759
vn 0.45292 0.06877 0.8889
vn 0.58639 0.06877 0.8071
vn 0.58077 0.15403 0.79936
vn 0.44857 0.15402 0.88037
vn 0.70543 0.06877 0.70543
vn 0.8071 0.06877 0.58639
vn 0.79936 0.15403 0.58077
vn 0.69867 0.15402 0.69867
vn 0.8889 0.06877 0.45292
vn 0.9488 0.06878 0.30829
vn 0.93971 0.15403 0.30533
vn 0.88037 0.15402 0.44857
vn 0.98535 0.06877 0.15606
vn 0.99763 0.06877 0
vn 0.98807 0.15403 0
vn 0.9759 0.15402 0.15457
vn 0.98535 0.06877 -0.15606
vn 0.9759 0.15402 -0.15457
vn 0.86713 0.22994 -0.44183
vn 0.92557 0.22995 -0.30073
vn 0.78734 0.22995 -0.57203
vn 0.77059 0.30455 -0.55986
vn 0.84869 0.30453 -0.43243
vn 0.90588 0.30455 -0.29434
vn 0.68816 0.22994 -0.68816
vn 0.57203 0.22995 -0.78734
vn 0.55986 0.30455 -0.77059
vn 0.67352 0.30453 -0.67352
vn 0.44183 0.22994 -0.86713
vn 0.30074 0.22995 -0.92557
vn 0.29434 0.30455 -0.90588
vn 0.43243 0.30453 -0.84869
vn 0.15224 0.22994 -0.96122
vn -0 0.22995 -0.9732
vn 0 0.30455 -0.9525
vn 0.149 0.30453 -0.94077
vn -0.15224 0.22994 -0.96122
vn -0.30074 0.22995 -0.92557
vn -0.29434 0.30455 -0.90588
vn -0.149 0.30453 -0.94077
vn -0.44183 0.22994 -0.86713
vn -0.57203 0.22995 -0.78734
vn -0.55986 0.30455 -0.77059
vn -0.43243 0.30453 -0.84869
vn -0.68816 0.22994 -0.68816
vn -0.78734 0.22995 -0.57203
vn -0.77059 0.30455 -0.55986
vn -0.67352 0.30453 -0.67352
vn -0.86713 0.22994 -0.44183
vn -0.92557 0.22995 -0.30074
vn -0.90588 0.30455 -0.29434
vn -0.84869 0.30453 -0.43243
vn -0.96122 0.22994 -0.15224
vn -0.9732 0.22995 -0
vn -0.9525 0.30455 0
vn -0.94077 0.30453 -0.149
vn -0.96122 0.22994 0.15224
vn -0.92557 0.22995 0.30074
vn -0.90588 0.30455 0.29434
vn -0.94077 0.30453 0.149
vn -0.86713 0.22994 0.44183
vn -0.78734 0.22995 0.57203
vn -0.77059 0.30455 0.55986
vn -0.84869 0.30453 0.43243
vn -0.68816 0.22994 0.68816
vn -0.57203 0.22995 0.78734
vn -0.55986 0.30455 0.77059
vn -0.67352 0.30453 0.67352
vn -0.44183 0.22994 0.86713
vn -0.30074 0.22995 0.92557
vn -0.29434 0.30455 0.90588
vn -0.43243 0.30453 0.84869
vn -0.15224 0.22994 0.96122
vn -0 0.22995 0.9732
vn 0 0.30455 0.9525
vn -0.149 0.30453 0.94077
vn 0.15224 0.22994 0.96122
vn 0.30074 0.22995 0.92557
vn 0.29434 0.30455 0.90588
vn 0.149 0.30453 0.94078
vn 0.44183 0.22994 0.86713
vn 0.57203 0.22995 0.78734
vn 0.55986 0.30455 0.77059
vn 0.43243 0.30453 0.84869
vn 0.68816 0.22994 0.68816
vn 0.78734 0.22995 0.57203
vn 0.77059 0.30455 0.55986
vn 0.67352 0.30453 0.67352
vn 0.86713 0.22994 0.44183
vn 0.92557 0.22995 0.30074
vn 0.90588 0.30455 0.29434
vn 0.84869 0.30453 0.43243
vn 0.96122 0.22994 0.15224
vn 0.9732 0.22995 0
vn 0.9525 0.30455 0
vn 0.94077 0.30453 0.149
vn 0.96122 0.22994 -0.15224
vn 0.94078 0.30453 -0.149
vn 0.82512 0.37739 -0.42042
vn 0.88073 0.3774 -0.28616
vn 0.74919 0.3774 -0.54432
vn 0.72326 0.44808 -0.52548
vn 0.79656 0.44806 -0.40587
vn 0.85024 0.44808 -0.27626
vn 0.65482 0.37739 -0.65482
vn 0.54432 0.3774 -0.74919
vn 0.52548 0.44808 -0.72326
vn 0.63216 0.44806 -0.63216
vn 0.42042 0.37739 -0.82512
vn 0.28616 0.3774 -0.88072
vn 0.27626 0.44808 -0.85024
vn 0.40587 0.44806 -0.79656
vn 0.14487 0.37739 -0.91465
vn -0 0.3774 -0.92605
vn -0 0.44808 -0.89399
vn 0.13985 0.44806 -0.883
vn -0.14487 0.37739 -0.91465
vn -0.28617 0.3774 -0.88072
vn -0.27626 0.44808 -0.85024
vn -0.13985 0.44806 -0.883
vn -0.42042 0.37739 -0.82512
vn -0.54432 0.3774 -0.74919
vn -0.52548 0.44808 -0.72326
vn -0.40587 0.44806 -0.79656
vn -0.65482 0.37739 -0.65482
vn -0.74919 0.3774 -0.54432
vn -0.72326 0.44808 -0.52548
vn -0.63216 0.44806 -0.63216
vn -0.82512 0.37739 -0.42042
vn -0.88072 0.3774 -0.28617
vn -0.85024 0.44808 -0.27626
vn -0.79656 0.44806 -0.40587
vn -0.91465 0.37739 -0.14487
vn -0.92605 0.3774 0
vn -0.894 0.44808 0
vn -0.883 0.44806 -0.13985
vn -0.91465 0.37739 0.14487
vn -0.88072 0.3774 0.28617
vn -0.85024 0.44808 0.27626
vn -0.883 0.44806 0.13985
vn -0.82512 0.37739 0.42042
vn -0.74919 0.3774 0.54432
vn -0.72326 0.44808 0.52548
vn -0.79656 0.44806 0.40587
vn -0.65482 0.37739 0.65482
vn -0.54432 0.3774 0.74919
vn -0.52548 0.44808 0.72326
vn -0.63216 0.44806 0.63216
vn -0.42042 0.37739 0.82512
vn -0.28617 0.3774 0.88072
vn -0.27626 0.44808 0.85024
vn -0.40587 0.44806 0.79656
vn -0.14487 0.37739 0.91465
vn 0 0.3774 0.92605
vn -0 0.44808 0.894
vn -0.13985 0.44806 0.883
vn 0.14487 0.37739 0.91465
vn 0.28616 0.3774 0.88072
vn 0.27626 0.44808 0.85024
vn 0.13985 0.44806 0.883
vn 0.42042 0.37739 0.82512
vn 0.54432 0.3774 0.74919
vn 0.52548 0.44808 0.72326
vn 0.40587 0.44806 0.79656
vn 0.65482 0.37739 0.65482
vn 0.74919 0.3774 0.54432
vn 0.72326 0.44808 0.52548
vn 0.63216 0.44806 0.63216
vn 0.82512 0.37739 0.42042
vn 0.88072 0.3774 0.28616
vn 0.85024 0.44808 0.27626
vn 0.79656 0.44806 0.40587
vn 0.91465 0.37739 0.14487
vn 0.92605 0.3774 0
vn 0.89399 0.44808 0
vn 0.883 0.44806 0.13985
vn 0.91465 0.37739 -0.14487
vn 0.883 0.44806 -0.13985
vn 0.76315 0.51614 -0.38884
vn 0.81458 0.51616 -0.26467
vn 0.69292 0.51616 -0.50343
vn 0.65834 0.5812 -0.47832
vn 0.72508 0.58119 -0.36944
vn 0.77393 0.5812 -0.25146
vn 0.60564 0.51614 -0.60564
vn 0.50344 0.51616 -0.69292
vn 0.47831 0.5812 -0.65834
vn 0.57542 0.58119 -0.57542
vn 0.38885 0.51614 -0.76315
vn 0.26467 0.51616 -0.81457
vn 0.25147 0.5812 -0.77393
vn 0.36944 0.58119 -0.72507
vn 0.13399 0.51614 -0.84596
vn -0 0.51616 -0.85649
vn -0 0.5812 -0.81376
vn 0.1273 0.58119 -0.80375
vn -0.13399 0.51614 -0.84596
vn -0.26467 0.51616 -0.81458
vn -0.25146 0.5812 -0.77393
vn -0.1273 0.58119 -0.80375
vn -0.38885 0.51614 -0.76315
vn -0.50344 0.51616 -0.69292
vn -0.47832 0.5812 -0.65834
vn -0.36944 0.58119 -0.72508
vn -0.60564 0.51614 -0.60564
vn -0.69292 0.51615 -0.50344
vn -0.65834 0.5812 -0.47831
vn -0.57542 0.58119 -0.57542
vn -0.76315 0.51614 -0.38885
vn -0.81458 0.51616 -0.26467
vn -0.77393 0.5812 -0.25146
vn -0.72508 0.58119 -0.36944
vn -0.84596 0.51614 -0.13399
vn -0.8565 0.51616 0
vn -0.81376 0.5812 0
vn -0.80375 0.58119 -0.1273
vn -0.84596 0.51614 0.13399
vn -0.81458 0.51616 0.26467
vn -0.77393 0.5812 0.25147
vn -0.80375 0.58119 0.1273
vn -0.76315 0.51614 0.38884
vn -0.69292 0.51616 0.50343
vn -0.65834 0.5812 0.47831
vn -0.72507 0.58119 0.36944
vn -0.60564 0.51614 0.60564
vn -0.50344 0.51616 0.69292
vn -0.47832 0.5812 0.65834
vn -0.57542 0.58119 0.57542
vn -0.38885 0.51614 0.76315
vn -0.26467 0.51616 0.81458
vn -0.25147 0.5812 0.77393
vn -0.36944 0.58119 0.72507
vn -0.13399 0.51614 0.84596
vn -0 0.51616 0.85649
vn -0 0.5812 0.81376
vn -0.1273 0.58119 0.80375
vn 0.13399 0.51614 0.84596
vn 0.26467 0.51615 0.81458
vn 0.25147 0.5812 0.77393
vn 0.1273 0.58119 0.80375
vn 0.38885 0.51614 0.76315
vn 0.50344 0.51616 0.69292
vn 0.47832 0.5812 0.65834
vn 0.36944 0.58119 0.72507
vn 0.60564 0.51614 0.60564
vn 0.69292 0.51616 0.50344
vn 0.65834 0.5812 0.47832
vn 0.57542 0.58119 0.57542
vn 0.76315 0.51614 0.38885
vn 0.81458 0.51615 0.26467
vn 0.77393 0.5812 0.25146
vn 0.72508 0.58119 0.36944
vn 0.84596 0.51614 0.13399
vn 0.85649 0.51616 0
vn 0.81376 0.5812 0
vn 0.80375 0.58119 0.1273
vn 0.84596 0.51614 -0.13399
vn 0.80375 0.58119 -0.1273
vn 0.68252 0.64283 -0.34776
vn 0.72851 0.64284 -0.23671
vn 0.61971 0.64284 -0.45024
vn 0.57724 0.70065 -0.41939
vn 0.63575 0.70064 -0.32393
vn 0.67858 0.70065 -0.22048
vn 0.54165 0.64283 -0.54165
vn 0.45024 0.64284 -0.61971
vn 0.41939 0.70065 -0.57724
vn 0.50453 0.70064 -0.50453
vn 0.34776 0.64283 -0.68252
vn 0.23671 0.64284 -0.72851
vn 0.22048 0.70065 -0.67858
vn 0.32393 0.70064 -0.63575
vn 0.11983 0.64283 -0.75658
vn -0 0.64284 -0.766
vn -0 0.70065 -0.7135
vn 0.11162 0.70064 -0.70473
vn -0.11983 0.64282 -0.75658
vn -0.23671 0.64284 -0.72851
vn -0.22049 0.70065 -0.67858
vn -0.11162 0.70064 -0.70473
vn -0.34776 0.64283 -0.68252
vn -0.45024 0.64284 -0.61971
vn -0.41939 0.70065 -0.57724
vn -0.32393 0.70064 -0.63575
vn -0.54165 0.64283 -0.54165
vn -0.61971 0.64284 -0.45024
vn -0.57724 0.70065 -0.41939
vn -0.50453 0.70064 -0.50453
vn -0.68252 0.64283 -0.34776
vn -0.72851 0.64284 -0.23671
vn -0.67858 0.70065 -0.22048
vn -0.63575 0.70064 -0.32393
vn -0.75658 0.64282 -0.11983
vn -0.766 0.64284 0
vn -0.7135 0.70065 0
vn -0.70473 0.70064 -0.11162
vn -0.75658 0.64282 0.11983
vn -0.72851 0.64284 0.23671
vn -0.67858 0.70065 0.22048
vn -0.70473 0.70064 0.11162
vn -0.68252 0.64283 0.34776
vn -0.61971 0.64284 0.45024
vn -0.57724 0.70065 0.41939
vn -0.63575 0.70064 0.32393
vn -0.54165 0.64283 0.54165
vn -0.45024 0.64284 0.61971
vn -0.41939 0.70065 0.57724
vn -0.50453 0.70064 0.50453
vn -0.34776 0.64282 0.68252
vn -0.23671 0.64284 0.72851
vn -0.22048 0.70065 0.67858
vn -0.32393 0.70064 0.63575
vn -0.11983 0.64282 0.75658
vn -0 0.64284 0.766
vn -0 0.70065 0.7135
vn -0.11162 0.70063 0.70474
vn 0.11983 0.64282 0.75658
vn 0.23671 0.64284 0.72851
vn 0.22048 0.70065 0.67858
vn 0.11162 0.70064 0.70473
vn 0.34776 0.64283 0.68252
vn 0.45024 0.64284 0.61971
vn 0.41939 0.70065 0.57724
vn 0.32393 0.70064 0.63575
vn 0.54165 0.64282 0.54165
vn 0.61971 0.64284 0.45024
vn 0.57724 0.70065 0.41939
vn 0.50453 0.70064 0.50453
vn 0.68252 0.64283 0.34776
vn 0.72851 0.64284 0.23671
vn 0.67858 0.70065 0.22049
vn 0.63575 0.70064 0.32393
vn 0.75658 0.64282 0.11983
vn 0.766 0.64284 0
vn 0.7135 0.70065 0
vn 0.70473 0.70064 0.11162
vn 0.75658 0.64283 -0.11983
vn 0.70473 0.70064 -0.11162
vn 0.58501 0.75426 -0.29808
vn 0.62442 0.75428 -0.20289
vn 0.53116 0.75428 -0.38592
vn 0.48179 0.80334 -0.35004
vn 0.53062 0.80333 -0.27037
vn 0.56637 0.80334 -0.18403
vn 0.46426 0.75426 -0.46427
vn 0.38591 0.75428 -0.53116
vn 0.35004 0.80334 -0.48179
vn 0.42111 0.80333 -0.42111
vn 0.29808 0.75426 -0.58501
vn 0.20289 0.75428 -0.62442
vn 0.18403 0.80334 -0.56637
vn 0.27037 0.80333 -0.53063
vn 0.10271 0.75426 -0.64849
vn -0 0.75428 -0.65656
vn -0 0.80334 -0.59552
vn 0.09316 0.80333 -0.5882
vn -0.10271 0.75426 -0.64849
vn -0.20289 0.75428 -0.62442
vn -0.18403 0.80334 -0.56638
vn -0.09316 0.80333 -0.5882
vn -0.29808 0.75426 -0.58501
vn -0.38591 0.75428 -0.53116
vn -0.35004 0.80334 -0.48179
vn -0.27037 0.80333 -0.53063
vn -0.46427 0.75426 -0.46426
vn -0.53116 0.75428 -0.38591
vn -0.48179 0.80334 -0.35004
vn -0.42111 0.80333 -0.42111
vn -0.58501 0.75426 -0.29808
vn -0.62442 0.75428 -0.20289
vn -0.56637 0.80334 -0.18403
vn -0.53063 0.80333 -0.27037
vn -0.64849 0.75427 -0.10271
vn -0.65656 0.75428 -0
vn -0.59552 0.80334 0
vn -0.5882 0.80333 -0.09316
vn -0.64849 0.75426 0.10271
vn -0.62442 0.75428 0.20289
vn -0.56637 0.80334 0.18403
vn -0.5882 0.80333 0.09316
vn -0.58501 0.75427 0.29807
vn -0.53116 0.75428 0.38591
vn -0.48179 0.80334 0.35004
vn -0.53063 0.80333 0.27036
vn -0.46427 0.75426 0.46427
vn -0.38591 0.75428 0.53117
vn -0.35004 0.80334 0.48179
vn -0.42111 0.80333 0.42111
vn -0.29808 0.75426 0.58501
vn -0.20289 0.75428 0.62442
vn -0.18403 0.80334 0.56637
vn -0.27037 0.80333 0.53063
vn -0.10271 0.75426 0.64849
vn -0 0.75428 0.65656
vn -0 0.80334 0.59552
vn -0.09316 0.80333 0.5882
vn 0.10271 0.75427 0.64849
vn 0.20289 0.75428 0.62442
vn 0.18403 0.80334 0.56638
vn 0.09316 0.80333 0.5882
vn 0.29808 0.75426 0.58501
vn 0.38591 0.75428 0.53117
vn 0.35004 0.80334 0.48179
vn 0.27037 0.80333 0.53063
vn 0.46427 0.75426 0.46427
vn 0.53116 0.75428 0.38591
vn 0.48179 0.80334 0.35004
vn 0.42111 0.80333 0.42111
vn 0.58501 0.75426 0.29808
vn 0.62442 0.75428 0.20289
vn 0.56637 0.80334 0.18403
vn 0.53063 0.80333 0.27037
vn 0.64849 0.75426 0.10271
vn 0.65656 0.75428 0
vn 0.59552 0.80334 0
vn 0.5882 0.80333 0.09316
vn 0.64849 0.75426 -0.10271
vn 0.5882 0.80333 -0.09316
vn 0.47291 0.84752 -0.24096
vn 0.50477 0.84753 -0.16401
vn 0.42938 0.84753 -0.31196
vn 0.37434 0.88651 -0.27197
vn 0.41228 0.88651 -0.21007
vn 0.44006 0.88651 -0.14298
vn 0.3753 0.84752 -0.3753
vn 0.31197 0.84753 -0.42938
vn 0.27197 0.88651 -0.37434
vn 0.32719 0.88651 -0.32719
vn 0.24096 0.84752 -0.47291
vn 0.16401 0.84753 -0.50477
vn 0.14298 0.88651 -0.44006
vn 0.21007 0.88651 -0.41228
vn 0.08303 0.84752 -0.52422
vn -0 0.84753 -0.53075
vn -0 0.88651 -0.46271
vn 0.07238 0.88651 -0.45702
vn -0.08303 0.84752 -0.52422
vn -0.16401 0.84753 -0.50477
vn -0.14299 0.88651 -0.44006
vn -0.07238 0.88651 -0.45702
vn -0.24096 0.84752 -0.47291
vn -0.31197 0.84753 -0.42938
vn -0.27197 0.88651 -0.37434
vn -0.21007 0.88651 -0.41228
vn -0.3753 0.84752 -0.3753
vn -0.42938 0.84753 -0.31197
vn -0.37434 0.88651 -0.27197
vn -0.32719 0.88651 -0.32719
vn -0.47291 0.84752 -0.24096
vn -0.50477 0.84753 -0.16401
vn -0.44006 0.88651 -0.14298
vn -0.41228 0.88651 -0.21007
vn -0.52422 0.84752 -0.08303
vn -0.53075 0.84753 -0
vn -0.46271 0.88651 -0
vn -0.45702 0.88651 -0.07238
vn -0.52422 0.84752 0.08303
vn -0.50477 0.84753 0.16401
vn -0.44006 0.88651 0.14298
vn -0.45702 0.88651 0.07238
vn -0.47291 0.84752 0.24096
vn -0.42938 0.84753 0.31197
vn -0.37434 0.88651 0.27197
vn -0.41229 0.88651 0.21006
vn -0.3753 0.84752 0.3753
vn -0.31197 0.84753 0.42938
vn -0.27197 0.88651 0.37434
vn -0.32719 0.88651 0.32719
vn -0.24096 0.84752 0.47291
vn -0.16401 0.84753 0.50477
vn -0.14299 0.88651 0.44006
vn -0.21007 0.88651 0.41228
vn -0.08303 0.84752 0.52422
vn 0 0.84753 0.53075
vn 0 0.88651 0.46271
vn -0.07238 0.88651 0.45702
vn 0.08303 0.84752 0.52422
vn 0.16401 0.84753 0.50477
vn 0.14299 0.88651 0.44006
vn 0.07239 0.88651 0.45702
vn 0.24096 0.84752 0.47291
vn 0.31197 0.84753 0.42938
vn 0.27197 0.88651 0.37434
vn 0.21007 0.88651 0.41228
vn 0.3753 0.84752 0.3753
vn 0.42938 0.84753 0.31196
vn 0.37434 0.88651 0.27197
vn 0.32719 0.88651 0.32719
vn 0.47291 0.84752 0.24096
vn 0.50477 0.84753 0.16401
vn 0.44006 0.88651 0.14298
vn 0.41228 0.88651 0.21007
vn 0.52422 0.84752 0.08303
vn 0.53075 0.84753 0
vn 0.46271 0.88651 0
vn 0.45702 0.88651 0.07239
vn 0.52422 0.84752 -0.08303
vn 0.45702 0.88651 -0.07238
vn 0.34914 0.92003 -0.1779
vn 0.37266 0.92003 -0.12108
vn 0.31701 0.92003 -0.23032
vn 0.25791 0.94782 -0.18739
vn 0.28405 0.94782 -0.14473
vn 0.30319 0.94782 -0.09851
vn 0.27708 0.92003 -0.27708
vn 0.23032 0.92003 -0.31701
vn 0.18738 0.94782 -0.25792
vn 0.22542 0.94782 -0.22543
vn 0.1779 0.92003 -0.34914
vn 0.12109 0.92003 -0.37267
vn 0.09851 0.94782 -0.3032
vn 0.14473 0.94782 -0.28405
vn 0.0613 0.92003 -0.38703
vn 0 0.92003 -0.39184
vn 0 0.94782 -0.3188
vn 0.04987 0.94782 -0.31487
vn -0.0613 0.92003 -0.38702
vn -0.12109 0.92003 -0.37267
vn -0.09851 0.94782 -0.3032
vn -0.04987 0.94782 -0.31487
vn -0.1779 0.92003 -0.34914
vn -0.23032 0.92003 -0.31701
vn -0.18738 0.94782 -0.25791
vn -0.14473 0.94782 -0.28405
vn -0.27708 0.92003 -0.27708
vn -0.31701 0.92003 -0.23032
vn -0.25791 0.94782 -0.18739
vn -0.22542 0.94782 -0.22542
vn -0.34914 0.92003 -0.17789
vn -0.37266 0.92003 -0.12108
vn -0.30319 0.94782 -0.09851
vn -0.28405 0.94782 -0.14473
vn -0.38702 0.92003 -0.06129
vn -0.39184 0.92003 -0
vn -0.3188 0.94782 -0
vn -0.31487 0.94782 -0.04987
vn -0.38702 0.92003 0.06129
vn -0.37266 0.92003 0.12108
vn -0.30319 0.94782 0.09852
vn -0.31487 0.94782 0.04987
vn -0.34914 0.92003 0.17789
vn -0.31701 0.92003 0.23031
vn -0.25791 0.94782 0.18738
vn -0.28405 0.94782 0.14473
vn -0.27708 0.92003 0.27708
vn -0.23032 0.92003 0.31701
vn -0.18738 0.94782 0.25792
vn -0.22542 0.94782 0.22543
vn -0.1779 0.92003 0.34914
vn -0.12109 0.92003 0.37266
vn -0.09851 0.94782 0.3032
vn -0.14473 0.94782 0.28405
vn -0.0613 0.92003 0.38702
vn -0 0.92003 0.39184
vn -0 0.94782 0.3188
vn -0.04987 0.94782 0.31488
vn 0.0613 0.92003 0.38702
vn 0.12109 0.92003 0.37266
vn 0.09851 0.94782 0.3032
vn 0.04987 0.94782 0.31487
vn 0.1779 0.92003 0.34914
vn 0.23032 0.92003 0.31701
vn 0.18738 0.94782 0.25791
vn 0.14473 0.94782 0.28405
vn 0.27708 0.92003 0.27708
vn 0.31701 0.92003 0.23032
vn 0.25791 0.94782 0.18739
vn 0.22542 0.94782 0.22543
vn 0.34914 0.92003 0.1779
vn 0.37266 0.92003 0.12108
vn 0.30319 0.94782 0.09852
vn 0.28405 0.94782 0.14473
vn 0.38702 0.92003 0.0613
vn 0.39184 0.92003 0
vn 0.3188 0.94782 -0
vn 0.31487 0.94782 0.04987
vn 0.38702 0.92003 -0.0613
vn 0.31487 0.94782 -0.04987
vn 0.22093 0.96877 -0.11256
vn 0.23618 0.96867 -0.07674
vn 0.20091 0.96867 -0.14597
vn 0.14313 0.98423 -0.10399
vn 0.1612 0.9835 -0.08213
vn 0.16826 0.98423 -0.05466
vn 0.17533 0.96877 -0.17533
vn 0.14597 0.96867 -0.20092
vn 0.10399 0.98422 -0.14314
vn 0.12793 0.9835 -0.12793
vn 0.11257 0.96877 -0.22092
vn 0.07674 0.96867 -0.23618
vn 0.05467 0.98423 -0.16826
vn 0.08213 0.9835 -0.1612
vn 0.03879 0.96877 -0.2449
vn 0 0.96867 -0.24834
vn -0 0.98422 -0.17692
vn 0.0283 0.9835 -0.17869
vn -0.03879 0.96877 -0.24489
vn -0.07674 0.96867 -0.23618
vn -0.05467 0.98423 -0.16826
vn -0.0283 0.9835 -0.17868
vn -0.11257 0.96877 -0.22092
vn -0.14597 0.96867 -0.20091
vn -0.10399 0.98423 -0.14313
vn -0.08213 0.9835 -0.1612
vn -0.17533 0.96877 -0.17533
vn -0.20091 0.96867 -0.14597
vn -0.14313 0.98423 -0.10399
vn -0.12793 0.9835 -0.12793
vn -0.22093 0.96877 -0.11256
vn -0.23618 0.96867 -0.07674
vn -0.16826 0.98423 -0.05467
vn -0.1612 0.9835 -0.08213
vn -0.2449 0.96877 -0.03879
vn -0.24834 0.96867 -0
vn -0.17692 0.98423 0
vn -0.17869 0.9835 -0.0283
vn -0.2449 0.96877 0.03879
vn -0.23618 0.96867 0.07674
vn -0.16826 0.98423 0.05466
vn -0.17869 0.9835 0.0283
vn -0.22093 0.96877 0.11257
vn -0.20091 0.96867 0.14597
vn -0.14313 0.98423 0.10399
vn -0.1612 0.9835 0.08214
vn -0.17533 0.96877 0.17533
vn -0.14597 0.96867 0.20091
vn -0.10399 0.98423 0.14313
vn -0.12793 0.9835 0.12792
vn -0.11257 0.96877 0.22093
vn -0.07674 0.96867 0.23619
vn -0.05467 0.98423 0.16826
vn -0.08213 0.9835 0.1612
vn -0.03879 0.96877 0.2449
vn 0 0.96867 0.24834
vn 0 0.98423 0.17692
vn -0.0283 0.9835 0.17868
vn 0.03879 0.96877 0.2449
vn 0.07674 0.96867 0.23618
vn 0.05467 0.98423 0.16826
vn 0.0283 0.9835 0.17869
vn 0.11257 0.96877 0.22092
vn 0.14597 0.96867 0.20091
vn 0.10399 0.98423 0.14313
vn 0.08213 0.9835 0.16119
vn 0.17533 0.96877 0.17533
vn 0.20091 0.96867 0.14597
vn 0.14313 0.98423 0.10399
vn 0.12793 0.9835 0.12792
vn 0.22093 0.96877 0.11257
vn 0.23618 0.96867 0.07674
vn 0.16826 0.98423 0.05467
vn 0.1612 0.9835 0.08214
vn 0.2449 0.96877 0.03878
vn 0.24834 0.96867 0
vn 0.17692 0.98423 0
vn 0.17869 0.9835 0.02829
vn 0.2449 0.96877 -0.03878
vn 0.17869 0.9835 -0.02829
vn 0.15994 -0.98374 -0.08164
vn 0.08254 -0.99479 -0.05989
vn 0.51675 -0.76931 -0.37566
vn 0.60946 -0.72904 -0.31154
vn 0.60546 -0.77115 -0.19683
vn 0.09698 -0.99479 -0.03148
vn 0 -1 -0
vn 0.12696 -0.98371 -0.12726
vn 0.06004 -0.99478 -0.08249
vn 0.37736 -0.76641 -0.51983
vn 0.48496 -0.72643 -0.48695
vn 0.08149 -0.98366 -0.16051
vn 0.03164 -0.99478 -0.09706
vn 0.19958 -0.76268 -0.61521
vn 0.31215 -0.72279 -0.61656
vn 0.02792 -0.98361 -0.17815
vn 0.00011 -0.99477 -0.10215
vn -0.00032 -0.75846 -0.65172
vn 0.10685 -0.71844 -0.68734
vn -0.02855 -0.98355 -0.17836
vn -0.03149 -0.99476 -0.09723
vn -0.20322 -0.75414 -0.62448
vn -0.11155 -0.71379 -0.69142
vn -0.08238 -0.98349 -0.1611
vn -0.06004 -0.99476 -0.08278
vn -0.38889 -0.75016 -0.53481
vn -0.32165 -0.70929 -0.62725
vn -0.12828 -0.98345 -0.12797
vn -0.08273 -0.99475 -0.06018
vn -0.53802 -0.74694 -0.39066
vn -0.50223 -0.70541 -0.50016
vn -0.16168 -0.98341 -0.08222
vn -0.09731 -0.99475 -0.03166
vn -0.63461 -0.74484 -0.2061
vn -0.6345 -0.70256 -0.32223
vn -0.17926 -0.98339 -0.02835
vn -0.10234 -0.99475 0
vn -0.66805 -0.74412 1E-05
vn -0.70439 -0.70104 -0.11124
vn -0.17926 -0.98339 0.02836
vn -0.09731 -0.99475 0.03166
vn -0.63461 -0.74484 0.20609
vn -0.70439 -0.70104 0.11125
vn -0.16168 -0.98341 0.08222
vn -0.08273 -0.99475 0.06018
vn -0.53802 -0.74694 0.39066
vn -0.6345 -0.70256 0.32222
vn -0.12828 -0.98345 0.12798
vn -0.06004 -0.99476 0.08278
vn -0.38889 -0.75016 0.53482
vn -0.50223 -0.70541 0.50016
vn -0.08238 -0.98349 0.1611
vn -0.03149 -0.99476 0.09723
vn -0.20322 -0.75414 0.62448
vn -0.32165 -0.70929 0.62725
vn -0.02855 -0.98355 0.17838
vn 0.00011 -0.99477 0.10215
vn -0.00032 -0.75846 0.65172
vn -0.11155 -0.71379 0.69142
vn 0.02792 -0.98361 0.17814
vn 0.03164 -0.99478 0.09705
vn 0.19958 -0.76268 0.61521
vn 0.10685 -0.71844 0.68733
vn 0.08149 -0.98366 0.16051
vn 0.06004 -0.99478 0.08249
vn 0.37736 -0.76641 0.51982
vn 0.31215 -0.72279 0.61655
vn 0.12696 -0.98371 0.12726
vn 0.08254 -0.99479 0.05989
vn 0.51675 -0.76931 0.37567
vn 0.48496 -0.72643 0.48695
vn 0.15994 -0.98375 0.08163
vn 0.09698 -0.99479 0.03148
vn 0.60546 -0.77115 0.19683
vn 0.60946 -0.72904 0.31154
vn 0.17726 -0.98376 0.02813
vn 0.10195 -0.99479 -0
vn 0.63589 -0.77178 -0
vn 0.67455 -0.73041 0.10715
vn 0.17726 -0.98376 -0.02813
vn 0.67455 -0.73041 -0.10715
vn 0.09852 0.99387 -0.0502
vn 0.08092 0.99637 -0.0263
vn 0.06884 0.99637 -0.05002
vn 0 1 0
vn 0.07818 0.99387 -0.07819
vn 0.05001 0.99637 -0.06884
vn 0.0502 0.99387 -0.09852
vn 0.02629 0.99637 -0.08092
vn 0.0173 0.99387 -0.10921
vn -0 0.99637 -0.08509
vn -0.0173 0.99387 -0.10921
vn -0.02629 0.99637 -0.08092
vn -0.0502 0.99387 -0.09852
vn -0.05001 0.99637 -0.06884
vn -0.07818 0.99387 -0.0782
vn -0.06884 0.99637 -0.05001
vn -0.09852 0.99387 -0.05019
vn -0.08092 0.99637 -0.02628
vn -0.10921 0.99387 -0.01729
vn -0.08509 0.99637 0
vn -0.10921 0.99387 0.01729
vn -0.08092 0.99637 0.02628
vn -0.09852 0.99387 0.05019
vn -0.06884 0.99637 0.05001
vn -0.07818 0.99387 0.07819
vn -0.05001 0.99637 0.06884
vn -0.0502 0.99387 0.09852
vn -0.02629 0.99637 0.08092
vn -0.0173 0.99387 0.10921
vn 0 0.99637 0.08509
vn 0.0173 0.99387 0.10921
vn 0.02629 0.99637 0.08092
vn 0.0502 0.99387 0.09851
vn 0.05001 0.99637 0.06884
vn 0.07818 0.99387 0.07818
vn 0.06884 0.99637 0.05002
vn 0.09852 0.99387 0.05021
vn 0.08092 0.99637 0.0263
vn 0.10921 0.99387 0.0173
vn 0.08509 0.99637 0
vn 0.10921 0.99387 -0.01729
vn 0.87336 0.19879 -0.44467
vn 0.79173 0.20275 -0.57624
vn 0.73053 0.42958 -0.53084
vn 0.806 0.42622 -0.41073
vn 0.93255 0.19562 -0.30346
vn 0.86142 0.4238 -0.27992
vn 0.69197 0.20797 -0.69132
vn 0.57329 0.2138 -0.79097
vn 0.52819 0.43849 -0.72715
vn 0.6371 0.43367 -0.63721
vn 0.44334 0.22052 -0.86881
vn 0.29967 0.22759 -0.9265
vn 0.27594 0.44953 -0.84958
vn 0.40675 0.44378 -0.7985
vn 0.1527 0.23513 -0.95989
vn -0.00136 0.2427 -0.9701
vn -0.0001 0.46153 -0.88713
vn 0.13917 0.45545 -0.87931
vn -0.15079 0.25034 -0.95634
vn -0.2998 0.25763 -0.91856
vn -0.27231 0.47327 -0.83777
vn -0.13839 0.46748 -0.87311
vn -0.43726 0.26464 -0.85952
vn -0.56667 0.27093 -0.77813
vn -0.51453 0.48366 -0.70805
vn -0.39868 0.47868 -0.78226
vn -0.67916 0.27667 -0.67985
vn -0.77679 0.28137 -0.56341
vn -0.70447 0.49176 -0.51175
vn -0.61724 0.48802 -0.61713
vn -0.85382 0.28533 -0.4354
vn -0.91088 0.28802 -0.29554
vn -0.82535 0.4969 -0.26814
vn -0.77436 0.4947 -0.39451
vn -0.94527 0.28986 -0.14983
vn -0.95694 0.2903 -0
vn -0.8668 0.49865 0
vn -0.8564 0.49819 -0.13562
vn -0.94527 0.28986 0.14983
vn -0.91088 0.28802 0.29554
vn -0.82535 0.4969 0.26814
vn -0.8564 0.49819 0.13563
vn -0.85382 0.28533 0.4354
vn -0.77678 0.28137 0.56342
vn -0.70447 0.49176 0.51176
vn -0.77436 0.49471 0.39451
vn -0.67916 0.27667 0.67986
vn -0.56667 0.27093 0.77813
vn -0.51453 0.48366 0.70805
vn -0.61724 0.48802 0.61713
vn -0.43726 0.26464 0.85952
vn -0.2998 0.25763 0.91856
vn -0.27231 0.47328 0.83777
vn -0.39868 0.47868 0.78226
vn -0.15079 0.25034 0.95634
vn -0.00136 0.2427 0.9701
vn -0.0001 0.46152 0.88713
vn -0.13839 0.46748 0.87311
vn 0.1527 0.23513 0.95989
vn 0.29966 0.22759 0.9265
vn 0.27594 0.44952 0.84958
vn 0.13917 0.45545 0.87932
vn 0.44334 0.22052 0.86881
vn 0.57329 0.2138 0.79097
vn 0.5282 0.43849 0.72714
vn 0.40675 0.44378 0.7985
vn 0.69197 0.20797 0.69132
vn 0.79173 0.20275 0.57624
vn 0.73053 0.42958 0.53084
vn 0.6371 0.43367 0.63721
vn 0.87335 0.19879 0.44467
vn 0.93255 0.19562 0.30346
vn 0.86141 0.4238 0.27993
vn 0.806 0.42622 0.41073
vn 0.96895 0.19394 0.15337
vn 0.98117 0.19315 0
vn 0.90669 0.42179 -0
vn 0.89531 0.42227 0.14182
vn 0.96895 0.19394 -0.15336
vn 0.89531 0.42227 -0.14182
vn 0.98391 0.08751 -0.1558
vn 0.94727 0.08937 -0.30772
vn 0.99622 0.08691 0
vn 0.9839 0.08751 0.1558
vn 0.94727 0.08937 0.30772
vn 0.88724 0.09236 0.45197
vn 0.80531 0.09651 0.58494
vn 0.70354 0.10159 0.70335
vn 0.58449 0.10759 0.80423
vn 0.45116 0.11424 0.8851
vn 0.30689 0.1215 0.94396
vn 0.15529 0.12905 0.9794
vn 0.00016 0.13684 0.99059
vn -0.15464 0.14454 0.97734
vn -0.30529 0.15209 0.94004
vn -0.44809 0.15917 0.87971
vn -0.57956 0.16575 0.79789
vn -0.69656 0.17154 0.69669
vn -0.79627 0.17653 0.57862
vn -0.87635 0.18047 0.44658
vn -0.93491 0.18342 0.30381
vn -0.97061 0.18515 0.15374
vn -0.98259 0.18579 -0
vn -0.97061 0.18515 -0.15374
vn -0.93491 0.18342 -0.30381
vn -0.87635 0.18047 -0.44659
vn -0.79627 0.17653 -0.57861
vn -0.69656 0.17153 -0.69669
vn -0.57957 0.16575 -0.79789
vn -0.44809 0.15917 -0.8797
vn -0.30529 0.15209 -0.94004
vn -0.15464 0.14454 -0.97734
vn 0.00016 0.13684 -0.99059
vn 0.15529 0.12905 -0.9794
vn 0.30689 0.1215 -0.94396
vn 0.45116 0.11424 -0.8851
vn 0.58449 0.10759 -0.80423
vn 0.70354 0.10159 -0.70335
vn 0.80531 0.09651 -0.58495
vn 0.88724 0.09236 -0.45197
vn 0.58779 0 -0.80902
vn -0 0 -1
vn -0.58779 0 -0.80902
vn -0.95106 0 -0.30902
vn -0.95106 0 0.30902
vn -0.58779 0 0.80902
vn 0 0 1
vn 0.58779 0 0.80902
vn 0.95106 0 0.30902
vn 0.95106 0 -0.30902
vn 0 -1 0
vn 0 -1 0
vn 0 -1 0
vn 0 1 0
usemtl mat0
f 1//1 2//2 3//3
f 3//3 4//4 1//1
f 5//5 1//1 4//4
f 4//4 6//6 5//5
f 7//7 8//8 1//1
f 1//1 5//5 7//7
f 8//8 9//9 2//2
f 2//2 1//1 8//8
f 10//10 5//5 6//6
f 6//6 11//11 10//10
f 12//12 10//10 11//11
f 11//11 13//13 12//12
f 14//14 15//15 10//10
f 10//10 12//12 14//14
f 15//15 7//7 5//5
f 5//5 10//10 15//15
f 16//16 12//12 13//13
f 13//13 17//17 16//16
f 18//18 16//16 17//17
f 17//17 19//19 18//18
f 20//20 21//21 16//16
f 16//16 18//18 20//20
f 21//21 14//14 12//12
f 12//12 16//16 21//21
f 22//22 18//18 19//19
f 19//19 23//23 22//22
f 24//24 22//22 23//23
f 23//23 25//25 24//24
f 26//26 27//27 22//22
f 22//22 24//24 26//26
f 27//27 20//20 18//18
f 18//18 22//22 27//27
f 28//28 24//24 25//25
f 25//25 29//29 28//28
f 30//30 28//28 29//29
f 29//29 31//31 30//30
f 32//32 33//33 28//28
f 28//28 30//30 32//32
f 33//33 26//26 24//24
f 24//24 28//28 33//33
f 34//34 30//30 31//31
f 31//31 35//35 34//34
f 36//36 34//34 35//35
f 35//35 37//37 36//36
f 38//38 39//39 34//34
f 34//34 36//36 38//38
f 39//39 32//32 30//30
f 30//30 34//34 39//39
f 40//40 36//36 37//37
f 37//37 41//41 40//40
f 42//42 40//40 41//41
f 41//41 43//43 42//42
f 44//44 45//45 40//40
f 40//40 42//42 44//44
f 45//45 38//38 36//36
f 36//36 40//40 45//45
f 46//46 42//42 43//43
f 43//43 47//47 46//46
f 48//48 46//46 47//47
f 47//47 49//49 48//48
f 50//50 51//51 46//46
f 46//46 48//48 50//50
f 51//51 44//44 42//42
f 42//42 46//46 51//51
f 52//52 48//48 49//49
f 49//49 53//53 52//52
f 54//54 52//52 53//53
f 53//53 55//55 54//54
f 56//56 57//57 52//52
f 52//52 54//54 56//56
f 57//57 50//50 48//48
f 48//48 52//52 57//57
f 58//58 54//54 55//55
f 55//55 59//59 58//58
f 60//60 58//58 59//59
f 59//59 61//61 60//60
f 62//62 63//63 58//58
f 58//58 60//60 62//62
f 63//63 56//56 54//54
f 54//54 58//58 63//63
f 64//64 60//60 61//61
f 61//61 65//65 64//64
f 66//66 64//64 65//65
f 65//65 67//67 66//66
f 68//68 69//69 64//64
f 64//64 66//66 68//68
f 69//69 62//62 60//60
f 60//60 64//64 69//69
f 70//70 66//66 67//67
f 67//67 71//71 70//70
f 72//72 70//70 71//71
f 71//71 73//73 72//72
f 74//74 75//75 70//70
f 70//70 72//72 74//74
f 75//75 68//68 66//66
f 66//66 70//70 75//75
f 76//76 72//72 73//73
f 73//73 77//77 76//76
f 78//78 76//76 77//77
f 77//77 79//79 78//78
f 80//80 81//81 76//76
f 76//76 78//78 80//80
f 81//81 74//74 72//72
f 72//72 76//76 81//81
f 82//82 78//78 79//79
f 79//79 83//83 82//82
f 84//84 82//82 83//83
f 83//83 85//85 84//84
f 86//86 87//87 82//82
f 82//82 84//84 86//86
f 87//87 80//80 78//78
f 78//78 82//82 87//87
f 88//88 84//84 85//85
f 85//85 89//89 88//88
f 90//90 88//88 89//89
f 89//89 91//91 90//90
f 92//92 93//93 88//88
f 88//88 90//90 92//92
f 93//93 86//86 84//84
f 84//84 88//88 93//93
f 94//94 90//90 91//91
f 91//91 95//95 94//94
f 96//96 94//94 95//95
f 95//95 97//97 96//96
f 98//98 99//99 94//94
f 94//94 96//96 98//98
f 99//99 92//92 90//90
f 90//90 94//94 99//99
f 100//100 96//96 97//97
f 97//97 101//101 100//100
f 102//102 100//100 101//101
f 101//101 103//103 102//102
f 104//104 105//105 100//100
f 100//100 102//102 104//104
f 105//105 98//98 96//96
f 96//96 100//100 105//105
f 106//106 102//102 103//103
f 103//103 107//107 106//106
f 108//108 106//106 107//107
f 107//107 109//109 108//108
f 110//110 111//111 106//106
f 106//106 108//108 110//110
f 111//111 104//104 102//102
f 102//102 106//106 111//111
f 112//112 108//108 109//109
f 109//109 113//113 112//112
f 114//114 112//112 113//113
f 113//113 115//115 114//114
f 116//116 117//117 112//112
f 112//112 114//114 116//116
f 117//117 110//110 108//108
f 108//108 112//112 117//117
f 118//118 114//114 115//115
f 115//115 119//119 118//118
f 2//2 118//118 119//119
f 119//119 3//3 2//2
f 9//9 120//120 118//118
f 118//118 2//2 9//9
f 120//120 116//116 114//114
f 114//114 118//118 120//120
f 121//121 122//122 9//9
f 9//9 8//8 121//121
f 123//123 121//121 8//8
f 8//8 7//7 123//123
f 124//124 125//125 121//121
f 121//121 123//123 124//124
f 125//125 126//126 122//122
f 122//122 121//121 125//125
f 127//127 123//123 7//7
f 7//7 15//15 127//127
f 128//128 127//127 15//15
f 15//15 14//14 128//128
f 129//129 130//130 127//127
f 127//127 128//128 129//129
f 130//130 124//124 123//123
f 123//123 127//127 130//130
f 131//131 128//128 14//14
f 14//14 21//21 131//131
f 132//132 131//131 21//21
f 21//21 20//20 132//132
f 133//133 134//134 131//131
f 131//131 132//132 133//133
f 134//134 129//129 128//128
f 128//128 131//131 134//134
f 135//135 132//132 20//20
f 20//20 27//27 135//135
f 136//136 135//135 27//27
f 27//27 26//26 136//136
f 137//137 138//138 135//135
f 135//135 136//136 137//137
f 138//138 133//133 132//132
f 132//132 135//135 138//138
f 139//139 136//136 26//26
f 26//26 33//33 139//139
f 140//140 139//139 33//33
f 33//33 32//32 140//140
f 141//141 142//142 139//139
f 139//139 140//140 141//141
f 142//142 137//137 136//136
f 136//136 139//139 142//142
f 143//143 140//140 32//32
f 32//32 39//39 143//143
f 144//144 143//143 39//39
f 39//39 38//38 144//144
f 145//145 146//146 143//143
f 143//143 144//144 145//145
f 146//146 141//141 140//140
f 140//140 143//143 146//146
f 147//147 144//144 38//38
f 38//38 45//45 147//147
f 148//148 147//147 45//45
f 45//45 44//44 148//148
f 149//149 150//150 147//147
f 147//147 148//148 149//149
f 150//150 145//145 144//144
f 144//144 147//147 150//150
f 151//151 148//148 44//44
f 44//44 51//51 151//151
f 152//152 151//151 51//51
f 51//51 50//50 152//152
f 153//153 154//154 151//151
f 151//151 152//152 153//153
f 154//154 149//149 148//148
f 148//148 151//151 154//154
f 155//155 152//152 50//50
f 50//50 57//57 155//155
f 156//156 155//155 57//57
f 57//57 56//56 156//156
f 157//157 158//158 155//155
f 155//155 156//156 157//157
f 158//158 153//153 152//152
f 152//152 155//155 158//158
f 159//159 156//156 56//56
f 56//56 63//63 159//159
f 160//160 159//159 63//63
f 63//63 62//62 160//160
f 161//161 162//162 159//159
f 159//159 160//160 161//161
f 162//162 157//157 156//156
f 156//156 159//159 162//162
f 163//163 160//160 62//62
f 62//62 69//69 163//163
f 164//164 163//163 69//69
f 69//69 68//68 164//164
f 165//165 166//166 163//163
f 163//163 164//164 165//165
f 166//166 161//161 160//160
f 160//160 163//163 166//166
f 167//167 164//164 68//68
f 68//68 75//75 167//167
f 168//168 167//167 75//75
f 75//75 74//74 168//168
f 169//169 170//170 167//167
f 167//167 168//168 169//169
f 170//170 165//165 164//164
f 164//164 167//167 170//170
f 171//171 168//168 74//74
f 74//74 81//81 171//171
f 172//172 171//171 81//81
f 81//81 80//80 172//172
f 173//173 174//174 171//171
f 171//171 172//172 173//173
f 174//174 169//169 168//168
f 168//168 171//171 174//174
f 175//175 172//172 80//80
f 80//80 87//87 175//175
f 176//176 175//175 87//87
f 87//87 86//86 176//176
f 177//177 178//178 175//175
f 175//175 176//176 177//177
f 178//178 173//173 172//172
f 172//172 175//175 178//178
f 179//179 176//176 86//86
f 86//86 93//93 179//179
f 180//180 179//179 93//93
f 93//93 92//92 180//180
f 181//181 182//182 179//179
f 179//179 180//180 181//181
f 182//182 177//177 176//176
f 176//176 179//179 182//182
f 183//183 180//180 92//92
f 92//92 99//99 183//183
f 184//184 183//183 99//99
f 99//99 98//98 184//184
f 185//185 186//186 183//183
f 183//183 184//184 185//185
f 186//186 181//181 180//180
f 180//180 183//183 186//186
f 187//187 184//184 98//98
f 98//98 105//105 187//187
f 188//188 187//187 105//105
f 105//105 104//104 188//188
f 189//189 190//190 187//187
f 187//187 188//188 189//189
f 190//190 185//185 184//184
f 184//184 187//187 190//190
f 191//191 188//188 104//104
f 104//104 111//111 191//191
f 192//192 191//191 111//111
f 111//111 110//110 192//192
f 193//193 194//194 191//191
f 191//191 192//192 193//193
f 194//194 189//189 188//188
f 188//188 191//191 194//194
f 195//195 192//192 110//110
f 110//110 117//117 195//195
f 196//196 195//195 117//117
f 117//117 116//116 196//196
f 197//197 198//198 195//195
f 195//195 196//196 197//197
f 198//198 193//193 192//192
f 192//192 195//195 198//198
f 199//199 196//196 116//116
f 116//116 120//120 199//199
f 122//122 199//199 120//120
f 120//120 9//9 122//122
f 126//126 200//200 199//199
f 199//199 122//122 126//126
f 200//200 197//197 196//196
f 196//196 199//199 200//200
f 201//201 202//202 126//126
f 126//126 125//125 201//201
f 203//203 201//201 125//125
f 125//125 124//124 203//203
f 204//204 205//205 201//201
f 201//201 203//203 204//204
f 205//205 206//206 202//202
f 202//202 201//201 205//205
f 207//207 203//203 124//124
f 124//124 130//130 207//207
f 208//208 207//207 130//130
f 130//130 129//129 208//208
f 209//209 210//210 207//207
f 207//207 208//208 209//209
f 210//210 204//204 203//203
f 203//203 207//207 210//210
f 211//211 208//208 129//129
f 129//129 134//134 211//211
f 212//212 211//211 134//134
f 134//134 133//133 212//212
f 213//213 214//214 211//211
f 211//211 212//212 213//213
f 214//214 209//209 208//208
f 208//208 211//211 214//214
f 215//215 212//212 133//133
f 133//133 138//138 215//215
f 216//216 215//215 138//138
f 138//138 137//137 216//216
f 217//217 218//218 215//215
f 215//215 216//216 217//217
f 218//218 213//213 212//212
f 212//212 215//215 218//218
f 219//219 216//216 137//137
f 137//137 142//142 219//219
f 220//220 219//219 142//142
f 142//142 141//141 220//220
f 221//221 222//222 219//219
f 219//219 220//220 221//221
f 222//222 217//217 216//216
f 216//216 219//219 222//222
f 223//223 220//220 141//141
f 141//141 146//146 223//223
f 224//224 223//223 146//146
f 146//146 145//145 224//224
f 225//225 226//226 223//223
f 223//223 224//224 225//225
f 226//226 221//221 220//220
f 220//220 223//223 226//226
f 227//227 224//224 145//145
f 145//145 150//150 227//227
f 228//228 227//227 150//150
f 150//150 149//149 228//228
f 229//229 230//230 227//227
f 227//227 228//228 229//229
f 230//230 225//225 224//224
f 224//224 227//227 230//230
f 231//231 228//228 149//149
f 149//149 154//154 231//231
f 232//232 231//231 154//154
f 154//154 153//153 232//232
f 233//233 234//234 231//231
f 231//231 232//232 233//233
f 234//234 229//229 228//228
f 228//228 231//231 234//234
f 235//235 232//232 153//153
f 153//153 158//158 235//235
f 236//236 235//235 158//158
f 158//158 157//157 236//236
f 237//237 238//238 235//235
f 235//235 236//236 237//237
f 238//238 233//233 232//232
f 232//232 235//235 238//238
f 239//239 236//236 157//157
f 157//157 162//162 239//239
f 240//240 239//239 162//162
f 162//162 161//161 240//240
f 241//241 242//242 239//239
f 239//239 240//240 241//241
f 242//242 237//237 236//236
f 236//236 239//239 242//242
f 243//243 240//240 161//161
f 161//161 166//166 243//243
f 244//244 243//243 166//166
f 166//166 165//165 244//244
f 245//245 246//246 243//243
f 243//243 244//244 245//245
f 246//246 241//241 240//240
f 240//240 243//243 246//246
f 247//247 244//244 165//165
f 165//165 170//170 247//247
f 248//248 247//247 170//170
f 170//170 169//169 248//248
f 249//249 250//250 247//247
f 247//247 248//248 249//249
f 250//250 245//245 244//244
f 244//244 247//247 250//250
f 251//251 248//248 169//169
f 169//169 174//174 251//251
f 252//252 251//251 174//174
f 174//174 173//173 252//252
f 253//253 254//254 251//251
f 251//251 252//252 253//253
f 254//254 249//249 248//248
f 248//248 251//251 254//254
f 255//255 252//252 173//173
f 173//173 178//178 255//255
f 256//256 255//255 178//178
f 178//178 177//177 256//256
f 257//257 258//258 255//255
f 255//255 256//256 257//257
f 258//258 253//253 252//252
f 252//252 255//255 258//258
f 259//259 256//256 177//177
f 177//177 182//182 259//259
f 260//260 259//259 182//182
f 182//182 181//181 260//260
f 261//261 262//262 259//259
f 259//259 260//260 261//261
f 262//262 257//257 256//256
f 256//256 259//259 262//262
f 263//263 260//260 181//181
f 181//181 186//186 263//263
f 264//264 263//263 186//186
f 186//186 185//185 264//264
f 265//265 266//266 263//263
f 263//263 264//264 265//265
f 266//266 261//261 260//260
f 260//260 263//263 266//266
f 267//267 264//264 185//185
f 185//185 190//190 267//267
f 268//268 267//267 190//190
f 190//190 189//189 268//268
f 269//269 270//270 267//267
f 267//267 268//268 269//269
f 270//270 265//265 264//264
f 264//264 267//267 270//270
f 271//271 268//268 189//189
f 189//189 194//194 271//271
f 272//272 271//271 194//194
f 194//194 193//193 272//272
f 273//273 274//274 271//271
f 271//271 272//272 273//273
f 274//274 269//269 268//268
f 268//268 271//271 274//274
f 275//275 272//272 193//193
f 193//193 198//198 275//275
f 276//276 275//275 198//198
f 198//198 197//197 276//276
f 277//277 278//278 275//275
f 275//275 276//276 277//277
f 278//278 273//273 272//272
f 272//272 275//275 278//278
f 279//279 276//276 197//197
f 197//197 200//200 279//279
f 202//202 279//279 200//200
f 200//200 126//126 202//202
f 206//206 280//280 279//279
f 279//279 202//202 206//206
f 280//280 277//277 276//276
f 276//276 279//279 280//280
f 281//281 282//282 206//206
f 206//206 205//205 281//281
f 283//283 281//281 205//205
f 205//205 204//204 283//283
f 284//284 285//285 281//281
f 281//281 283//283 284//284
f 285//285 286//286 282//282
f 282//282 281//281 285//285
f 287//287 283//283 204//204
f 204//204 210//210 287//287
f 288//288 287//287 210//210
f 210//210 209//209 288//288
f 289//289 290//290 287//287
f 287//287 288//288 289//289
f 290//290 284//284 283//283
f 283//283 287//287 290//290
f 291//291 288//288 209//209
f 209//209 214//214 291//291
f 292//292 291//291 214//214
f 214//214 213//213 292//292
f 293//293 294//294 291//291
f 291//291 292//292 293//293
f 294//294 289//289 288//288
f 288//288 291//291 294//294
f 295//295 292//292 213//213
f 213//213 218//218 295//295
f 296//296 295//295 218//218
f 218//218 217//217 296//296
f 297//297 298//298 295//295
f 295//295 296//296 297//297
f 298//298 293//293 292//292
f 292//292 295//295 298//298
f 299//299 296//296 217//217
f 217//217 222//222 299//299
f 300//300 299//299 222//222
f 222//222 221//221 300//300
f 301//301 302//302 299//299
f 299//299 300//300 301//301
f 302//302 297//297 296//296
f 296//296 299//299 302//302
f 303//303 300//300 221//221
f 221//221 226//226 303//303
f 304//304 303//303 226//226
f 226//226 225//225 304//304
f 305//305 306//306 303//303
f 303//303 304//304 305//305
f 306//306 301//301 300//300
f 300//300 303//303 306//306
f 307//307 304//304 225//225
f 225//225 230//230 307//307
f 308//308 307//307 230//230
f 230//230 229//229 308//308
f 309//309 310//310 307//307
f 307//307 308//308 309//309
f 310//310 305//305 304//304
f 304//304 307//307 310//310
f 311//311 308//308 229//229
f 229//229 234//234 311//311
f 312//312 311//311 234//234
f 234//234 233//233 312//312
f 313//313 314//314 311//311
f 311//311 312//312 313//313
f 314//314 309//309 308//308
f 308//308 311//311 314//314
f 315//315 312//312 233//233
f 233//233 238//238 315//315
f 316//316 315//315 238//238
f 238//238 237//237 316//316
f 317//317 318//318 315//315
f 315//315 316//316 317//317
f 318//318 313//313 312//312
f 312//312 315//315 318//318
f 319//319 316//316 237//237
f 237//237 242//242 319//319
f 320//320 319//319 242//242
f 242//242 241//241 320//320
f 321//321 322//322 319//319
f 319//319 320//320 321//321
f 322//322 317//317 316//316
f 316//316 319//319 322//322
f 323//323 320//320 241//241
f 241//241 246//246 323//323
f 324//324 323//323 246//246
f 246//246 245//245 324//324
f 325//325 326//326 323//323
f 323//323 324//324 325//325
f 326//326 321//321 320//320
f 320//320 323//323 326//326
f 327//327 324//324 245//245
f 245//245 250//250 327//327
f 328//328 327//327 250//250
f 250//250 249//249 328//328
f 329//329 330//330 327//327
f 327//327 328//328 329//329
f 330//330 325//325 324//324
f 324//324 327//327 330//330
f 331//331 328//328 249//249
f 249//249 254//254 331//331
f 332//332 331//331 254//254
f 254//254 253//253 332//332
f 333//333 334//334 331//331
f 331//331 332//332 333//333
f 334//334 329//329 328//328
f 328//328 331//331 334//334
f 335//335 332//332 253//253
f 253//253 258//258 335//335
f 336//336 335//335 258//258
f 258//258 257//257 336//336
f 337//337 338//338 335//335
f 335//335 336//336 337//337
f 338//338 333//333 332//332
f 332//332 335//335 338//338
f 339//339 336//336 257//257
f 257//257 262//262 339//339
f 340//340 339//339 262//262
f 262//262 261//261 340//340
f 341//341 342//342 339//339
f 339//339 340//340 341//341
f 342//342 337//337 336//336
f 336//336 339//339 342//342
f 343//343 340//340 261//261
f 261//261 266//266 343//343
f 344//344 343//343 266//266
f 266//266 265//265 344//344
f 345//345 346//346 343//343
f 343//343 344//344 345//345
f 346//346 341//341 340//340
f 340//340 343//343 346//346
f 347//347 344//344 265//265
f 265//265 270//270 347//347
f 348//348 347//347 270//270
f 270//270 269//269 348//348
f 349//349 350//350 347//347
f 347//347 348//348 349//349
f 350//350 345//345 344//344
f 344//344 347//347 350//350
f 351//351 348//348 269//269
f 269//269 274//274 351//351
f 352//352 351//351 274//274
f 274//274 273//273 352//352
f 353//353 354//354 351//351
f 351//351 352//352 353//353
f 354//354 349//349 348//348
f 348//348 351//351 354//354
f 355//355 352//352 273//273
f 273//273 278//278 355//355
f 356//356 355//355 278//278
f 278//278 277//277 356//356
f 357//357 358//358 355//355
f 355//355 356//356 357//357
f 358//358 353//353 352//352
f 352//352 355//355 358//358
f 359//359 356//356 277//277
f 277//277 280//280 359//359
f 282//282 359//359 280//280
f 280//280 206//206 282//282
f 286//286 360//360 359//359
f 359//359 282//282 286//286
f 360//360 357//357 356//356
f 356//356 359//359 360//360
f 361//361 362//362 286//286
f 286//286 285//285 361//361
f 363//363 361//361 285//285
f 285//285 284//284 363//363
f 364//364 365//365 361//361
f 361//361 363//363 364//364
f 365//365 366//366 362//362
f 362//362 361//361 365//365
f 367//367 363//363 284//284
f 284//284 290//290 367//367
f 368//368 367//367 290//290
f 290//290 289//289 368//368
f 369//369 370//370 367//367
f 367//367 368//368 369//369
f 370//370 364//364 363//363
f 363//363 367//367 370//370
f 371//371 368//368 289//289
f 289//289 294//294 371//371
f 372//372 371//371 294//294
f 294//294 293//293 372//372
f 373//373 374//374 371//371
f 371//371 372//372 373//373
f 374//374 369//369 368//368
f 368//368 371//371 374//374
f 375//375 372//372 293//293
f 293//293 298//298 375//375
f 376//376 375//375 298//298
f 298//298 297//297 376//376
f 377//377 378//378 375//375
f 375//375 376//376 377//377
f 378//378 373//373 372//372
f 372//372 375//375 378//378
f 379//379 376//376 297//297
f 297//297 302//302 379//379
f 380//380 379//379 302//302
f 302//302 301//301 380//380
f 381//381 382//382 379//379
f 379//379 380//380 381//381
f 382//382 377//377 376//376
f 376//376 379//379 382//382
f 383//383 380//380 301//301
f 301//301 306//306 383//383
f 384//384 383//383 306//306
f 306//306 305//305 384//384
f 385//385 386//386 383//383
f 383//383 384//384 385//385
f 386//386 381//381 380//380
f 380//380 383//383 386//386
f 387//387 384//384 305//305
f 305//305 310//310 387//387
f 388//388 387//387 310//310
f 310//310 309//309 388//388
f 389//389 390//390 387//387
f 387//387 388//388 389//389
f 390//390 385//385 384//384
f 384//384 387//387 390//390
f 391//391 388//388 309//309
f 309//309 314//314 391//391
f 392//392 391//391 314//314
f 314//314 313//313 392//392
f 393//393 394//394 391//391
f 391//391 392//392 393//393
f 394//394 389//389 388//388
f 388//388 391//391 394//394
f 395//395 392//392 313//313
f 313//313 318//318 395//395
f 396//396 395//395 318//318
f 318//318 317//317 396//396
f 397//397 398//398 395//395
f 395//395 396//396 397//397
f 398//398 393//393 392//392
f 392//392 395//395 398//398
f 399//399 396//396 317//317
f 317//317 322//322 399//399
f 400//400 399//399 322//322
f 322//322 321//321 400//400
f 401//401 402//402 399//399
f 399//399 400//400 401//401
f 402//402 397//397 396//396
f 396//396 399//399 402//402
f 403//403 400//400 321//321
f 321//321 326//326 403//403
f 404//404 403//403 326//326
f 326//326 325//325 404//404
f 405//405 406//406 403//403
f 403//403 404//404 405//405
f 406//406 401//401 400//400
f 400//400 403//403 406//406
f 407//407 404//404 325//325
f 325//325 330//330 407//407
f 408//408 407//407 330//330
f 330//330 329//329 408//408
f 409//409 410//410 407//407
f 407//407 408//408 409//409
f 410//410 405//405 404//404
f 404//404 407//407 410//410
f 411//411 408//408 329//329
f 329//329 334//334 411//411
f 412//412 411//411 334//334
f 334//334 333//333 412//412
f 413//413 414//414 411//411
f 411//411 412//412 413//413
f 414//414 409//409 408//408
f 408//408 411//411 414//414
f 415//415 412//412 333//333
f 333//333 338//338 415//415
f 416//416 415//415 338//338
f 338//338 337//337 416//416
f 417//417 418//418 415//415
f 415//415 416//416 417//417
f 418//418 413//413 412//412
f 412//412 415//415 418//418
f 419//419 416//416 337//337
f 337//337 342//342 419//419
f 420//420 419//419 342//342
f 342//342 341//341 420//420
f 421//421 422//422 419//419
f 419//419 420//420 421//421
f 422//422 417//417 416//416
f 416//416 419//419 422//422
f 423//423 420//420 341//341
f 341//341 346//346 423//423
f 424//424 423//423 346//346
f 346//346 345//345 424//424
f 425//425 426//426 423//423
f 423//423 424//424 425//425
f 426//426 421//421 420//420
f 420//420 423//423 426//426
f 427//427 424//424 345//345
f 345//345 350//350 427//427
f 428//428 427//427 350//350
f 350//350 349//349 428//428
f 429//429 430//430 427//427
f 427//427 428//428 429//429
f 430//430 425//425 424//424
f 424//424 427//427 430//430
f 431//431 428//428 349//349
f 349//349 354//354 431//431
f 432//432 431//431 354//354
f 354//354 353//353 432//432
f 433//433 434//434 431//431
f 431//431 432//432 433//433
f 434//434 429//429 428//428
f 428//428 431//431 434//434
f 435//435 432//432 353//353
f 353//353 358//358 435//435
f 436//436 435//435 358//358
f 358//358 357//357 436//436
f 437//437 438//438 435//435
f 435//435 436//436 437//437
f 438//438 433//433 432//432
f 432//432 435//435 438//438
f 439//439 436//436 357//357
f 357//357 360//360 439//439
f 362//362 439//439 360//360
f 360//360 286//286 362//362
f 366//366 440//440 439//439
f 439//439 362//362 366//366
f 440//440 437//437 436//436
f 436//436 439//439 440//440
f 441//441 442//442 366//366
f 366//366 365//365 441//441
f 443//443 441//441 365//365
f 365//365 364//364 443//443
f 444//444 445//445 441//441
f 441//441 443//443 444//444
f 445//445 446//446 442//442
f 442//442 441//441 445//445
f 447//447 443//443 364//364
f 364//364 370//370 447//447
f 448//448 447//447 370//370
f 370//370 369//369 448//448
f 449//449 450//450 447//447
f 447//447 448//448 449//449
f 450//450 444//444 443//443
f 443//443 447//447 450//450
f 451//451 448//448 369//369
f 369//369 374//374 451//451
f 452//452 451//451 374//374
f 374//374 373//373 452//452
f 453//453 454//454 451//451
f 451//451 452//452 453//453
f 454//454 449//449 448//448
f 448//448 451//451 454//454
f 455//455 452//452 373//373
f 373//373 378//378 455//455
f 456//456 455//455 378//378
f 378//378 377//377 456//456
f 457//457 458//458 455//455
f 455//455 456//456 457//457
f 458//458 453//453 452//452
f 452//452 455//455 458//458
f 459//459 456//456 377//377
f 377//377 382//382 459//459
f 460//460 459//459 382//382
f 382//382 381//381 460//460
f 461//461 462//462 459//459
f 459//459 460//460 461//461
f 462//462 457//457 456//456
f 456//456 459//459 462//462
f 463//463 460//460 381//381
f 381//381 386//386 463//463
f 464//464 463//463 386//386
f 386//386 385//385 464//464
f 465//465 466//466 463//463
f 463//463 464//464 465//465
f 466//466 461//461 460//460
f 460//460 463//463 466//466
f 467//467 464//464 385//385
f 385//385 390//390 467//467
f 468//468 467//467 390//390
f 390//390 389//389 468//468
f 469//469 470//470 467//467
f 467//467 468//468 469//469
f 470//470 465//465 464//464
f 464//464 467//467 470//470
f 471//471 468//468 389//389
f 389//389 394//394 471//471
f 472//472 471//471 394//394
f 394//394 393//393 472//472
f 473//473 474//474 471//471
f 471//471 472//472 473//473
f 474//474 469//469 468//468
f 468//468 471//471 474//474
f 475//475 472//472 393//393
f 393//393 398//398 475//475
f 476//476 475//475 398//398
f 398//398 397//397 476//476
f 477//477 478//478 475//475
f 475//475 476//476 477//477
f 478//478 473//473 472//472
f 472//472 475//475 478//478
f 479//479 476//476 397//397
f 397//397 402//402 479//479
f 480//480 479//479 402//402
f 402//402 401//401 480//480
f 481//481 482//482 479//479
f 479//479 480//480 481//481
f 482//482 477//477 476//476
f 476//476 479//479 482//482
f 483//483 480//480 401//401
f 401//401 406//406 483//483
f 484//484 483//483 406//406
f 406//406 405//405 484//484
f 485//485 486//486 483//483
f 483//483 484//484 485//485
f 486//486 481//481 480//480
f 480//480 483//483 486//486
f 487//487 484//484 405//405
f 405//405 410//410 487//487
f 488//488 487//487 410//410
f 410//410 409//409 488//488
f 489//489 490//490 487//487
f 487//487 488//488 489//489
f 490//490 485//485 484//484
f 484//484 487//487 490//490
f 491//491 488//488 409//409
f 409//409 414//414 491//491
f 492//492 491//491 414//414
f 414//414 413//413 492//492
f 493//493 494//494 491//491
f 491//491 492//492 493//493
f 494//494 489//489 488//488
f 488//488 491//491 494//494
f 495//495 492//492 413//413
f 413//413 418//418 495//495
f 496//496 495//495 418//418
f 418//418 417//417 496//496
f 497//497 498//498 495//495
f 495//495 496//496 497//497
f 498//498 493//493 492//492
f 492//492 495//495 498//498
f 499//499 496//496 417//417
f 417//417 422//422 499//499
f 500//500 499//499 422//422
f 422//422 421//421 500//500
f 501//501 502//502 499//499
f 499//499 500//500 501//501
f 502//502 497//497 496//496
f 496//496 499//499 502//502
f 503//503 500//500 421//421
f 421//421 426//426 503//503
f 504//504 503//503 426//426
f 426//426 425//425 504//504
f 505//505 506//506 503//503
f 503//503 504//504 505//505
f 506//506 501//501 500//500
f 500//500 503//503 506//506
f 507//507 504//504 425//425
f 425//425 430//430 507//507
f 508//508 507//507 430//430
f 430//430 429//429 508//508
f 509//509 510//510 507//507
f 507//507 508//508 509//509
f 510//510 505//505 504//504
f 504//504 507//507 510//510
f 511//511 508//508 429//429
f 429//429 434//434 511//511
f 512//512 511//511 434//434
f 434//434 433//433 512//512
f 513//513 514//514 511//511
f 511//511 512//512 513//513
f 514//514 509//509 508//508
f 508//508 511//511 514//514
f 515//515 512//512 433//433
f 433//433 438//438 515//515
f 516//516 515//515 438//438
f 438//438 437//437 516//516
f 517//517 518//518 515//515
f 515//515 516//516 517//517
f 518//518 513//513 512//512
f 512//512 515//515 518//518
f 519//519 516//516 437//437
f 437//437 440//440 519//519
f 442//442 519//519 440//440
f 440//440 366//366 442//442
f 446//446 520//520 519//519
f 519//519 442//442 446//446
f 520//520 517//517 516//516
f 516//516 519//519 520//520
f 521//521 522//522 446//446
f 446//446 445//445 521//521
f 523//523 521//521 445//445
f 445//445 444//444 523//523
f 524//524 525//525 521//521
f 521//521 523//523 524//524
f 525//525 526//526 522//522
f 522//522 521//521 525//525
f 527//527 523//523 444//444
f 444//444 450//450 527//527
f 528//528 527//527 450//450
f 450//450 449//449 528//528
f 529//529 530//530 527//527
f 527//527 528//528 529//529
f 530//530 524//524 523//523
f 523//523 527//527 530//530
f 531//531 528//528 449//449
f 449//449 454//454 531//531
f 532//532 531//531 454//454
f 454//454 453//453 532//532
f 533//533 534//534 531//531
f 531//531 532//532 533//533
f 534//534 529//529 528//528
f 528//528 531//531 534//534
f 535//535 532//532 453//453
f 453//453 458//458 535//535
f 536//536 535//535 458//458
f 458//458 457//457 536//536
f 537//537 538//538 535//535
f 535//535 536//536 537//537
f 538//538 533//533 532//532
f 532//532 535//535 538//538
f 539//539 536//536 457//457
f 457//457 462//462 539//539
f 540//540 539//539 462//462
f 462//462 461//461 540//540
f 541//541 542//542 539//539
f 539//539 540//540 541//541
f 542//542 537//537 536//536
f 536//536 539//539 542//542
f 543//543 540//540 461//461
f 461//461 466//466 543//543
f 544//544 543//543 466//466
f 466//466 465//465 544//544
f 545//545 546//546 543//543
f 543//543 544//544 545//545
f 546//546 541//541 540//540
f 540//540 543//543 546//546
f 547//547 544//544 465//465
f 465//465 470//470 547//547
f 548//548 547//547 470//470
f 470//470 469//469 548//548
f 549//549 550//550 547//547
f 547//547 548//548 549//549
f 550//550 545//545 544//544
f 544//544 547//547 550//550
f 551//551 548//548 469//469
f 469//469 474//474 551//551
f 552//552 551//551 474//474
f 474//474 473//473 552//552
f 553//553 554//554 551//551
f 551//551 552//552 553//553
f 554//554 549//549 548//548
f 548//548 551//551 554//554
f 555//555 552//552 473//473
f 473//473 478//478 555//555
f 556//556 555//555 478//478
f 478//478 477//477 556//556
f 557//557 558//558 555//555
f 555//555 556//556 557//557
f 558//558 553//553 552//552
f 552//552 555//555 558//558
f 559//559 556//556 477//477
f 477//477 482//482 559//559
f 560//560 559//559 482//482
f 482//482 481//481 560//560
f 561//561 562//562 559//559
f 559//559 560//560 561//561
f 562//562 557//557 556//556
f 556//556 559//559 562//562
f 563//563 560//560 481//481
f 481//481 486//486 563//563
f 564//564 563//563 486//486
f 486//486 485//485 564//564
f 565//565 566//566 563//563
f 563//563 564//564 565//565
f 566//566 561//561 560//560
f 560//560 563//563 566//566
f 567//567 564//564 485//485
f 485//485 490//490 567//567
f 568//568 567//567 490//490
f 490//490 489//489 568//568
f 569//569 570//570 567//567
f 567//567 568//568 569//569
f 570//570 565//565 564//564
f 564//564 567//567 570//570
f 571//571 568//568 489//489
f 489//489 494//494 571//571
f 572//572 571//571 494//494
f 494//494 493//493 572//572
f 573//573 574//574 571//571
f 571//571 572//572 573//573
f 574//574 569//569 568//568
f 568//568 571//571 574//574
f 575//575 572//572 493//493
f 493//493 498//498 575//575
f 576//576 575//575 498//498
f 498//498 497//497 576//576
f 577//577 578//578 575//575
f 575//575 576//576 577//577
f 578//578 573//573 572//572
f 572//572 575//575 578//578
f 579//579 576//576 497//497
f 497//497 502//502 579//579
f 580//580 579//579 502//502
f 502//502 501//501 580//580
f 581//581 582//582 579//579
f 579//579 580//580 581//581
f 582//582 577//577 576//576
f 576//576 579//579 582//582
f 583//583 580//580 501//501
f 501//501 506//506 583//583
f 584//584 583//583 506//506
f 506//506 505//505 584//584
f 585//585 586//586 583//583
f 583//583 584//584 585//585
f 586//586 581//581 580//580
f 580//580 583//583 586//586
f 587//587 584//584 505//505
f 505//505 510//510 587//587
f 588//588 587//587 510//510
f 510//510 509//509 588//588
f 589//589 590//590 587//587
f 587//587 588//588 589//589
f 590//590 585//585 584//584
f 584//584 587//587 590//590
f 591//591 588//588 509//509
f 509//509 514//514 591//591
f 592//592 591//591 514//514
f 514//514 513//513 592//592
f 593//593 594//594 591//591
f 591//591 592//592 593//593
f 594//594 589//589 588//588
f 588//588 591//591 594//594
f 595//595 592//592 513//513
f 513//513 518//518 595//595
f 596//596 595//595 518//518
f 518//518 517//517 596//596
f 597//597 598//598 595//595
f 595//595 596//596 597//597
f 598//598 593//593 592//592
f 592//592 595//595 598//598
f 599//599 596//596 517//517
f 517//517 520//520 599//599
f 522//522 599//599 520//520
f 520//520 446//446 522//522
f 526//526 600//600 599//599
f 599//599 522//522 526//526
f 600//600 597//597 596//596
f 596//596 599//599 600//600
f 601//601 602//602 526//526
f 526//526 525//525 601//601
f 603//603 601//601 525//525
f 525//525 524//524 603//603
f 604//604 605//605 601//601
f 601//601 603//603 604//604
f 605//605 606//606 602//602
f 602//602 601//601 605//605
f 607//607 603//603 524//524
f 524//524 530//530 607//607
f 608//608 607//607 530//530
f 530//530 529//529 608//608
f 609//609 610//610 607//607
f 607//607 608//608 609//609
f 610//610 604//604 603//603
f 603//603 607//607 610//610
f 611//611 608//608 529//529
f 529//529 534//534 611//611
f 612//612 611//611 534//534
f 534//534 533//533 612//612
f 613//613 614//614 611//611
f 611//611 612//612 613//613
f 614//614 609//609 608//608
f 608//608 611//611 614//614
f 615//615 612//612 533//533
f 533//533 538//538 615//615
f 616//616 615//615 538//538
f 538//538 537//537 616//616
f 617//617 618//618 615//615
f 615//615 616//616 617//617
f 618//618 613//613 612//612
f 612//612 615//615 618//618
f 619//619 616//616 537//537
f 537//537 542//542 619//619
f 620//620 619//619 542//542
f 542//542 541//541 620//620
f 621//621 622//622 619//619
f 619//619 620//620 621//621
f 622//622 617//617 616//616
f 616//616 619//619 622//622
f 623//623 620//620 541//541
f 541//541 546//546 623//623
f 624//624 623//623 546//546
f 546//546 545//545 624//624
f 625//625 626//626 623//623
f 623//623 624//624 625//625
f 626//626 621//621 620//620
f 620//620 623//623 626//626
f 627//627 624//624 545//545
f 545//545 550//550 627//627
f 628//628 627//627 550//550
f 550//550 549//549 628//628
f 629//629 630//630 627//627
f 627//627 628//628 629//629
f 630//630 625//625 624//624
f 624//624 627//627 630//630
f 631//631 628//628 549//549
f 549//549 554//554 631//631
f 632//632 631//631 554//554
f 554//554 553//553 632//632
f 633//633 634//634 631//631
f 631//631 632//632 633//633
f 634//634 629//629 628//628
f 628//628 631//631 634//634
f 635//635 632//632 553//553
f 553//553 558//558 635//635
f 636//636 635//635 558//558
f 558//558 557//557 636//636
f 637//637 638//638 635//635
f 635//635 636//636 637//637
f 638//638 633//633 632//632
f 632//632 635//635 638//638
f 639//639 636//636 557//557
f 557//557 562//562 639//639
f 640//640 639//639 562//562
f 562//562 561//561 640//640
f 641//641 642//642 639//639
f 639//639 640//640 641//641
f 642//642 637//637 636//636
f 636//636 639//639 642//642
f 643//643 640//640 561//561
f 561//561 566//566 643//643
f 644//644 643//643 566//566
f 566//566 565//565 644//644
f 645//645 646//646 643//643
f 643//643 644//644 645//645
f 646//646 641//641 640//640
f 640//640 643//643 646//646
f 647//647 644//644 565//565
f 565//565 570//570 647//647
f 648//648 647//647 570//570
f 570//570 569//569 648//648
f 649//649 650//650 647//647
f 647//647 648//648 649//649
f 650//650 645//645 644//644
f 644//644 647//647 650//650
f 651//651 648//648 569//569
f 569//569 574//574 651//651
f 652//652 651//651 574//574
f 574//574 573//573 652//652
f 653//653 654//654 651//651
f 651//651 652//652 653//653
f 654//654 649//649 648//648
f 648//648 651//651 654//654
f 655//655 652//652 573//573
f 573//573 578//578 655//655
f 656//656 655//655 578//578
f 578//578 577//577 656//656
f 657//657 658//658 655//655
f 655//655 656//656 657//657
f 658//658 653//653 652//652
f 652//652 655//655 658//658
f 659//659 656//656 577//577
f 577//577 582//582 659//659
f 660//660 659//659 582//582
f 582//582 581//581 660//660
f 661//661 662//662 659//659
f 659//659 660//660 661//661
f 662//662 657//657 656//656
f 656//656 659//659 662//662
f 663//663 660//660 581//581
f 581//581 586//586 663//663
f 664//664 663//663 586//586
f 586//586 585//585 664//664
f 665//665 666//666 663//663
f 663//663 664//664 665//665
f 666//666 661//661 660//660
f 660//660 663//663 666//666
f 667//667 664//664 585//585
f 585//585 590//590 667//667
f 668//668 667//667 590//590
f 590//590 589//589 668//668
f 669//669 670//670 667//667
f 667//667 668//668 669//669
f 670//670 665//665 664//664
f 664//664 667//667 670//670
f 671//671 668//668 589//589
f 589//589 594//594 671//671
f 672//672 671//671 594//594
f 594//594 593//593 672//672
f 673//673 674//674 671//671
f 671//671 672//672 673//673
f 674//674 669//669 668//668
f 668//668 671//671 674//674
f 675//675 672//672 593//593
f 593//593 598//598 675//675
f 676//676 675//675 598//598
f 598//598 597//597 676//676
f 677//677 678//678 675//675
f 675//675 676//676 677//677
f 678//678 673//673 672//672
f 672//672 675//675 678//678
f 679//679 676//676 597//597
f 597//597 600//600 679//679
f 602//602 679//679 600//600
f 600//600 526//526 602//602
f 606//606 680//680 679//679
f 679//679 602//602 606//606
f 680//680 677//677 676//676
f 676//676 679//679 680//680
f 681//681 682//682 606//606
f 606//606 605//605 681//681
f 683//683 681//681 605//605
f 605//605 604//604 683//683
f 684//684 685//685 681//681
f 681//681 683//683 684//684
f 685//685 686//686 682//682
f 682//682 681//681 685//685
f 687//687 683//683 604//604
f 604//604 610//610 687//687
f 688//688 687//687 610//610
f 610//610 609//609 688//688
f 689//689 690//690 687//687
f 687//687 688//688 689//689
f 690//690 684//684 683//683
f 683//683 687//687 690//690
f 691//691 688//688 609//609
f 609//609 614//614 691//691
f 692//692 691//691 614//614
f 614//614 613//613 692//692
f 693//693 694//694 691//691
f 691//691 692//692 693//693
f 694//694 689//689 688//688
f 688//688 691//691 694//694
f 695//695 692//692 613//613
f 613//613 618//618 695//695
f 696//696 695//695 618//618
f 618//618 617//617 696//696
f 697//697 698//698 695//695
f 695//695 696//696 697//697
f 698//698 693//693 692//692
f 692//692 695//695 698//698
f 699//699 696//696 617//617
f 617//617 622//622 699//699
f 700//700 699//699 622//622
f 622//622 621//621 700//700
f 701//701 702//702 699//699
f 699//699 700//700 701//701
f 702//702 697//697 696//696
f 696//696 699//699 702//702
f 703//703 700//700 621//621
f 621//621 626//626 703//703
f 704//704 703//703 626//626
f 626//626 625//625 704//704
f 705//705 706//706 703//703
f 703//703 704//704 705//705
f 706//706 701//701 700//700
f 700//700 703//703 706//706
f 707//707 704//704 625//625
f 625//625 630//630 707//707
f 708//708 707//707 630//630
f 630//630 629//629 708//708
f 709//709 710//710 707//707
f 707//707 708//708 709//709
f 710//710 705//705 704//704
f 704//704 707//707 710//710
f 711//711 708//708 629//629
f 629//629 634//634 711//711
f 712//712 711//711 634//634
f 634//634 633//633 712//712
f 713//713 714//714 711//711
f 711//711 712//712 713//713
f 714//714 709//709 708//708
f 708//708 711//711 714//714
f 715//715 712//712 633//633
f 633//633 638//638 715//715
f 716//716 715//715 638//638
f 638//638 637//637 716//716
f 717//717 718//718 715//715
f 715//715 716//716 717//717
f 718//718 713//713 712//712
f 712//712 715//715 718//718
f 719//719 716//716 637//637
f 637//637 642//642 719//719
f 720//720 719//719 642//642
f 642//642 641//641 720//720
f 721//721 722//722 719//719
f 719//719 720//720 721//721
f 722//722 717//717 716//716
f 716//716 719//719 722//722
f 723//723 720//720 641//641
f 641//641 646//646 723//723
f 724//724 723//723 646//646
f 646//646 645//645 724//724
f 725//725 726//726 723//723
f 723//723 724//724 725//725
f 726//726 721//721 720//720
f 720//720 723//723 726//726
f 727//727 724//724 645//645
f 645//645 650//650 727//727
f 728//728 727//727 650//650
f 650//650 649//649 728//728
f 729//729 730//730 727//727
f 727//727 728//728 729//729
f 730//730 725//725 724//724
f 724//724 727//727 730//730
f 731//731 728//728 649//649
f 649//649 654//654 731//731
f 732//732 731//731 654//654
f 654//654 653//653 732//732
f 733//733 734//734 731//731
f 731//731 732//732 733//733
f 734//734 729//729 728//728
f 728//728 731//731 734//734
f 735//735 732//732 653//653
f 653//653 658//658 735//735
f 736//736 735//735 658//658
f 658//658 657//657 736//736
f 737//737 738//738 735//735
f 735//735 736//736 737//737
f 738//738 733//733 732//732
f 732//732 735//735 738//738
f 739//739 736//736 657//657
f 657//657 662//662 739//739
f 740//740 739//739 662//662
f 662//662 661//661 740//740
f 741//741 742//742 739//739
f 739//739 740//740 741//741
f 742//742 737//737 736//736
f 736//736 739//739 742//742
f 743//743 740//740 661//661
f 661//661 666//666 743//743
f 744//744 743//743 666//666
f 666//666 665//665 744//744
f 745//745 746//746 743//743
f 743//743 744//744 745//745
f 746//746 741//741 740//740
f 740//740 743//743 746//746
f 747//747 744//744 665//665
f 665//665 670//670 747//747
f 748//748 747//747 670//670
f 670//670 669//669 748//748
f 749//749 750//750 747//747
f 747//747 748//748 749//749
f 750//750 745//745 744//744
f 744//744 747//747 750//750
f 751//751 748//748 669//669
f 669//669 674//674 751//751
f 752//752 751//751 674//674
f 674//674 673//673 752//752
f 753//753 754//754 751//751
f 751//751 752//752 753//753
f 754//754 749//749 748//748
f 748//748 751//751 754//754
f 755//755 752//752 673//673
f 673//673 678//678 755//755
f 756//756 755//755 678//678
f 678//678 677//677 756//756
f 757//757 758//758 755//755
f 755//755 756//756 757//757
f 758//758 753//753 752//752
f 752//752 755//755 758//758
f 759//759 756//756 677//677
f 677//677 680//680 759//759
f 682//682 759//759 680//680
f 680//680 606//606 682//682
f 686//686 760//760 759//759
f 759//759 682//682 686//686
f 760//760 757//757 756//756
f 756//756 759//759 760//760
f 761//761 762//762 686//686
f 686//686 685//685 761//761
f 763//763 761//761 685//685
f 685//685 684//684 763//763
f 764//764 765//765 761//761
f 761//761 763//763 764//764
f 765//765 766//766 762//762
f 762//762 761//761 765//765
f 767//767 763//763 684//684
f 684//684 690//690 767//767
f 768//768 767//767 690//690
f 690//690 689//689 768//768
f 769//769 770//770 767//767
f 767//767 768//768 769//769
f 770//770 764//764 763//763
f 763//763 767//767 770//770
f 771//771 768//768 689//689
f 689//689 694//694 771//771
f 772//772 771//771 694//694
f 694//694 693//693 772//772
f 773//773 774//774 771//771
f 771//771 772//772 773//773
f 774//774 769//769 768//768
f 768//768 771//771 774//774
f 775//775 772//772 693//693
f 693//693 698//698 775//775
f 776//776 775//775 698//698
f 698//698 697//697 776//776
f 777//777 778//778 775//775
f 775//775 776//776 777//777
f 778//778 773//773 772//772
f 772//772 775//775 778//778
f 779//779 776//776 697//697
f 697//697 702//702 779//779
f 780//780 779//779 702//702
f 702//702 701//701 780//780
f 781//781 782//782 779//779
f 779//779 780//780 781//781
f 782//782 777//777 776//776
f 776//776 779//779 782//782
f 783//783 780//780 701//701
f 701//701 706//706 783//783
f 784//784 783//783 706//706
f 706//706 705//705 784//784
f 785//785 786//786 783//783
f 783//783 784//784 785//785
f 786//786 781//781 780//780
f 780//780 783//783 786//786
f 787//787 784//784 705//705
f 705//705 710//710 787//787
f 788//788 787//787 710//710
f 710//710 709//709 788//788
f 789//789 790//790 787//787
f 787//787 788//788 789//789
f 790//790 785//785 784//784
f 784//784 787//787 790//790
f 791//791 788//788 709//709
f 709//709 714//714 791//791
f 792//792 791//791 714//714
f 714//714 713//713 792//792
f 793//793 794//794 791//791
f 791//791 792//792 793//793
f 794//794 789//789 788//788
f 788//788 791//791 794//794
f 795//795 792//792 713//713
f 713//713 718//718 795//795
f 796//796 795//795 718//718
f 718//718 717//717 796//796
f 797//797 798//798 795//795
f 795//795 796//796 797//797
f 798//798 793//793 792//792
f 792//792 795//795 798//798
f 799//799 796//796 717//717
f 717//717 722//722 799//799
f 800//800 799//799 722//722
f 722//722 721//721 800//800
f 801//801 802//802 799//799
f 799//799 800//800 801//801
f 802//802 797//797 796//796
f 796//796 799//799 802//802
f 803//803 800//800 721//721
f 721//721 726//726 803//803
f 804//804 803//803 726//726
f 726//726 725//725 804//804
f 805//805 806//806 803//803
f 803//803 804//804 805//805
f 806//806 801//801 800//800
f 800//800 803//803 806//806
f 807//807 804//804 725//725
f 725//725 730//730 807//807
f 808//808 807//807 730//730
f 730//730 729//729 808//808
f 809//809 810//810 807//807
f 807//807 808//808 809//809
f 810//810 805//805 804//804
f 804//804 807//807 810//810
f 811//811 808//808 729//729
f 729//729 734//734 811//811
f 812//812 811//811 734//734
f 734//734 733//733 812//812
f 813//813 814//814 811//811
f 811//811 812//812 813//813
f 814//814 809//809 808//808
f 808//808 811//811 814//814
f 815//815 812//812 733//733
f 733//733 738//738 815//815
f 816//816 815//815 738//738
f 738//738 737//737 816//816
f 817//817 818//818 815//815
f 815//815 816//816 817//817
f 818//818 813//813 812//812
f 812//812 815//815 818//818
f 819//819 816//816 737//737
f 737//737 742//742 819//819
f 820//820 819//819 742//742
f 742//742 741//741 820//820
f 821//821 822//822 819//819
f 819//819 820//820 821//821
f 822//822 817//817 816//816
f 816//816 819//819 822//822
f 823//823 820//820 741//741
f 741//741 746//746 823//823
f 824//824 823//823 746//746
f 746//746 745//745 824//824
f 825//825 826//826 823//823
f 823//823 824//824 825//825
f 826//826 821//821 820//820
f 820//820 823//823 826//826
f 827//827 824//824 745//745
f 745//745 750//750 827//827
f 828//828 827//827 750//750
f 750//750 749//749 828//828
f 829//829 830//830 827//827
f 827//827 828//828 829//829
f 830//830 825//825 824//824
f 824//824 827//827 830//830
f 831//831 828//828 749//749
f 749//749 754//754 831//831
f 832//832 831//831 754//754
f 754//754 753//753 832//832
f 833//833 834//834 831//831
f 831//831 832//832 833//833
f 834//834 829//829 828//828
f 828//828 831//831 834//834
f 835//835 832//832 753//753
f 753//753 758//758 835//835
f 836//836 835//835 758//758
f 758//758 757//757 836//836
f 837//837 838//838 835//835
f 835//835 836//836 837//837
f 838//838 833//833 832//832
f 832//832 835//835 838//838
f 839//839 836//836 757//757
f 757//757 760//760 839//839
f 762//762 839//839 760//760
f 760//760 686//686 762//762
f 766//766 840//840 839//839
f 839//839 762//762 766//766
f 840//840 837//837 836//836
f 836//836 839//839 840//840
f 841//841 842//842 766//766
f 766//766 765//765 841//841
f 843//843 841//841 765//765
f 765//765 764//764 843//843
f 844//844 845//845 841//841
f 841//841 843//843 844//844
f 845//845 846//846 842//842
f 842//842 841//841 845//845
f 847//847 843//843 764//764
f 764//764 770//770 847//847
f 848//848 847//847 770//770
f 770//770 769//769 848//848
f 849//849 850//850 847//847
f 847//847 848//848 849//849
f 850//850 844//844 843//843
f 843//843 847//847 850//850
f 851//851 848//848 769//769
f 769//769 774//774 851//851
f 852//852 851//851 774//774
f 774//774 773//773 852//852
f 853//853 854//854 851//851
f 851//851 852//852 853//853
f 854//854 849//849 848//848
f 848//848 851//851 854//854
f 855//855 852//852 773//773
f 773//773 778//778 855//855
f 856//856 855//855 778//778
f 778//778 777//777 856//856
f 857//857 858//858 855//855
f 855//855 856//856 857//857
f 858//858 853//853 852//852
f 852//852 855//855 858//858
f 859//859 856//856 777//777
f 777//777 782//782 859//859
f 860//860 859//859 782//782
f 782//782 781//781 860//860
f 861//861 862//862 859//859
f 859//859 860//860 861//861
f 862//862 857//857 856//856
f 856//856 859//859 862//862
f 863//863 860//860 781//781
f 781//781 786//786 863//863
f 864//864 863//863 786//786
f 786//786 785//785 864//864
f 865//865 866//866 863//863
f 863//863 864//864 865//865
f 866//866 861//861 860//860
f 860//860 863//863 866//866
f 867//867 864//864 785//785
f 785//785 790//790 867//867
f 868//868 867//867 790//790
f 790//790 789//789 868//868
f 869//869 870//870 867//867
f 867//867 868//868 869//869
f 870//870 865//865 864//864
f 864//864 867//867 870//870
f 871//871 868//868 789//789
f 789//789 794//794 871//871
f 872//872 871//871 794//794
f 794//794 793//793 872//872
f 873//873 874//874 871//871
f 871//871 872//872 873//873
f 874//874 869//869 868//868
f 868//868 871//871 874//874
f 875//875 872//872 793//793
f 793//793 798//798 875//875
f 876//876 875//875 798//798
f 798//798 797//797 876//876
f 877//877 878//878 875//875
f 875//875 876//876 877//877
f 878//878 873//873 872//872
f 872//872 875//875 878//878
f 879//879 876//876 797//797
f 797//797 802//802 879//879
f 880//880 879//879 802//802
f 802//802 801//801 880//880
f 881//881 882//882 879//879
f 879//879 880//880 881//881
f 882//882 877//877 876//876
f 876//876 879//879 882//882
f 883//883 880//880 801//801
f 801//801 806//806 883//883
f 884//884 883//883 806//806
f 806//806 805//805 884//884
f 885//885 886//886 883//883
f 883//883 884//884 885//885
f 886//886 881//881 880//880
f 880//880 883//883 886//886
f 887//887 884//884 805//805
f 805//805 810//810 887//887
f 888//888 887//887 810//810
f 810//810 809//809 888//888
f 889//889 890//890 887//887
f 887//887 888//888 889//889
f 890//890 885//885 884//884
f 884//884 887//887 890//890
f 891//891 888//888 809//809
f 809//809 814//814 891//891
f 892//892 891//891 814//814
f 814//814 813//813 892//892
f 893//893 894//894 891//891
f 891//891 892//892 893//893
f 894//894 889//889 888//888
f 888//888 891//891 894//894
f 895//895 892//892 813//813
f 813//813 818//818 895//895
f 896//896 895//895 818//818
f 818//818 817//817 896//896
f 897//897 898//898 895//895
f 895//895 896//896 897//897
f 898//898 893//893 892//892
f 892//892 895//895 898//898
f 899//899 896//896 817//817
f 817//817 822//822 899//899
f 900//900 899//899 822//822
f 822//822 821//821 900//900
f 901//901 902//902 899//899
f 899//899 900//900 901//901
f 902//902 897//897 896//896
f 896//896 899//899 902//902
f 903//903 900//900 821//821
f 821//821 826//826 903//903
f 904//904 903//903 826//826
f 826//826 825//825 904//904
f 905//905 906//906 903//903
f 903//903 904//904 905//905
f 906//906 901//901 900//900
f 900//900 903//903 906//906
f 907//907 904//904 825//825
f 825//825 830//830 907//907
f 908//908 907//907 830//830
f 830//830 829//829 908//908
f 909//909 910//910 907//907
f 907//907 908//908 909//909
f 910//910 905//905 904//904
f 904//904 907//907 910//910
f 911//911 908//908 829//829
f 829//829 834//834 911//911
f 912//912 911//911 834//834
f 834//834 833//833 912//912
f 913//913 914//914 911//911
f 911//911 912//912 913//913
f 914//914 909//909 908//908
f 908//908 911//911 914//914
f 915//915 912//912 833//833
f 833//833 838//838 915//915
f 916//916 915//915 838//838
f 838//838 837//837 916//916
f 917//917 918//918 915//915
f 915//915 916//916 917//917
f 918//918 913//913 912//912
f 912//912 915//915 918//918
f 919//919 916//916 837//837
f 837//837 840//840 919//919
f 842//842 919//919 840//840
f 840//840 766//766 842//842
f 846//846 920//920 919//919
f 919//919 842//842 846//846
f 920//920 917//917 916//916
f 916//916 919//919 920//920
f 921//921 922//922 846//846
f 846//846 845//845 921//921
f 923//923 921//921 845//845
f 845//845 844//844 923//923
f 924//924 925//925 921//921
f 921//921 923//923 924//924
f 925//925 926//926 922//922
f 922//922 921//921 925//925
f 927//927 923//923 844//844
f 844//844 850//850 927//927
f 928//928 927//927 850//850
f 850//850 849//849 928//928
f 929//929 930//930 927//927
f 927//927 928//928 929//929
f 930//930 924//924 923//923
f 923//923 927//927 930//930
f 931//931 928//928 849//849
f 849//849 854//854 931//931
f 932//932 931//931 854//854
f 854//854 853//853 932//932
f 933//933 934//934 931//931
f 931//931 932//932 933//933
f 934//934 929//929 928//928
f 928//928 931//931 934//934
f 935//935 932//932 853//853
f 853//853 858//858 935//935
f 936//936 935//935 858//858
f 858//858 857//857 936//936
f 937//937 938//938 935//935
f 935//935 936//936 937//937
f 938//938 933//933 932//932
f 932//932 935//935 938//938
f 939//939 936//936 857//857
f 857//857 862//862 939//939
f 940//940 939//939 862//862
f 862//862 861//861 940//940
f 941//941 942//942 939//939
f 939//939 940//940 941//941
f 942//942 937//937 936//936
f 936//936 939//939 942//942
f 943//943 940//940 861//861
f 861//861 866//866 943//943
f 944//944 943//943 866//866
f 866//866 865//865 944//944
f 945//945 946//946 943//943
f 943//943 944//944 945//945
f 946//946 941//941 940//940
f 940//940 943//943 946//946
f 947//947 944//944 865//865
f 865//865 870//870 947//947
f 948//948 947//947 870//870
f 870//870 869//869 948//948
f 949//949 950//950 947//947
f 947//947 948//948 949//949
f 950//950 945//945 944//944
f 944//944 947//947 950//950
f 951//951 948//948 869//869
f 869//869 874//874 951//951
f 952//952 951//951 874//874
f 874//874 873//873 952//952
f 953//953 954//954 951//951
f 951//951 952//952 953//953
f 954//954 949//949 948//948
f 948//948 951//951 954//954
f 955//955 952//952 873//873
f 873//873 878//878 955//955
f 956//956 955//955 878//878
f 878//878 877//877 956//956
f 957//957 958//958 955//955
f 955//955 956//956 957//957
f 958//958 953//953 952//952
f 952//952 955//955 958//958
f 959//959 956//956 877//877
f 877//877 882//882 959//959
f 960//960 959//959 882//882
f 882//882 881//881 960//960
f 961//961 962//962 959//959
f 959//959 960//960 961//961
f 962//962 957//957 956//956
f 956//956 959//959 962//962
f 963//963 960//960 881//881
f 881//881 886//886 963//963
f 964//964 963//963 886//886
f 886//886 885//885 964//964
f 965//965 966//966 963//963
f 963//963 964//964 965//965
f 966//966 961//961 960//960
f 960//960 963//963 966//966
f 967//967 964//964 885//885
f 885//885 890//890 967//967
f 968//968 967//967 890//890
f 890//890 889//889 968//968
f 969//969 970//970 967//967
f 967//967 968//968 969//969
f 970//970 965//965 964//964
f 964//964 967//967 970//970
f 971//971 968//968 889//889
f 889//889 894//894 971//971
f 972//972 971//971 894//894
f 894//894 893//893 972//972
f 973//973 974//974 971//971
f 971//971 972//972 973//973
f 974//974 969//969 968//968
f 968//968 971//971 974//974
f 975//975 972//972 893//893
f 893//893 898//898 975//975
f 976//976 975//975 898//898
f 898//898 897//897 976//976
f 977//977 978//978 975//975
f 975//975 976//976 977//977
f 978//978 973//973 972//972
f 972//972 975//975 978//978
f 979//979 976//976 897//897
f 897//897 902//902 979//979
f 980//980 979//979 902//902
f 902//902 901//901 980//980
f 981//981 982//982 979//979
f 979//979 980//980 981//981
f 982//982 977//977 976//976
f 976//976 979//979 982//982
f 983//983 980//980 901//901
f 901//901 906//906 983//983
f 984//984 983//983 906//906
f 906//906 905//905 984//984
f 985//985 986//986 983//983
f 983//983 984//984 985//985
f 986//986 981//981 980//980
f 980//980 983//983 986//986
f 987//987 984//984 905//905
f 905//905 910//910 987//987
f 988//988 987//987 910//910
f 910//910 909//909 988//988
f 989//989 990//990 987//987
f 987//987 988//988 989//989
f 990//990 985//985 984//984
f 984//984 987//987 990//990
f 991//991 988//988 909//909
f 909//909 914//914 991//991
f 992//992 991//991 914//914
f 914//914 913//913 992//992
f 993//993 994//994 991//991
f 991//991 992//992 993//993
f 994//994 989//989 988//988
f 988//988 991//991 994//994
f 995//995 992//992 913//913
f 913//913 918//918 995//995
f 996//996 995//995 918//918
f 918//918 917//917 996//996
f 997//997 998//998 995//995
f 995//995 996//996 997//997
f 998//998 993//993 992//992
f 992//992 995//995 998//998
f 999//999 996//996 917//917
f 917//917 920//920 999//999
f 922//922 999//999 920//920
f 920//920 846//846 922//922
f 926//926 1000//1000 999//999
f 999//999 922//922 926//926
f 1000//1000 997//997 996//996
f 996//996 999//999 1000//1000
f 1001//1001 1002//1002 926//926
f 926//926 925//925 1001//1001
f 1003//1003 1001//1001 925//925
f 925//925 924//924 1003//1003
f 1004//1004 1005//1005 1001//1001
f 1001//1001 1003//1003 1004//1004
f 1005//1005 1006//1006 1002//1002
f 1002//1002 1001//1001 1005//1005
f 1007//1007 1003//1003 924//924
f 924//924 930//930 1007//1007
f 1008//1008 1007//1007 930//930
f 930//930 929//929 1008//1008
f 1009//1009 1010//1010 1007//1007
f 1007//1007 1008//1008 1009//1009
f 1010//1010 1004//1004 1003//1003
f 1003//1003 1007//1007 1010//1010
f 1011//1011 1008//1008 929//929
f 929//929 934//934 1011//1011
f 1012//1012 1011//1011 934//934
f 934//934 933//933 1012//1012
f 1013//1013 1014//1014 1011//1011
f 1011//1011 1012//1012 1013//1013
f 1014//1014 1009//1009 1008//1008
f 1008//1008 1011//1011 1014//1014
f 1015//1015 1012//1012 933//933
f 933//933 938//938 1015//1015
f 1016//1016 1015//1015 938//938
f 938//938 937//937 1016//1016
f 1017//1017 1018//1018 1015//1015
f 1015//1015 1016//1016 1017//1017
f 1018//1018 1013//1013 1012//1012
f 1012//1012 1015//1015 1018//1018
f 1019//1019 1016//1016 937//937
f 937//937 942//942 1019//1019
f 1020//1020 1019//1019 942//942
f 942//942 941//941 1020//1020
f 1021//1021 1022//1022 1019//1019
f 1019//1019 1020//1020 1021//1021
f 1022//1022 1017//1017 1016//1016
f 1016//1016 1019//1019 1022//1022
f 1023//1023 1020//1020 941//941
f 941//941 946//946 1023//1023
f 1024//1024 1023//1023 946//946
f 946//946 945//945 1024//1024
f 1025//1025 1026//1026 1023//1023
f 1023//1023 1024//1024 1025//1025
f 1026//1026 1021//1021 1020//1020
f 1020//1020 1023//1023 1026//1026
f 1027//1027 1024//1024 945//945
f 945//945 950//950 1027//1027
f 1028//1028 1027//1027 950//950
f 950//950 949//949 1028//1028
f 1029//1029 1030//1030 1027//1027
f 1027//1027 1028//1028 1029//1029
f 1030//1030 1025//1025 1024//1024
f 1024//1024 1027//1027 1030//1030
f 1031//1031 1028//1028 949//949
f 949//949 954//954 1031//1031
f 1032//1032 1031//1031 954//954
f 954//954 953//953 1032//1032
f 1033//1033 1034//1034 1031//1031
f 1031//1031 1032//1032 1033//1033
f 1034//1034 1029//1029 1028//1028
f 1028//1028 1031//1031 1034//1034
f 1035//1035 1032//1032 953//953
f 953//953 958//958 1035//1035
f 1036//1036 1035//1035 958//958
f 958//958 957//957 1036//1036
f 1037//1037 1038//1038 1035//1035
f 1035//1035 1036//1036 1037//1037
f 1038//1038 1033//1033 1032//1032
f 1032//1032 1035//1035 1038//1038
f 1039//1039 1036//1036 957//957
f 957//957 962//962 1039//1039
f 1040//1040 1039//1039 962//962
f 962//962 961//961 1040//1040
f 1041//1041 1042//1042 1039//1039
f 1039//1039 1040//1040 1041//1041
f 1042//1042 1037//1037 1036//1036
f 1036//1036 1039//1039 1042//1042
f 1043//1043 1040//1040 961//961
f 961//961 966//966 1043//1043
f 1044//1044 1043//1043 966//966
f 966//966 965//965 1044//1044
f 1045//1045 1046//1046 1043//1043
f 1043//1043 1044//1044 1045//1045
f 1046//1046 1041//1041 1040//1040
f 1040//1040 1043//1043 1046//1046
f 1047//1047 1044//1044 965//965
f 965//965 970//970 1047//1047
f 1048//1048 1047//1047 970//970
f 970//970 969//969 1048//1048
f 1049//1049 1050//1050 1047//1047
f 1047//1047 1048//1048 1049//1049
f 1050//1050 1045//1045 1044//1044
f 1044//1044 1047//1047 1050//1050
f 1051//1051 1048//1048 969//969
f 969//969 974//974 1051//1051
f 1052//1052 1051//1051 974//974
f 974//974 973//973 1052//1052
f 1053//1053 1054//1054 1051//1051
f 1051//1051 1052//1052 1053//1053
f 1054//1054 1049//1049 1048//1048
f 1048//1048 1051//1051 1054//1054
f 1055//1055 1052//1052 973//973
f 973//973 978//978 1055//1055
f 1056//1056 1055//1055 978//978
f 978//978 977//977 1056//1056
f 1057//1057 1058//1058 1055//1055
f 1055//1055 1056//1056 1057//1057
f 1058//1058 1053//1053 1052//1052
f 1052//1052 1055//1055 1058//1058
f 1059//1059 1056//1056 977//977
f 977//977 982//982 1059//1059
f 1060//1060 1059//1059 982//982
f 982//982 981//981 1060//1060
f 1061//1061 1062//1062 1059//1059
f 1059//1059 1060//1060 1061//1061
f 1062//1062 1057//1057 1056//1056
f 1056//1056 1059//1059 1062//1062
f 1063//1063 1060//1060 981//981
f 981//981 986//986 1063//1063
f 1064//1064 1063//1063 986//986
f 986//986 985//985 1064//1064
f 1065//1065 1066//1066 1063//1063
f 1063//1063 1064//1064 1065//1065
f 1066//1066 1061//1061 1060//1060
f 1060//1060 1063//1063 1066//1066
f 1067//1067 1064//1064 985//985
f 985//985 990//990 1067//1067
f 1068//1068 1067//1067 990//990
f 990//990 989//989 1068//1068
f 1069//1069 1070//1070 1067//1067
f 1067//1067 1068//1068 1069//1069
f 1070//1070 1065//1065 1064//1064
f 1064//1064 1067//1067 1070//1070
f 1071//1071 1068//1068 989//989
f 989//989 994//994 1071//1071
f 1072//1072 1071//1071 994//994
f 994//994 993//993 1072//1072
f 1073//1073 1074//1074 1071//1071
f 1071//1071 1072//1072 1073//1073
f 1074//1074 1069//1069 1068//1068
f 1068//1068 1071//1071 1074//1074
f 1075//1075 1072//1072 993//993
f 993//993 998//998 1075//1075
f 1076//1076 1075//1075 998//998
f 998//998 997//997 1076//1076
f 1077//1077 1078//1078 1075//1075
f 1075//1075 1076//1076 1077//1077
f 1078//1078 1073//1073 1072//1072
f 1072//1072 1075//1075 1078//1078
f 1079//1079 1076//1076 997//997
f 997//997 1000//1000 1079//1079
f 1002//1002 1079//1079 1000//1000
f 1000//1000 926//926 1002//1002
f 1006//1006 1080//1080 1079//1079
f 1079//1079 1002//1002 1006//1006
f 1080//1080 1077//1077 1076//1076
f 1076//1076 1079//1079 1080//1080
f 1081//1081 1082//1082 1006//1006
f 1006//1006 1005//1005 1081//1081
f 1083//1083 1081//1081 1005//1005
f 1005//1005 1004//1004 1083//1083
f 1084//1084 1085//1085 1081//1081
f 1081//1081 1083//1083 1084//1084
f 1085//1085 1086//1086 1082//1082
f 1082//1082 1081//1081 1085//1085
f 1087//1087 1083//1083 1004//1004
f 1004//1004 1010//1010 1087//1087
f 1088//1088 1087//1087 1010//1010
f 1010//1010 1009//1009 1088//1088
f 1089//1089 1090//1090 1087//1087
f 1087//1087 1088//1088 1089//1089
f 1090//1090 1084//1084 1083//1083
f 1083//1083 1087//1087 1090//1090
f 1091//1091 1088//1088 1009//1009
f 1009//1009 1014//1014 1091//1091
f 1092//1092 1091//1091 1014//1014
f 1014//1014 1013//1013 1092//1092
f 1093//1093 1094//1094 1091//1091
f 1091//1091 1092//1092 1093//1093
f 1094//1094 1089//1089 1088//1088
f 1088//1088 1091//1091 1094//1094
f 1095//1095 1092//1092 1013//1013
f 1013//1013 1018//1018 1095//1095
f 1096//1096 1095//1095 1018//1018
f 1018//1018 1017//1017 1096//1096
f 1097//1097 1098//1098 1095//1095
f 1095//1095 1096//1096 1097//1097
f 1098//1098 1093//1093 1092//1092
f 1092//1092 1095//1095 1098//1098
f 1099//1099 1096//1096 1017//1017
f 1017//1017 1022//1022 1099//1099
f 1100//1100 1099//1099 1022//1022
f 1022//1022 1021//1021 1100//1100
f 1101//1101 1102//1102 1099//1099
f 1099//1099 1100//1100 1101//1101
f 1102//1102 1097//1097 1096//1096
f 1096//1096 1099//1099 1102//1102
f 1103//1103 1100//1100 1021//1021
f 1021//1021 1026//1026 1103//1103
f 1104//1104 1103//1103 1026//1026
f 1026//1026 1025//1025 1104//1104
f 1105//1105 1106//1106 1103//1103
f 1103//1103 1104//1104 1105//1105
f 1106//1106 1101//1101 1100//1100
f 1100//1100 1103//1103 1106//1106
f 1107//1107 1104//1104 1025//1025
f 1025//1025 1030//1030 1107//1107
f 1108//1108 1107//1107 1030//1030
f 1030//1030 1029//1029 1108//1108
f 1109//1109 1110//1110 1107//1107
f 1107//1107 1108//1108 1109//1109
f 1110//1110 1105//1105 1104//1104
f 1104//1104 1107//1107 1110//1110
f 1111//1111 1108//1108 1029//1029
f 1029//1029 1034//1034 1111//1111
f 1112//1112 1111//1111 1034//1034
f 1034//1034 1033//1033 1112//1112
f 1113//1113 1114//1114 1111//1111
f 1111//1111 1112//1112 1113//1113
f 1114//1114 1109//1109 1108//1108
f 1108//1108 1111//1111 1114//1114
f 1115//1115 1112//1112 1033//1033
f 1033//1033 1038//1038 1115//1115
f 1116//1116 1115//1115 1038//1038
f 1038//1038 1037//1037 1116//1116
f 1117//1117 1118//1118 1115//1115
f 1115//1115 1116//1116 1117//1117
f 1118//1118 1113//1113 1112//1112
f 1112//1112 1115//1115 1118//1118
f 1119//1119 1116//1116 1037//1037
f 1037//1037 1042//1042 1119//1119
f 1120//1120 1119//1119 1042//1042
f 1042//1042 1041//1041 1120//1120
f 1121//1121 1122//1122 1119//1119
f 1119//1119 1120//1120 1121//1121
f 1122//1122 1117//1117 1116//1116
f 1116//1116 1119//1119 1122//1122
f 1123//1123 1120//1120 1041//1041
f 1041//1041 1046//1046 1123//1123
f 1124//1124 1123//1123 1046//1046
f 1046//1046 1045//1045 1124//1124
f 1125//1125 1126//1126 1123//1123
f 1123//1123 1124//1124 1125//1125
f 1126//1126 1121//1121 1120//1120
f 1120//1120 1123//1123 1126//1126
f 1127//1127 1124//1124 1045//1045
f 1045//1045 1050//1050 1127//1127
f 1128//1128 1127//1127 1050//1050
f 1050//1050 1049//1049 1128//1128
f 1129//1129 1130//1130 1127//1127
f 1127//1127 1128//1128 1129//1129
f 1130//1130 1125//1125 1124//1124
f 1124//1124 1127//1127 1130//1130
f 1131//1131 1128//1128 1049//1049
f 1049//1049 1054//1054 1131//1131
f 1132//1132 1131//1131 1054//1054
f 1054//1054 1053//1053 1132//1132
f 1133//1133 1134//1134 1131//1131
f 1131//1131 1132//1132 1133//1133
f 1134//1134 1129//1129 1128//1128
f 1128//1128 1131//1131 1134//1134
f 1135//1135 1132//1132 1053//1053
f 1053//1053 1058//1058 1135//1135
f 1136//1136 1135//1135 1058//1058
f 1058//1058 1057//1057 1136//1136
f 1137//1137 1138//1138 1135//1135
f 1135//1135 1136//1136 1137//1137
f 1138//1138 1133//1133 1132//1132
f 1132//1132 1135//1135 1138//1138
f 1139//1139 1136//1136 1057//1057
f 1057//1057 1062//1062 1139//1139
f 1140//1140 1139//1139 1062//1062
f 1062//1062 1061//1061 1140//1140
f 1141//1141 1142//1142 1139//1139
f 1139//1139 1140//1140 1141//1141
f 1142//1142 1137//1137 1136//1136
f 1136//1136 1139//1139 1142//1142
f 1143//1143 1140//1140 1061//1061
f 1061//1061 1066//1066 1143//1143
f 1144//1144 1143//1143 1066//1066
f 1066//1066 1065//1065 1144//1144
f 1145//1145 1146//1146 1143//1143
f 1143//1143 1144//1144 1145//1145
f 1146//1146 1141//1141 1140//1140
f 1140//1140 1143//1143 1146//1146
f 1147//1147 1144//1144 1065//1065
f 1065//1065 1070//1070 1147//1147
f 1148//1148 1147//1147 1070//1070
f 1070//1070 1069//1069 1148//1148
f 1149//1149 1150//1150 1147//1147
f 1147//1147 1148//1148 1149//1149
f 1150//1150 1145//1145 1144//1144
f 1144//1144 1147//1147 1150//1150
f 1151//1151 1148//1148 1069//1069
f 1069//1069 1074//1074 1151//1151
f 1152//1152 1151//1151 1074//1074
f 1074//1074 1073//1073 1152//1152
f 1153//1153 1154//1154 1151//1151
f 1151//1151 1152//1152 1153//1153
f 1154//1154 1149//1149 1148//1148
f 1148//1148 1151//1151 1154//1154
f 1155//1155 1152//1152 1073//1073
f 1073//1073 1078//1078 1155//1155
f 1156//1156 1155//1155 1078//1078
f 1078//1078 1077//1077 1156//1156
f 1157//1157 1158//1158 1155//1155
f 1155//1155 1156//1156 1157//1157
f 1158//1158 1153//1153 1152//1152
f 1152//1152 1155//1155 1158//1158
f 1159//1159 1156//1156 1077//1077
f 1077//1077 1080//1080 1159//1159
f 1082//1082 1159//1159 1080//1080
f 1080//1080 1006//1006 1082//1082
f 1086//1086 1160//1160 1159//1159
f 1159//1159 1082//1082 1086//1086
f 1160//1160 1157//1157 1156//1156
f 1156//1156 1159//1159 1160//1160
f 1161//1161 1162//1162 1086//1086
f 1086//1086 1085//1085 1161//1161
f 1163//1163 1161//1161 1085//1085
f 1085//1085 1084//1084 1163//1163
f 1164//1164 1165//1165 1161//1161
f 1161//1161 1163//1163 1164//1164
f 1165//1165 1166//1166 1162//1162
f 1162//1162 1161//1161 1165//1165
f 1167//1167 1163//1163 1084//1084
f 1084//1084 1090//1090 1167//1167
f 1168//1168 1167//1167 1090//1090
f 1090//1090 1089//1089 1168//1168
f 1169//1169 1170//1170 1167//1167
f 1167//1167 1168//1168 1169//1169
f 1170//1170 1164//1164 1163//1163
f 1163//1163 1167//1167 1170//1170
f 1171//1171 1168//1168 1089//1089
f 1089//1089 1094//1094 1171//1171
f 1172//1172 1171//1171 1094//1094
f 1094//1094 1093//1093 1172//1172
f 1173//1173 1174//1174 1171//1171
f 1171//1171 1172//1172 1173//1173
f 1174//1174 1169//1169 1168//1168
f 1168//1168 1171//1171 1174//1174
f 1175//1175 1172//1172 1093//1093
f 1093//1093 1098//1098 1175//1175
f 1176//1176 1175//1175 1098//1098
f 1098//1098 1097//1097 1176//1176
f 1177//1177 1178//1178 1175//1175
f 1175//1175 1176//1176 1177//1177
f 1178//1178 1173//1173 1172//1172
f 1172//1172 1175//1175 1178//1178
f 1179//1179 1176//1176 1097//1097
f 1097//1097 1102//1102 1179//1179
f 1180//1180 1179//1179 1102//1102
f 1102//1102 1101//1101 1180//1180
f 1181//1181 1182//1182 1179//1179
f 1179//1179 1180//1180 1181//1181
f 1182//1182 1177//1177 1176//1176
f 1176//1176 1179//1179 1182//1182
f 1183//1183 1180//1180 1101//1101
f 1101//1101 1106//1106 1183//1183
f 1184//1184 1183//1183 1106//1106
f 1106//1106 1105//1105 1184//1184
f 1185//1185 1186//1186 1183//1183
f 1183//1183 1184//1184 1185//1185
f 1186//1186 1181//1181 1180//1180
f 1180//1180 1183//1183 1186//1186
f 1187//1187 1184//1184 1105//1105
f 1105//1105 1110//1110 1187//1187
f 1188//1188 1187//1187 1110//1110
f 1110//1110 1109//1109 1188//1188
f 1189//1189 1190//1190 1187//1187
f 1187//1187 1188//1188 1189//1189
f 1190//1190 1185//1185 1184//1184
f 1184//1184 1187//1187 1190//1190
f 1191//1191 1188//1188 1109//1109
f 1109//1109 1114//1114 1191//1191
f 1192//1192 1191//1191 1114//1114
f 1114//1114 1113//1113 1192//1192
f 1193//1193 1194//1194 1191//1191
f 1191//1191 1192//1192 1193//1193
f 1194//1194 1189//1189 1188//1188
f 1188//1188 1191//1191 1194//1194
f 1195//1195 1192//1192 1113//1113
f 1113//1113 1118//1118 1195//1195
f 1196//1196 1195//1195 1118//1118
f 1118//1118 1117//1117 1196//1196
f 1197//1197 1198//1198 1195//1195
f 1195//1195 1196//1196 1197//1197
f 1198//1198 1193//1193 1192//1192
f 1192//1192 1195//1195 1198//1198
f 1199//1199 1196//1196 1117//1117
f 1117//1117 1122//1122 1199//1199
f 1200//1200 1199//1199 1122//1122
f 1122//1122 1121//1121 1200//1200
f 1201//1201 1202//1202 1199//1199
f 1199//1199 1200//1200 1201//1201
f 1202//1202 1197//1197 1196//1196
f 1196//1196 1199//1199 1202//1202
f 1203//1203 1200//1200 1121//1121
f 1121//1121 1126//1126 1203//1203
f 1204//1204 1203//1203 1126//1126
f 1126//1126 1125//1125 1204//1204
f 1205//1205 1206//1206 1203//1203
f 1203//1203 1204//1204 1205//1205
f 1206//1206 1201//1201 1200//1200
f 1200//1200 1203//1203 1206//1206
f 1207//1207 1204//1204 1125//1125
f 1125//1125 1130//1130 1207//1207
f 1208//1208 1207//1207 1130//1130
f 1130//1130 1129//1129 1208//1208
f 1209//1209 1210//1210 1207//1207
f 1207//1207 1208//1208 1209//1209
f 1210//1210 1205//1205 1204//1204
f 1204//1204 1207//1207 1210//1210
f 1211//1211 1208//1208 1129//1129
f 1129//1129 1134//1134 1211//1211
f 1212//1212 1211//1211 1134//1134
f 1134//1134 1133//1133 1212//1212
f 1213//1213 1214//1214 1211//1211
f 1211//1211 1212//1212 1213//1213
f 1214//1214 1209//1209 1208//1208
f 1208//1208 1211//1211 1214//1214
f 1215//1215 1212//1212 1133//1133
f 1133//1133 1138//1138 1215//1215
f 1216//1216 1215//1215 1138//1138
f 1138//1138 1137//1137 1216//1216
f 1217//1217 1218//1218 1215//1215
f 1215//1215 1216//1216 1217//1217
f 1218//1218 1213//1213 1212//1212
f 1212//1212 1215//1215 1218//1218
f 1219//1219 1216//1216 1137//1137
f 1137//1137 1142//1142 1219//1219
f 1220//1220 1219//1219 1142//1142
f 1142//1142 1141//1141 1220//1220
f 1221//1221 1222//1222 1219//1219
f 1219//1219 1220//1220 1221//1221
f 1222//1222 1217//1217 1216//1216
f 1216//1216 1219//1219 1222//1222
f 1223//1223 1220//1220 1141//1141
f 1141//1141 1146//1146 1223//1223
f 1224//1224 1223//1223 1146//1146
f 1146//1146 1145//1145 1224//1224
f 1225//1225 1226//1226 1223//1223
f 1223//1223 1224//1224 1225//1225
f 1226//1226 1221//1221 1220//1220
f 1220//1220 1223//1223 1226//1226
f 1227//1227 1224//1224 1145//1145
f 1145//1145 1150//1150 1227//1227
f 1228//1228 1227//1227 1150//1150
f 1150//1150 1149//1149 1228//1228
f 1229//1229 1230//1230 1227//1227
f 1227//1227 1228//1228 1229//1229
f 1230//1230 1225//1225 1224//1224
f 1224//1224 1227//1227 1230//1230
f 1231//1231 1228//1228 1149//1149
f 1149//1149 1154//1154 1231//1231
f 1232//1232 1231//1231 1154//1154
f 1154//1154 1153//1153 1232//1232
f 1233//1233 1234//1234 1231//1231
f 1231//1231 1232//1232 1233//1233
f 1234//1234 1229//1229 1228//1228
f 1228//1228 1231//1231 1234//1234
f 1235//1235 1232//1232 1153//1153
f 1153//1153 1158//1158 1235//1235
f 1236//1236 1235//1235 1158//1158
f 1158//1158 1157//1157 1236//1236
f 1237//1237 1238//1238 1235//1235
f 1235//1235 1236//1236 1237//1237
f 1238//1238 1233//1233 1232//1232
f 1232//1232 1235//1235 1238//1238
f 1239//1239 1236//1236 1157//1157
f 1157//1157 1160//1160 1239//1239
f 1162//1162 1239//1239 1160//1160
f 1160//1160 1086//1086 1162//1162
f 1166//1166 1240//1240 1239//1239
f 1239//1239 1162//1162 1166//1166
f 1240//1240 1237//1237 1236//1236
f 1236//1236 1239//1239 1240//1240
f 1241//1241 1242//1242 1166//1166
f 1166//1166 1165//1165 1241//1241
f 1243//1243 1241//1241 1165//1165
f 1165//1165 1164//1164 1243//1243
f 1244//1244 1245//1245 1241//1241
f 1241//1241 1243//1243 1244//1244
f 1245//1245 1246//1246 1242//1242
f 1242//1242 1241//1241 1245//1245
f 1247//1247 1243//1243 1164//1164
f 1164//1164 1170//1170 1247//1247
f 1248//1248 1247//1247 1170//1170
f 1170//1170 1169//1169 1248//1248
f 1249//1249 1250//1250 1247//1247
f 1247//1247 1248//1248 1249//1249
f 1250//1250 1244//1244 1243//1243
f 1243//1243 1247//1247 1250//1250
f 1251//1251 1248//1248 1169//1169
f 1169//1169 1174//1174 1251//1251
f 1252//1252 1251//1251 1174//1174
f 1174//1174 1173//1173 1252//1252
f 1253//1253 1254//1254 1251//1251
f 1251//1251 1252//1252 1253//1253
f 1254//1254 1249//1249 1248//1248
f 1248//1248 1251//1251 1254//1254
f 1255//1255 1252//1252 1173//1173
f 1173//1173 1178//1178 1255//1255
f 1256//1256 1255//1255 1178//1178
f 1178//1178 1177//1177 1256//1256
f 1257//1257 1258//1258 1255//1255
f 1255//1255 1256//1256 1257//1257
f 1258//1258 1253//1253 1252//1252
f 1252//1252 1255//1255 1258//1258
f 1259//1259 1256//1256 1177//1177
f 1177//1177 1182//1182 1259//1259
f 1260//1260 1259//1259 1182//1182
f 1182//1182 1181//1181 1260//1260
f 1261//1261 1262//1262 1259//1259
f 1259//1259 1260//1260 1261//1261
f 1262//1262 1257//1257 1256//1256
f 1256//1256 1259//1259 1262//1262
f 1263//1263 1260//1260 1181//1181
f 1181//1181 1186//1186 1263//1263
f 1264//1264 1263//1263 1186//1186
f 1186//1186 1185//1185 1264//1264
f 1265//1265 1266//1266 1263//1263
f 1263//1263 1264//1264 1265//1265
f 1266//1266 1261//1261 1260//1260
f 1260//1260 1263//1263 1266//1266
f 1267//1267 1264//1264 1185//1185
f 1185//1185 1190//1190 1267//1267
f 1268//1268 1267//1267 1190//1190
f 1190//1190 1189//1189 1268//1268
f 1269//1269 1270//1270 1267//1267
f 1267//1267 1268//1268 1269//1269
f 1270//1270 1265//1265 1264//1264
f 1264//1264 1267//1267 1270//1270
f 1271//1271 1268//1268 1189//1189
f 1189//1189 1194//1194 1271//1271
f 1272//1272 1271//1271 1194//1194
f 1194//1194 1193//1193 1272//1272
f 1273//1273 1274//1274 1271//1271
f 1271//1271 1272//1272 1273//1273
f 1274//1274 1269//1269 1268//1268
f 1268//1268 1271//1271 1274//1274
f 1275//1275 1272//1272 1193//1193
f 1193//1193 1198//1198 1275//1275
f 1276//1276 1275//1275 1198//1198
f 1198//1198 1197//1197 1276//1276
f 1277//1277 1278//1278 1275//1275
f 1275//1275 1276//1276 1277//1277
f 1278//1278 1273//1273 1272//1272
f 1272//1272 1275//1275 1278//1278
f 1279//1279 1276//1276 1197//1197
f 1197//1197 1202//1202 1279//1279
f 1280//1280 1279//1279 1202//1202
f 1202//1202 1201//1201 1280//1280
f 1281//1281 1282//1282 1279//1279
f 1279//1279 1280//1280 1281//1281
f 1282//1282 1277//1277 1276//1276
f 1276//1276 1279//1279 1282//1282
f 1283//1283 1280//1280 1201//1201
f 1201//1201 1206//1206 1283//1283
f 1284//1284 1283//1283 1206//1206
f 1206//1206 1205//1205 1284//1284
f 1285//1285 1286//1286 1283//1283
f 1283//1283 1284//1284 1285//1285
f 1286//1286 1281//1281 1280//1280
f 1280//1280 1283//1283 1286//1286
f 1287//1287 1284//1284 1205//1205
f 1205//1205 1210//1210 1287//1287
f 1288//1288 1287//1287 1210//1210
f 1210//1210 1209//1209 1288//1288
f 1289//1289 1290//1290 1287//1287
f 1287//1287 1288//1288 1289//1289
f 1290//1290 1285//1285 1284//1284
f 1284//1284 1287//1287 1290//1290
f 1291//1291 1288//1288 1209//1209
f 1209//1209 1214//1214 1291//1291
f 1292//1292 1291//1291 1214//1214
f 1214//1214 1213//1213 1292//1292
f 1293//1293 1294//1294 1291//1291
f 1291//1291 1292//1292 1293//1293
f 1294//1294 1289//1289 1288//1288
f 1288//1288 1291//1291 1294//1294
f 1295//1295 1292//1292 1213//1213
f 1213//1213 1218//1218 1295//1295
f 1296//1296 1295//1295 1218//1218
f 1218//1218 1217//1217 1296//1296
f 1297//1297 1298//1298 1295//1295
f 1295//1295 1296//1296 1297//1297
f 1298//1298 1293//1293 1292//1292
f 1292//1292 1295//1295 1298//1298
f 1299//1299 1296//1296 1217//1217
f 1217//1217 1222//1222 1299//1299
f 1300//1300 1299//1299 1222//1222
f 1222//1222 1221//1221 1300//1300
f 1301//1301 1302//1302 1299//1299
f 1299//1299 1300//1300 1301//1301
f 1302//1302 1297//1297 1296//1296
f 1296//1296 1299//1299 1302//1302
f 1303//1303 1300//1300 1221//1221
f 1221//1221 1226//1226 1303//1303
f 1304//1304 1303//1303 1226//1226
f 1226//1226 1225//1225 1304//1304
f 1305//1305 1306//1306 1303//1303
f 1303//1303 1304//1304 1305//1305
f 1306//1306 1301//1301 1300//1300
f 1300//1300 1303//1303 1306//1306
f 1307//1307 1304//1304 1225//1225
f 1225//1225 1230//1230 1307//1307
f 1308//1308 1307//1307 1230//1230
f 1230//1230 1229//1229 1308//1308
f 1309//1309 1310//1310 1307//1307
f 1307//1307 1308//1308 1309//1309
f 1310//1310 1305//1305 1304//1304
f 1304//1304 1307//1307 1310//1310
f 1311//1311 1308//1308 1229//1229
f 1229//1229 1234//1234 1311//1311
f 1312//1312 1311//1311 1234//1234
f 1234//1234 1233//1233 1312//1312
f 1313//1313 1314//1314 1311//1311
f 1311//1311 1312//1312 1313//1313
f 1314//1314 1309//1309 1308//1308
f 1308//1308 1311//1311 1314//1314
f 1315//1315 1312//1312 1233//1233
f 1233//1233 1238//1238 1315//1315
f 1316//1316 1315//1315 1238//1238
f 1238//1238 1237//1237 1316//1316
f 1317//1317 1318//1318 1315//1315
f 1315//1315 1316//1316 1317//1317
f 1318//1318 1313//1313 1312//1312
f 1312//1312 1315//1315 1318//1318
f 1319//1319 1316//1316 1237//1237
f 1237//1237 1240//1240 1319//1319
f 1242//1242 1319//1319 1240//1240
f 1240//1240 1166//1166 1242//1242
f 1246//1246 1320//1320 1319//1319
f 1319//1319 1242//1242 1246//1246
f 1320//1320 1317//1317 1316//1316
f 1316//1316 1319//1319 1320//1320
f 1321//1321 1322//1322 1246//1246
f 1246//1246 1245//1245 1321//1321
f 1323//1323 1321//1321 1245//1245
f 1245//1245 1244//1244 1323//1323
f 1324//1324 1325//1325 1321//1321
f 1321//1321 1323//1323 1324//1324
f 1325//1325 1326//1326 1322//1322
f 1322//1322 1321//1321 1325//1325
f 1327//1327 1323//1323 1244//1244
f 1244//1244 1250//1250 1327//1327
f 1328//1328 1327//1327 1250//1250
f 1250//1250 1249//1249 1328//1328
f 1329//1329 1330//1330 1327//1327
f 1327//1327 1328//1328 1329//1329
f 1330//1330 1324//1324 1323//1323
f 1323//1323 1327//1327 1330//1330
f 1331//1331 1328//1328 1249//1249
f 1249//1249 1254//1254 1331//1331
f 1332//1332 1331//1331 1254//1254
f 1254//1254 1253//1253 1332//1332
f 1333//1333 1334//1334 1331//1331
f 1331//1331 1332//1332 1333//1333
f 1334//1334 1329//1329 1328//1328
f 1328//1328 1331//1331 1334//1334
f 1335//1335 1332//1332 1253//1253
f 1253//1253 1258//1258 1335//1335
f 1336//1336 1335//1335 1258//1258
f 1258//1258 1257//1257 1336//1336
f 1337//1337 1338//1338 1335//1335
f 1335//1335 1336//1336 1337//1337
f 1338//1338 1333//1333 1332//1332
f 1332//1332 1335//1335 1338//1338
f 1339//1339 1336//1336 1257//1257
f 1257//1257 1262//1262 1339//1339
f 1340//1340 1339//1339 1262//1262
f 1262//1262 1261//1261 1340//1340
f 1341//1341 1342//1342 1339//1339
f 1339//1339 1340//1340 1341//1341
f 1342//1342 1337//1337 1336//1336
f 1336//1336 1339//1339 1342//1342
f 1343//1343 1340//1340 1261//1261
f 1261//1261 1266//1266 1343//1343
f 1344//1344 1343//1343 1266//1266
f 1266//1266 1265//1265 1344//1344
f 1345//1345 1346//1346 1343//1343
f 1343//1343 1344//1344 1345//1345
f 1346//1346 1341//1341 1340//1340
f 1340//1340 1343//1343 1346//1346
f 1347//1347 1344//1344 1265//1265
f 1265//1265 1270//1270 1347//1347
f 1348//1348 1347//1347 1270//1270
f 1270//1270 1269//1269 1348//1348
f 1349//1349 1350//1350 1347//1347
f 1347//1347 1348//1348 1349//1349
f 1350//1350 1345//1345 1344//1344
f 1344//1344 1347//1347 1350//1350
f 1351//1351 1348//1348 1269//1269
f 1269//1269 1274//1274 1351//1351
f 1352//1352 1351//1351 1274//1274
f 1274//1274 1273//1273 1352//1352
f 1353//1353 1354//1354 1351//1351
f 1351//1351 1352//1352 1353//1353
f 1354//1354 1349//1349 1348//1348
f 1348//1348 1351//1351 1354//1354
f 1355//1355 1352//1352 1273//1273
f 1273//1273 1278//1278 1355//1355
f 1356//1356 1355//1355 1278//1278
f 1278//1278 1277//1277 1356//1356
f 1357//1357 1358//1358 1355//1355
f 1355//1355 1356//1356 1357//1357
f 1358//1358 1353//1353 1352//1352
f 1352//1352 1355//1355 1358//1358
f 1359//1359 1356//1356 1277//1277
f 1277//1277 1282//1282 1359//1359
f 1360//1360 1359//1359 1282//1282
f 1282//1282 1281//1281 1360//1360
f 1361//1361 1362//1362 1359//1359
f 1359//1359 1360//1360 1361//1361
f 1362//1362 1357//1357 1356//1356
f 1356//1356 1359//1359 1362//1362
f 1363//1363 1360//1360 1281//1281
f 1281//1281 1286//1286 1363//1363
f 1364//1364 1363//1363 1286//1286
f 1286//1286 1285//1285 1364//1364
f 1365//1365 1366//1366 1363//1363
f 1363//1363 1364//1364 1365//1365
f 1366//1366 1361//1361 1360//1360
f 1360//1360 1363//1363 1366//1366
f 1367//1367 1364//1364 1285//1285
f 1285//1285 1290//1290 1367//1367
f 1368//1368 1367//1367 1290//1290
f 1290//1290 1289//1289 1368//1368
f 1369//1369 1370//1370 1367//1367
f 1367//1367 1368//1368 1369//1369
f 1370//1370 1365//1365 1364//1364
f 1364//1364 1367//1367 1370//1370
f 1371//1371 1368//1368 1289//1289
f 1289//1289 1294//1294 1371//1371
f 1372//1372 1371//1371 1294//1294
f 1294//1294 1293//1293 1372//1372
f 1373//1373 1374//1374 1371//1371
f 1371//1371 1372//1372 1373//1373
f 1374//1374 1369//1369 1368//1368
f 1368//1368 1371//1371 1374//1374
f 1375//1375 1372//1372 1293//1293
f 1293//1293 1298//1298 1375//1375
f 1376//1376 1375//1375 1298//1298
f 1298//1298 1297//1297 1376//1376
f 1377//1377 1378//1378 1375//1375
f 1375//1375 1376//1376 1377//1377
f 1378//1378 1373//1373 1372//1372
f 1372//1372 1375//1375 1378//1378
f 1379//1379 1376//1376 1297//1297
f 1297//1297 1302//1302 1379//1379
f 1380//1380 1379//1379 1302//1302
f 1302//1302 1301//1301 1380//1380
f 1381//1381 1382//1382 1379//1379
f 1379//1379 1380//1380 1381//1381
f 1382//1382 1377//1377 1376//1376
f 1376//1376 1379//1379 1382//1382
f 1383//1383 1380//1380 1301//1301
f 1301//1301 1306//1306 1383//1383
f 1384//1384 1383//1383 1306//1306
f 1306//1306 1305//1305 1384//1384
f 1385//1385 1386//1386 1383//1383
f 1383//1383 1384//1384 1385//1385
f 1386//1386 1381//1381 1380//1380
f 1380//1380 1383//1383 1386//1386
f 1387//1387 1384//1384 1305//1305
f 1305//1305 1310//1310 1387//1387
f 1388//1388 1387//1387 1310//1310
f 1310//1310 1309//1309 1388//1388
f 1389//1389 1390//1390 1387//1387
f 1387//1387 1388//1388 1389//1389
f 1390//1390 1385//1385 1384//1384
f 1384//1384 1387//1387 1390//1390
f 1391//1391 1388//1388 1309//1309
f 1309//1309 1314//1314 1391//1391
f 1392//1392 1391//1391 1314//1314
f 1314//1314 1313//1313 1392//1392
f 1393//1393 1394//1394 1391//1391
f 1391//1391 1392//1392 1393//1393
f 1394//1394 1389//1389 1388//1388
f 1388//1388 1391//1391 1394//1394
f 1395//1395 1392//1392 1313//1313
f 1313//1313 1318//1318 1395//1395
f 1396//1396 1395//1395 1318//1318
f 1318//1318 1317//1317 1396//1396
f 1397//1397 1398//1398 1395//1395
f 1395//1395 1396//1396 1397//1397
f 1398//1398 1393//1393 1392//1392
f 1392//1392 1395//1395 1398//1398
f 1399//1399 1396//1396 1317//1317
f 1317//1317 1320//1320 1399//1399
f 1322//1322 1399//1399 1320//1320
f 1320//1320 1246//1246 1322//1322
f 1326//1326 1400//1400 1399//1399
f 1399//1399 1322//1322 1326//1326
f 1400//1400 1397//1397 1396//1396
f 1396//1396 1399//1399 1400//1400
f 1401//1401 1402//1402 1326//1326
f 1326//1326 1325//1325 1401//1401
f 1403//1403 1401//1401 1325//1325
f 1325//1325 1324//1324 1403//1403
f 1404//1404 1405//1405 1401//1401
f 1401//1401 1403//1403 1404//1404
f 1405//1405 1406//1406 1402//1402
f 1402//1402 1401//1401 1405//1405
f 1407//1407 1403//1403 1324//1324
f 1324//1324 1330//1330 1407//1407
f 1408//1408 1407//1407 1330//1330
f 1330//1330 1329//1329 1408//1408
f 1409//1409 1410//1410 1407//1407
f 1407//1407 1408//1408 1409//1409
f 1410//1410 1404//1404 1403//1403
f 1403//1403 1407//1407 1410//1410
f 1411//1411 1408//1408 1329//1329
f 1329//1329 1334//1334 1411//1411
f 1412//1412 1411//1411 1334//1334
f 1334//1334 1333//1333 1412//1412
f 1413//1413 1414//1414 1411//1411
f 1411//1411 1412//1412 1413//1413
f 1414//1414 1409//1409 1408//1408
f 1408//1408 1411//1411 1414//1414
f 1415//1415 1412//1412 1333//1333
f 1333//1333 1338//1338 1415//1415
f 1416//1416 1415//1415 1338//1338
f 1338//1338 1337//1337 1416//1416
f 1417//1417 1418//1418 1415//1415
f 1415//1415 1416//1416 1417//1417
f 1418//1418 1413//1413 1412//1412
f 1412//1412 1415//1415 1418//1418
f 1419//1419 1416//1416 1337//1337
f 1337//1337 1342//1342 1419//1419
f 1420//1420 1419//1419 1342//1342
f 1342//1342 1341//1341 1420//1420
f 1421//1421 1422//1422 1419//1419
f 1419//1419 1420//1420 1421//1421
f 1422//1422 1417//1417 1416//1416
f 1416//1416 1419//1419 1422//1422
f 1423//1423 1420//1420 1341//1341
f 1341//1341 1346//1346 1423//1423
f 1424//1424 1423//1423 1346//1346
f 1346//1346 1345//1345 1424//1424
f 1425//1425 1426//1426 1423//1423
f 1423//1423 1424//1424 1425//1425
f 1426//1426 1421//1421 1420//1420
f 1420//1420 1423//1423 1426//1426
f 1427//1427 1424//1424 1345//1345
f 1345//1345 1350//1350 1427//1427
f 1428//1428 1427//1427 1350//1350
f 1350//1350 1349//1349 1428//1428
f 1429//1429 1430//1430 1427//1427
f 1427//1427 1428//1428 1429//1429
f 1430//1430 1425//1425 1424//1424
f 1424//1424 1427//1427 1430//1430
f 1431//1431 1428//1428 1349//1349
f 1349//1349 1354//1354 1431//1431
f 1432//1432 1431//1431 1354//1354
f 1354//1354 1353//1353 1432//1432
f 1433//1433 1434//1434 1431//1431
f 1431//1431 1432//1432 1433//1433
f 1434//1434 1429//1429 1428//1428
f 1428//1428 1431//1431 1434//1434
f 1435//1435 1432//1432 1353//1353
f 1353//1353 1358//1358 1435//1435
f 1436//1436 1435//1435 1358//1358
f 1358//1358 1357//1357 1436//1436
f 1437//1437 1438//1438 1435//1435
f 1435//1435 1436//1436 1437//1437
f 1438//1438 1433//1433 1432//1432
f 1432//1432 1435//1435 1438//1438
f 1439//1439 1436//1436 1357//1357
f 1357//1357 1362//1362 1439//1439
f 1440//1440 1439//1439 1362//1362
f 1362//1362 1361//1361 1440//1440
f 1441//1441 1442//1442 1439//1439
f 1439//1439 1440//1440 1441//1441
f 1442//1442 1437//1437 1436//1436
f 1436//1436 1439//1439 1442//1442
f 1443//1443 1440//1440 1361//1361
f 1361//1361 1366//1366 1443//1443
f 1444//1444 1443//1443 1366//1366
f 1366//1366 1365//1365 1444//1444
f 1445//1445 1446//1446 1443//1443
f 1443//1443 1444//1444 1445//1445
f 1446//1446 1441//1441 1440//1440
f 1440//1440 1443//1443 1446//1446
f 1447//1447 1444//1444 1365//1365
f 1365//1365 1370//1370 1447//1447
f 1448//1448 1447//1447 1370//1370
f 1370//1370 1369//1369 1448//1448
f 1449//1449 1450//1450 1447//1447
f 1447//1447 1448//1448 1449//1449
f 1450//1450 1445//1445 1444//1444
f 1444//1444 1447//1447 1450//1450
f 1451//1451 1448//1448 1369//1369
f 1369//1369 1374//1374 1451//1451
f 1452//1452 1451//1451 1374//1374
f 1374//1374 1373//1373 1452//1452
f 1453//1453 1454//1454 1451//1451
f 1451//1451 1452//1452 1453//1453
f 1454//1454 1449//1449 1448//1448
f 1448//1448 1451//1451 1454//1454
f 1455//1455 1452//1452 1373//1373
f 1373//1373 1378//1378 1455//1455
f 1456//1456 1455//1455 1378//1378
f 1378//1378 1377//1377 1456//1456
f 1457//1457 1458//1458 1455//1455
f 1455//1455 1456//1456 1457//1457
f 1458//1458 1453//1453 1452//1452
f 1452//1452 1455//1455 1458//1458
f 1459//1459 1456//1456 1377//1377
f 1377//1377 1382//1382 1459//1459
f 1460//1460 1459//1459 1382//1382
f 1382//1382 1381//1381 1460//1460
f 1461//1461 1462//1462 1459//1459
f 1459//1459 1460//1460 1461//1461
f 1462//1462 1457//1457 1456//1456
f 1456//1456 1459//1459 1462//1462
f 1463//1463 1460//1460 1381//1381
f 1381//1381 1386//1386 1463//1463
f 1464//1464 1463//1463 1386//1386
f 1386//1386 1385//1385 1464//1464
f 1465//1465 1466//1466 1463//1463
f 1463//1463 1464//1464 1465//1465
f 1466//1466 1461//1461 1460//1460
f 1460//1460 1463//1463 1466//1466
f 1467//1467 1464//1464 1385//1385
f 1385//1385 1390//1390 1467//1467
f 1468//1468 1467//1467 1390//1390
f 1390//1390 1389//1389 1468//1468
f 1469//1469 1470//1470 1467//1467
f 1467//1467 1468//1468 1469//1469
f 1470//1470 1465//1465 1464//1464
f 1464//1464 1467//1467 1470//1470
f 1471//1471 1468//1468 1389//1389
f 1389//1389 1394//1394 1471//1471
f 1472//1472 1471//1471 1394//1394
f 1394//1394 1393//1393 1472//1472
f 1473//1473 1474//1474 1471//1471
f 1471//1471 1472//1472 1473//1473
f 1474//1474 1469//1469 1468//1468
f 1468//1468 1471//1471 1474//1474
f 1475//1475 1472//1472 1393//1393
f 1393//1393 1398//1398 1475//1475
f 1476//1476 1475//1475 1398//1398
f 1398//1398 1397//1397 1476//1476
f 1477//1477 1478//1478 1475//1475
f 1475//1475 1476//1476 1477//1477
f 1478//1478 1473//1473 1472//1472
f 1472//1472 1475//1475 1478//1478
f 1479//1479 1476//1476 1397//1397
f 1397//1397 1400//1400 1479//1479
f 1402//1402 1479//1479 1400//1400
f 1400//1400 1326//1326 1402//1402
f 1406//1406 1480//1480 1479//1479
f 1479//1479 1402//1402 1406//1406
f 1480//1480 1477//1477 1476//1476
f 1476//1476 1479//1479 1480//1480
f 1481//1481 1482//1482 1483//1483
f 1483//1483 1484//1484 1481//1481
f 1481//1481 1484//1484 1485//1485
f 1485//1485 1486//1486 1481//1481
f 1481//1481 1486//1486 1487//1487
f 1487//1487 1482//1482 1481//1481
f 1488//1488 1489//1489 1490//1490
f 1490//1490 1491//1491 1488//1488
f 1488//1488 1491//1491 1483//1483
f 1483//1483 1482//1482 1488//1488
f 1488//1488 1482//1482 1487//1487
f 1487//1487 1489//1489 1488//1488
f 1492//1492 1493//1493 1494//1494
f 1494//1494 1495//1495 1492//1492
f 1492//1492 1495//1495 1490//1490
f 1490//1490 1489//1489 1492//1492
f 1492//1492 1489//1489 1487//1487
f 1487//1487 1493//1493 1492//1492
f 1496//1496 1497//1497 1498//1498
f 1498//1498 1499//1499 1496//1496
f 1496//1496 1499//1499 1494//1494
f 1494//1494 1493//1493 1496//1496
f 1496//1496 1493//1493 1487//1487
f 1487//1487 1497//1497 1496//1496
f 1500//1500 1501//1501 1502//1502
f 1502//1502 1503//1503 1500//1500
f 1500//1500 1503//1503 1498//1498
f 1498//1498 1497//1497 1500//1500
f 1500//1500 1497//1497 1487//1487
f 1487//1487 1501//1501 1500//1500
f 1504//1504 1505//1505 1506//1506
f 1506//1506 1507//1507 1504//1504
f 1504//1504 1507//1507 1502//1502
f 1502//1502 1501//1501 1504//1504
f 1504//1504 1501//1501 1487//1487
f 1487//1487 1505//1505 1504//1504
f 1508//1508 1509//1509 1510//1510
f 1510//1510 1511//1511 1508//1508
f 1508//1508 1511//1511 1506//1506
f 1506//1506 1505//1505 1508//1508
f 1508//1508 1505//1505 1487//1487
f 1487//1487 1509//1509 1508//1508
f 1512//1512 1513//1513 1514//1514
f 1514//1514 1515//1515 1512//1512
f 1512//1512 1515//1515 1510//1510
f 1510//1510 1509//1509 1512//1512
f 1512//1512 1509//1509 1487//1487
f 1487//1487 1513//1513 1512//1512
f 1516//1516 1517//1517 1518//1518
f 1518//1518 1519//1519 1516//1516
f 1516//1516 1519//1519 1514//1514
f 1514//1514 1513//1513 1516//1516
f 1516//1516 1513//1513 1487//1487
f 1487//1487 1517//1517 1516//1516
f 1520//1520 1521//1521 1522//1522
f 1522//1522 1523//1523 1520//1520
f 1520//1520 1523//1523 1518//1518
f 1518//1518 1517//1517 1520//1520
f 1520//1520 1517//1517 1487//1487
f 1487//1487 1521//1521 1520//1520
f 1524//1524 1525//1525 1526//1526
f 1526//1526 1527//1527 1524//1524
f 1524//1524 1527//1527 1522//1522
f 1522//1522 1521//1521 1524//1524
f 1524//1524 1521//1521 1487//1487
f 1487//1487 1525//1525 1524//1524
f 1528//1528 1529//1529 1530//1530
f 1530//1530 1531//1531 1528//1528
f 1528//1528 1531//1531 1526//1526
f 1526//1526 1525//1525 1528//1528
f 1528//1528 1525//1525 1487//1487
f 1487//1487 1529//1529 1528//1528
f 1532//1532 1533//1533 1534//1534
f 1534//1534 1535//1535 1532//1532
f 1532//1532 1535//1535 1530//1530
f 1530//1530 1529//1529 1532//1532
f 1532//1532 1529//1529 1487//1487
f 1487//1487 1533//1533 1532//1532
f 1536//1536 1537//1537 1538//1538
f 1538//1538 1539//1539 1536//1536
f 1536//1536 1539//1539 1534//1534
f 1534//1534 1533//1533 1536//1536
f 1536//1536 1533//1533 1487//1487
f 1487//1487 1537//1537 1536//1536
f 1540//1540 1541//1541 1542//1542
f 1542//1542 1543//1543 1540//1540
f 1540//1540 1543//1543 1538//1538
f 1538//1538 1537//1537 1540//1540
f 1540//1540 1537//1537 1487//1487
f 1487//1487 1541//1541 1540//1540
f 1544//1544 1545//1545 1546//1546
f 1546//1546 1547//1547 1544//1544
f 1544//1544 1547//1547 1542//1542
f 1542//1542 1541//1541 1544//1544
f 1544//1544 1541//1541 1487//1487
f 1487//1487 1545//1545 1544//1544
f 1548//1548 1549//1549 1550//1550
f 1550//1550 1551//1551 1548//1548
f 1548//1548 1551//1551 1546//1546
f 1546//1546 1545//1545 1548//1548
f 1548//1548 1545//1545 1487//1487
f 1487//1487 1549//1549 1548//1548
f 1552//1552 1553//1553 1554//1554
f 1554//1554 1555//1555 1552//1552
f 1552//1552 1555//1555 1550//1550
f 1550//1550 1549//1549 1552//1552
f 1552//1552 1549//1549 1487//1487
f 1487//1487 1553//1553 1552//1552
f 1556//1556 1557//1557 1558//1558
f 1558//1558 1559//1559 1556//1556
f 1556//1556 1559//1559 1554//1554
f 1554//1554 1553//1553 1556//1556
f 1556//1556 1553//1553 1487//1487
f 1487//1487 1557//1557 1556//1556
f 1560//1560 1486//1486 1485//1485
f 1485//1485 1561//1561 1560//1560
f 1560//1560 1561//1561 1558//1558
f 1558//1558 1557//1557 1560//1560
f 1560//1560 1557//1557 1487//1487
f 1487//1487 1486//1486 1560//1560
f 1562//1562 1563//1563 1406//1406
f 1406//1406 1405//1405 1562//1562
f 1562//1562 1405//1405 1404//1404
f 1404//1404 1564//1564 1562//1562
f 1562//1562 1564//1564 1565//1565
f 1565//1565 1563//1563 1562//1562
f 1566//1566 1564//1564 1404//1404
f 1404//1404 1410//1410 1566//1566
f 1566//1566 1410//1410 1409//1409
f 1409//1409 1567//1567 1566//1566
f 1566//1566 1567//1567 1565//1565
f 1565//1565 1564//1564 1566//1566
f 1568//1568 1567//1567 1409//1409
f 1409//1409 1414//1414 1568//1568
f 1568//1568 1414//1414 1413//1413
f 1413//1413 1569//1569 1568//1568
f 1568//1568 1569//1569 1565//1565
f 1565//1565 1567//1567 1568//1568
f 1570//1570 1569//1569 1413//1413
f 1413//1413 1418//1418 1570//1570
f 1570//1570 1418//1418 1417//1417
f 1417//1417 1571//1571 1570//1570
f 1570//1570 1571//1571 1565//1565
f 1565//1565 1569//1569 1570//1570
f 1572//1572 1571//1571 1417//1417
f 1417//1417 1422//1422 1572//1572
f 1572//1572 1422//1422 1421//1421
f 1421//1421 1573//1573 1572//1572
f 1572//1572 1573//1573 1565//1565
f 1565//1565 1571//1571 1572//1572
f 1574//1574 1573//1573 1421//1421
f 1421//1421 1426//1426 1574//1574
f 1574//1574 1426//1426 1425//1425
f 1425//1425 1575//1575 1574//1574
f 1574//1574 1575//1575 1565//1565
f 1565//1565 1573//1573 1574//1574
f 1576//1576 1575//1575 1425//1425
f 1425//1425 1430//1430 1576//1576
f 1576//1576 1430//1430 1429//1429
f 1429//1429 1577//1577 1576//1576
f 1576//1576 1577//1577 1565//1565
f 1565//1565 1575//1575 1576//1576
f 1578//1578 1577//1577 1429//1429
f 1429//1429 1434//1434 1578//1578
f 1578//1578 1434//1434 1433//1433
f 1433//1433 1579//1579 1578//1578
f 1578//1578 1579//1579 1565//1565
f 1565//1565 1577//1577 1578//1578
f 1580//1580 1579//1579 1433//1433
f 1433//1433 1438//1438 1580//1580
f 1580//1580 1438//1438 1437//1437
f 1437//1437 1581//1581 1580//1580
f 1580//1580 1581//1581 1565//1565
f 1565//1565 1579//1579 1580//1580
f 1582//1582 1581//1581 1437//1437
f 1437//1437 1442//1442 1582//1582
f 1582//1582 1442//1442 1441//1441
f 1441//1441 1583//1583 1582//1582
f 1582//1582 1583//1583 1565//1565
f 1565//1565 1581//1581 1582//1582
f 1584//1584 1583//1583 1441//1441
f 1441//1441 1446//1446 1584//1584
f 1584//1584 1446//1446 1445//1445
f 1445//1445 1585//1585 1584//1584
f 1584//1584 1585//1585 1565//1565
f 1565//1565 1583//1583 1584//1584
f 1586//1586 1585//1585 1445//1445
f 1445//1445 1450//1450 1586//1586
f 1586//1586 1450//1450 1449//1449
f 1449//1449 1587//1587 1586//1586
f 1586//1586 1587//1587 1565//1565
f 1565//1565 1585//1585 1586//1586
f 1588//1588 1587//1587 1449//1449
f 1449//1449 1454//1454 1588//1588
f 1588//1588 1454//1454 1453//1453
f 1453//1453 1589//1589 1588//1588
f 1588//1588 1589//1589 1565//1565
f 1565//1565 1587//1587 1588//1588
f 1590//1590 1589//1589 1453//1453
f 1453//1453 1458//1458 1590//1590
f 1590//1590 1458//1458 1457//1457
f 1457//1457 1591//1591 1590//1590
f 1590//1590 1591//1591 1565//1565
f 1565//1565 1589//1589 1590//1590
f 1592//1592 1591//1591 1457//1457
f 1457//1457 1462//1462 1592//1592
f 1592//1592 1462//1462 1461//1461
f 1461//1461 1593//1593 1592//1592
f 1592//1592 1593//1593 1565//1565
f 1565//1565 1591//1591 1592//1592
f 1594//1594 1593//1593 1461//1461
f 1461//1461 1466//1466 1594//1594
f 1594//1594 1466//1466 1465//1465
f 1465//1465 1595//1595 1594//1594
f 1594//1594 1595//1595 1565//1565
f 1565//1565 1593//1593 1594//1594
f 1596//1596 1595//1595 1465//1465
f 1465//1465 1470//1470 1596//1596
f 1596//1596 1470//1470 1469//1469
f 1469//1469 1597//1597 1596//1596
f 1596//1596 1597//1597 1565//1565
f 1565//1565 1595//1595 1596//1596
f 1598//1598 1597//1597 1469//1469
f 1469//1469 1474//1474 1598//1598
f 1598//1598 1474//1474 1473//1473
f 1473//1473 1599//1599 1598//1598
f 1598//1598 1599//1599 1565//1565
f 1565//1565 1597//1597 1598//1598
f 1600//1600 1599//1599 1473//1473
f 1473//1473 1478//1478 1600//1600
f 1600//1600 1478//1478 1477//1477
f 1477//1477 1601//1601 1600//1600
f 1600//1600 1601//1601 1565//1565
f 1565//1565 1599//1599 1600//1600
f 1602//1602 1601//1601 1477//1477
f 1477//1477 1480//1480 1602//1602
f 1602//1602 1480//1480 1406//1406
f 1406//1406 1563//1563 1602//1602
f 1602//1602 1563//1563 1565//1565
f 1565//1565 1601//1601 1602//1602
f 1603//1603 1604//1604 1605//1605
f 1605//1605 1606//1606 1603//1603
f 1607//1607 1603//1603 1606//1606
f 1606//1606 1608//1608 1607//1607
f 1485//1485 1484//1484 1603//1603
f 1603//1603 1607//1607 1485//1485
f 1484//1484 1483//1483 1604//1604
f 1604//1604 1603//1603 1484//1484
f 1609//1609 1610//1610 1611//1611
f 1611//1611 1612//1612 1609//1609
f 1604//1604 1609//1609 1612//1612
f 1612//1612 1605//1605 1604//1604
f 1483//1483 1491//1491 1609//1609
f 1609//1609 1604//1604 1483//1483
f 1491//1491 1490//1490 1610//1610
f 1610//1610 1609//1609 1491//1491
f 1613//1613 1614//1614 1615//1615
f 1615//1615 1616//1616 1613//1613
f 1610//1610 1613//1613 1616//1616
f 1616//1616 1611//1611 1610//1610
f 1490//1490 1495//1495 1613//1613
f 1613//1613 1610//1610 1490//1490
f 1495//1495 1494//1494 1614//1614
f 1614//1614 1613//1613 1495//1495
f 1617//1617 1618//1618 1619//1619
f 1619//1619 1620//1620 1617//1617
f 1614//1614 1617//1617 1620//1620
f 1620//1620 1615//1615 1614//1614
f 1494//1494 1499//1499 1617//1617
f 1617//1617 1614//1614 1494//1494
f 1499//1499 1498//1498 1618//1618
f 1618//1618 1617//1617 1499//1499
f 1621//1621 1622//1622 1623//1623
f 1623//1623 1624//1624 1621//1621
f 1618//1618 1621//1621 1624//1624
f 1624//1624 1619//1619 1618//1618
f 1498//1498 1503//1503 1621//1621
f 1621//1621 1618//1618 1498//1498
f 1503//1503 1502//1502 1622//1622
f 1622//1622 1621//1621 1503//1503
f 1625//1625 1626//1626 1627//1627
f 1627//1627 1628//1628 1625//1625
f 1622//1622 1625//1625 1628//1628
f 1628//1628 1623//1623 1622//1622
f 1502//1502 1507//1507 1625//1625
f 1625//1625 1622//1622 1502//1502
f 1507//1507 1506//1506 1626//1626
f 1626//1626 1625//1625 1507//1507
f 1629//1629 1630//1630 1631//1631
f 1631//1631 1632//1632 1629//1629
f 1626//1626 1629//1629 1632//1632
f 1632//1632 1627//1627 1626//1626
f 1506//1506 1511//1511 1629//1629
f 1629//1629 1626//1626 1506//1506
f 1511//1511 1510//1510 1630//1630
f 1630//1630 1629//1629 1511//1511
f 1633//1633 1634//1634 1635//1635
f 1635//1635 1636//1636 1633//1633
f 1630//1630 1633//1633 1636//1636
f 1636//1636 1631//1631 1630//1630
f 1510//1510 1515//1515 1633//1633
f 1633//1633 1630//1630 1510//1510
f 1515//1515 1514//1514 1634//1634
f 1634//1634 1633//1633 1515//1515
f 1637//1637 1638//1638 1639//1639
f 1639//1639 1640//1640 1637//1637
f 1634//1634 1637//1637 1640//1640
f 1640//1640 1635//1635 1634//1634
f 1514//1514 1519//1519 1637//1637
f 1637//1637 1634//1634 1514//1514
f 1519//1519 1518//1518 1638//1638
f 1638//1638 1637//1637 1519//1519
f 1641//1641 1642//1642 1643//1643
f 1643//1643 1644//1644 1641//1641
f 1638//1638 1641//1641 1644//1644
f 1644//1644 1639//1639 1638//1638
f 1518//1518 1523//1523 1641//1641
f 1641//1641 1638//1638 1518//1518
f 1523//1523 1522//1522 1642//1642
f 1642//1642 1641//1641 1523//1523
f 1645//1645 1646//1646 1647//1647
f 1647//1647 1648//1648 1645//1645
f 1642//1642 1645//1645 1648//1648
f 1648//1648 1643//1643 1642//1642
f 1522//1522 1527//1527 1645//1645
f 1645//1645 1642//1642 1522//1522
f 1527//1527 1526//1526 1646//1646
f 1646//1646 1645//1645 1527//1527
f 1649//1649 1650//1650 1651//1651
f 1651//1651 1652//1652 1649//1649
f 1646//1646 1649//1649 1652//1652
f 1652//1652 1647//1647 1646//1646
f 1526//1526 1531//1531 1649//1649
f 1649//1649 1646//1646 1526//1526
f 1531//1531 1530//1530 1650//1650
f 1650//1650 1649//1649 1531//1531
f 1653//1653 1654//1654 1655//1655
f 1655//1655 1656//1656 1653//1653
f 1650//1650 1653//1653 1656//1656
f 1656//1656 1651//1651 1650//1650
f 1530//1530 1535//1535 1653//1653
f 1653//1653 1650//1650 1530//1530
f 1535//1535 1534//1534 1654//1654
f 1654//1654 1653//1653 1535//1535
f 1657//1657 1658//1658 1659//1659
f 1659//1659 1660//1660 1657//1657
f 1654//1654 1657//1657 1660//1660
f 1660//1660 1655//1655 1654//1654
f 1534//1534 1539//1539 1657//1657
f 1657//1657 1654//1654 1534//1534
f 1539//1539 1538//1538 1658//1658
f 1658//1658 1657//1657 1539//1539
f 1661//1661 1662//1662 1663//1663
f 1663//1663 1664//1664 1661//1661
f 1658//1658 1661//1661 1664//1664
f 1664//1664 1659//1659 1658//1658
f 1538//1538 1543//1543 1661//1661
f 1661//1661 1658//1658 1538//1538
f 1543//1543 1542//1542 1662//1662
f 1662//1662 1661//1661 1543//1543
f 1665//1665 1666//1666 1667//1667
f 1667//1667 1668//1668 1665//1665
f 1662//1662 1665//1665 1668//1668
f 1668//1668 1663//1663 1662//1662
f 1542//1542 1547//1547 1665//1665
f 1665//1665 1662//1662 1542//1542
f 1547//1547 1546//1546 1666//1666
f 1666//1666 1665//1665 1547//1547
f 1669//1669 1670//1670 1671//1671
f 1671//1671 1672//1672 1669//1669
f 1666//1666 1669//1669 1672//1672
f 1672//1672 1667//1667 1666//1666
f 1546//1546 1551//1551 1669//1669
f 1669//1669 1666//1666 1546//1546
f 1551//1551 1550//1550 1670//1670
f 1670//1670 1669//1669 1551//1551
f 1673//1673 1674//1674 1675//1675
f 1675//1675 1676//1676 1673//1673
f 1670//1670 1673//1673 1676//1676
f 1676//1676 1671//1671 1670//1670
f 1550//1550 1555//1555 1673//1673
f 1673//1673 1670//1670 1550//1550
f 1555//1555 1554//1554 1674//1674
f 1674//1674 1673//1673 1555//1555
f 1677//1677 1678//1678 1679//1679
f 1679//1679 1680//1680 1677//1677
f 1674//1674 1677//1677 1680//1680
f 1680//1680 1675//1675 1674//1674
f 1554//1554 1559//1559 1677//1677
f 1677//1677 1674//1674 1554//1554
f 1559//1559 1558//1558 1678//1678
f 1678//1678 1677//1677 1559//1559
f 1681//1681 1607//1607 1608//1608
f 1608//1608 1682//1682 1681//1681
f 1678//1678 1681//1681 1682//1682
f 1682//1682 1679//1679 1678//1678
f 1558//1558 1561//1561 1681//1681
f 1681//1681 1678//1678 1558//1558
f 1561//1561 1485//1485 1607//1607
f 1607//1607 1681//1681 1561//1561
f 1683//1683 1684//1684 3//3
f 3//3 119//119 1683//1683
f 1685//1685 1683//1683 119//119
f 119//119 115//115 1685//1685
f 1679//1679 1682//1682 1683//1683
f 1683//1683 1685//1685 1679//1679
f 1682//1682 1608//1608 1684//1684
f 1684//1684 1683//1683 1682//1682
f 1686//1686 1685//1685 115//115
f 115//115 113//113 1686//1686
f 1687//1687 1686//1686 113//113
f 113//113 109//109 1687//1687
f 1675//1675 1680//1680 1686//1686
f 1686//1686 1687//1687 1675//1675
f 1680//1680 1679//1679 1685//1685
f 1685//1685 1686//1686 1680//1680
f 1688//1688 1687//1687 109//109
f 109//109 107//107 1688//1688
f 1689//1689 1688//1688 107//107
f 107//107 103//103 1689//1689
f 1671//1671 1676//1676 1688//1688
f 1688//1688 1689//1689 1671//1671
f 1676//1676 1675//1675 1687//1687
f 1687//1687 1688//1688 1676//1676
f 1690//1690 1689//1689 103//103
f 103//103 101//101 1690//1690
f 1691//1691 1690//1690 101//101
f 101//101 97//97 1691//1691
f 1667//1667 1672//1672 1690//1690
f 1690//1690 1691//1691 1667//1667
f 1672//1672 1671//1671 1689//1689
f 1689//1689 1690//1690 1672//1672
f 1692//1692 1691//1691 97//97
f 97//97 95//95 1692//1692
f 1693//1693 1692//1692 95//95
f 95//95 91//91 1693//1693
f 1663//1663 1668//1668 1692//1692
f 1692//1692 1693//1693 1663//1663
f 1668//1668 1667//1667 1691//1691
f 1691//1691 1692//1692 1668//1668
f 1694//1694 1693//1693 91//91
f 91//91 89//89 1694//1694
f 1695//1695 1694//1694 89//89
f 89//89 85//85 1695//1695
f 1659//1659 1664//1664 1694//1694
f 1694//1694 1695//1695 1659//1659
f 1664//1664 1663//1663 1693//1693
f 1693//1693 1694//1694 1664//1664
f 1696//1696 1695//1695 85//85
f 85//85 83//83 1696//1696
f 1697//1697 1696//1696 83//83
f 83//83 79//79 1697//1697
f 1655//1655 1660//1660 1696//1696
f 1696//1696 1697//1697 1655//1655
f 1660//1660 1659//1659 1695//1695
f 1695//1695 1696//1696 1660//1660
f 1698//1698 1697//1697 79//79
f 79//79 77//77 1698//1698
f 1699//1699 1698//1698 77//77
f 77//77 73//73 1699//1699
f 1651//1651 1656//1656 1698//1698
f 1698//1698 1699//1699 1651//1651
f 1656//1656 1655//1655 1697//1697
f 1697//1697 1698//1698 1656//1656
f 1700//1700 1699//1699 73//73
f 73//73 71//71 1700//1700
f 1701//1701 1700//1700 71//71
f 71//71 67//67 1701//1701
f 1647//1647 1652//1652 1700//1700
f 1700//1700 1701//1701 1647//1647
f 1652//1652 1651//1651 1699//1699
f 1699//1699 1700//1700 1652//1652
f 1702//1702 1701//1701 67//67
f 67//67 65//65 1702//1702
f 1703//1703 1702//1702 65//65
f 65//65 61//61 1703//1703
f 1643//1643 1648//1648 1702//1702
f 1702//1702 1703//1703 1643//1643
f 1648//1648 1647//1647 1701//1701
f 1701//1701 1702//1702 1648//1648
f 1704//1704 1703//1703 61//61
f 61//61 59//59 1704//1704
f 1705//1705 1704//1704 59//59
f 59//59 55//55 1705//1705
f 1639//1639 1644//1644 1704//1704
f 1704//1704 1705//1705 1639//1639
f 1644//1644 1643//1643 1703//1703
f 1703//1703 1704//1704 1644//1644
f 1706//1706 1705//1705 55//55
f 55//55 53//53 1706//1706
f 1707//1707 1706//1706 53//53
f 53//53 49//49 1707//1707
f 1635//1635 1640//1640 1706//1706
f 1706//1706 1707//1707 1635//1635
f 1640//1640 1639//1639 1705//1705
f 1705//1705 1706//1706 1640//1640
f 1708//1708 1707//1707 49//49
f 49//49 47//47 1708//1708
f 1709//1709 1708//1708 47//47
f 47//47 43//43 1709//1709
f 1631//1631 1636//1636 1708//1708
f 1708//1708 1709//1709 1631//1631
f 1636//1636 1635//1635 1707//1707
f 1707//1707 1708//1708 1636//1636
f 1710//1710 1709//1709 43//43
f 43//43 41//41 1710//1710
f 1711//1711 1710//1710 41//41
f 41//41 37//37 1711//1711
f 1627//1627 1632//1632 1710//1710
f 1710//1710 1711//1711 1627//1627
f 1632//1632 1631//1631 1709//1709
f 1709//1709 1710//1710 1632//1632
f 1712//1712 1711//1711 37//37
f 37//37 35//35 1712//1712
f 1713//1713 1712//1712 35//35
f 35//35 31//31 1713//1713
f 1623//1623 1628//1628 1712//1712
f 1712//1712 1713//1713 1623//1623
f 1628//1628 1627//1627 1711//1711
f 1711//1711 1712//1712 1628//1628
f 1714//1714 1713//1713 31//31
f 31//31 29//29 1714//1714
f 1715//1715 1714//1714 29//29
f 29//29 25//25 1715//1715
f 1619//1619 1624//1624 1714//1714
f 1714//1714 1715//1715 1619//1619
f 1624//1624 1623//1623 1713//1713
f 1713//1713 1714//1714 1624//1624
f 1716//1716 1715//1715 25//25
f 25//25 23//23 1716//1716
f 1717//1717 1716//1716 23//23
f 23//23 19//19 1717//1717
f 1615//1615 1620//1620 1716//1716
f 1716//1716 1717//1717 1615//1615
f 1620//1620 1619//1619 1715//1715
f 1715//1715 1716//1716 1620//1620
f 1718//1718 1717//1717 19//19
f 19//19 17//17 1718//1718
f 1719//1719 1718//1718 17//17
f 17//17 13//13 1719//1719
f 1611//1611 1616//1616 1718//1718
f 1718//1718 1719//1719 1611//1611
f 1616//1616 1615//1615 1717//1717
f 1717//1717 1718//1718 1616//1616
f 1720//1720 1719//1719 13//13
f 13//13 11//11 1720//1720
f 1721//1721 1720//1720 11//11
f 11//11 6//6 1721//1721
f 1605//1605 1612//1612 1720//1720
f 1720//1720 1721//1721 1605//1605
f 1612//1612 1611//1611 1719//1719
f 1719//1719 1720//1720 1612//1612
f 1722//1722 1721//1721 6//6
f 6//6 4//4 1722//1722
f 1684//1684 1722//1722 4//4
f 4//4 3//3 1684//1684
f 1608//1608 1606//1606 1722//1722
f 1722//1722 1684//1684 1608//1608
f 1606//1606 1605//1605 1721//1721
f 1721//1721 1722//1722 1606//1606
usemtl mat1
f 1723//1723 1724//1723 1725//1723
f 1725//1723 1726//1723 1723//1723
f 1727//1724 1723//1724 1726//1724
f 1726//1724 1728//1724 1727//1724
f 1729//1725 1727//1725 1728//1725
f 1728//1725 1730//1725 1729//1725
f 1731//1726 1729//1726 1730//1726
f 1730//1726 1732//1726 1731//1726
f 1733//1727 1731//1727 1732//1727
f 1732//1727 1734//1727 1733//1727
f 1735//1728 1733//1728 1734//1728
f 1734//1728 1736//1728 1735//1728
f 1737//1729 1735//1729 1736//1729
f 1736//1729 1738//1729 1737//1729
f 1739//1730 1737//1730 1738//1730
f 1738//1730 1740//1730 1739//1730
f 1741//1731 1739//1731 1740//1731
f 1740//1731 1742//1731 1741//1731
f 1724//1732 1741//1732 1742//1732
f 1742//1732 1725//1732 1724//1732
f 1728//1733 1726//1733 1725//1734
f 1725//1734 1742//1735 1740//1733
f 1740//1733 1738//1733 1736//1733
f 1736//1733 1734//1733 1732//1733
f 1732//1733 1730//1733 1728//1733
f 1728//1733 1725//1734 1740//1733
f 1740//1733 1736//1733 1732//1733
f 1732//1733 1728//1733 1740//1733
f 1739//1736 1741//1736 1724//1736
f 1724//1736 1723//1736 1727//1736
f 1727//1736 1729//1736 1731//1736
f 1731//1736 1733//1736 1735//1736
f 1735//1736 1737//1736 1739//1736
f 1739//1736 1724//1736 1727//1736
f 1727//1736 1731//1736 1735//1736
f 1735//1736 1739//1736 1727//1736
# Vertices: 1742, normals: 1736, texture coordinates: 0, faces: 3476

