# File generated by ImageToStl.com - Free Image and 3D model conversion tools

mtllib zeppelin_sketchfab.mtl

# zeppelin_0
o obj1
v -0.40120134 -1.09391379 -0.44892085
v -0.39787969 -1.10415375 -0.43173596
v -0.41748518 -1.10168731 -0.43027511
v -0.41517952 -1.09516966 -0.44386929
v -0.40964153 -1.07951486 -0.45994854
v -0.42525861 -1.08540356 -0.44892085
v -0.41976857 -1.06114948 -0.46391848
v -0.43588573 -1.06884336 -0.45145902
v -0.44676697 -1.07403767 -0.43300417
v -0.45231938 -1.05348849 -0.43173596
v -0.44207951 -1.05016685 -0.44892085
v -0.44985294 -1.03388298 -0.43027511
v -0.44333529 -1.03618872 -0.44386929
v -0.42768052 -1.04172671 -0.45994854
v -0.40931511 -1.03159964 -0.46391848
v -0.39976692 -1.05160129 -0.46858856
v -0.39976692 -1.05160129 -0.46858856
v -0.37976527 -1.0420531 -0.46391848
v -0.37185329 -1.06147587 -0.45994854
v -0.39021873 -1.07160294 -0.46391848
v -0.38989231 -1.02368772 -0.45994854
v -0.37976527 -1.0420531 -0.46391848
v -0.41700897 -1.01548254 -0.45145905
v -0.43356907 -1.0261097 -0.44892085
v -0.4394424 -1.01708782 -0.43173602
v -0.42220336 -1.00460124 -0.43300423
v -0.40165412 -0.99904883 -0.43173602
v -0.39833248 -1.00928867 -0.44892085
v -0.42384169 -1.00116932 -0.4137319
v -0.44174141 -1.0146426 -0.4137319
v -0.45253843 -1.03293312 -0.4137319
v -0.45564464 -1.05394423 -0.4137319
v -0.45019895 -1.07567608 -0.4137319
v -0.43428037 -1.09127676 -0.43173596
v -0.43672568 -1.09357584 -0.4137319
v -0.41843519 -1.10437286 -0.4137319
v -0.38252488 -1.08772004 -0.45145902
v -0.37733048 -1.09860134 -0.43300411
v -0.34699541 -1.07026958 -0.4137319
v -0.3496809 -1.06931961 -0.43027511
v -0.34721446 -1.04971409 -0.43173596
v -0.34388915 -1.04925847 -0.4137319
v -0.36596477 -1.07709301 -0.44892085
v -0.36009145 -1.08611476 -0.43173596
v -0.35745433 -1.05303574 -0.44892085
v -0.35619855 -1.06701398 -0.44386923
v -0.36364812 -1.03435922 -0.45145902
v -0.35276687 -1.02916491 -0.43300417
v -0.3493349 -1.02752662 -0.4137319
v -0.36525348 -1.01192582 -0.43173596
v -0.36364812 -1.03435922 -0.45145902
v -0.37427524 -1.01779902 -0.44892085
v -0.38435432 -1.00803292 -0.44386929
v -0.38204864 -1.00151527 -0.43027511
v -0.36280817 -1.00962675 -0.4137319
v -0.3810986 -0.99882984 -0.4137319
v -0.40210971 -0.99572355 -0.4137319
v -0.39742398 -1.10747898 -0.4137319
v -0.37569213 -1.10203326 -0.4137319
v -0.35779238 -1.0885601 -0.4137319
v -0.42998073 -1.06602454 -0.4137319
v -0.39840081 -1.08118486 -0.4137319
v -0.37439531 -1.07544923 -0.4137319
v -0.36470795 -1.05325282 -0.4137319
v -0.37548435 -1.02892172 -0.4137319
v -0.39908198 -1.01750386 -0.4137319
v -0.4230341 -1.02718985 -0.4137319
v -0.39683074 -1.04905546 -0.4137319
v -0.45992851 -1.03748786 -0.41165322
v -0.45967719 -1.03343534 -0.41128701
v -0.46505812 -1.03094804 -0.41129455
v -0.46679941 -1.03431213 -0.41166288
v -0.45301318 -1.03994572 -0.41157866
v -0.45426127 -1.0353601 -0.41122866
v -0.44631884 -1.04159069 -0.41144201
v -0.44901866 -1.03664827 -0.41112167
v -0.44010311 -1.04235971 -0.41124868
v -0.44415072 -1.03725076 -0.41097021
v -0.43460473 -1.04222357 -0.41100594
v -0.43984458 -1.03714395 -0.4107801
v -0.43003497 -1.04118681 -0.41072315
v -0.4362658 -1.03633189 -0.41055858
v -0.42656934 -1.03928971 -0.41041121
v -0.43355167 -1.03484643 -0.41031426
v -0.42434132 -1.03660536 -0.41008204
v -0.43180662 -1.03274393 -0.41005656
v -0.42343614 -1.0332365 -0.40974846
v -0.43109763 -1.03010559 -0.40979531
v -0.4238888 -1.02931285 -0.40942314
v -0.43145218 -1.02703285 -0.4095405
v -0.42568204 -1.02498507 -0.40911862
v -0.43285659 -1.02364337 -0.40930203
v -0.43145218 -1.02703285 -0.4095405
v -0.4238888 -1.02931285 -0.40942314
v -0.42874652 -1.02041948 -0.40884659
v -0.43525672 -1.02006781 -0.40908897
v -0.4329651 -1.01579165 -0.40861753
v -0.43856037 -1.01644373 -0.40890956
v -0.43817514 -1.01127934 -0.40844023
v -0.44264078 -1.01290965 -0.40877074
v -0.44417652 -1.00705588 -0.40832144
v -0.44734076 -1.00960219 -0.40867776
v -0.45073879 -1.00328386 -0.40826589
v -0.45248008 -1.00664794 -0.40863419
v -0.45943934 -1.03646493 -0.42331073
v -0.46631002 -1.03328907 -0.42332038
v -0.45252383 -1.03892267 -0.42323604
v -0.44582945 -1.04056776 -0.42309967
v -0.43961385 -1.04133701 -0.42290622
v -0.43411535 -1.04120052 -0.42266345
v -0.42954561 -1.04016399 -0.4223806
v -0.42608008 -1.03826678 -0.4220688
v -0.42385194 -1.03558242 -0.4217394
v -0.42294687 -1.03221357 -0.42140579
v -0.42339948 -1.02828979 -0.4210805
v -0.42519256 -1.02396202 -0.42077607
v -0.42825729 -1.01939654 -0.42050394
v -0.43247584 -1.0147686 -0.42027485
v -0.43768576 -1.01025617 -0.42009765
v -0.44368723 -1.00603294 -0.41997895
v -0.45024946 -1.0022608 -0.41992328
v -0.45876911 -1.01879799 -0.40996441
v -0.45876911 -1.01879799 -0.40996441
v -0.59871829 -0.96136934 -0.42603436
v -0.59212226 -0.96507406 -0.42638093
v -0.59076273 -0.96247005 -0.42272693
v -0.59592849 -0.9595685 -0.42245537
v -0.60482001 -0.95734531 -0.4250533
v -0.60070705 -0.9564172 -0.42168704
v -0.61019278 -0.95315701 -0.42347565
v -0.60491484 -0.95313704 -0.42045158
v -0.6146301 -0.94896519 -0.42136234
v -0.60839009 -0.9498542 -0.41879654
v -0.61796165 -0.94493067 -0.41879392
v -0.61099929 -0.94669461 -0.41678527
v -0.62005949 -0.9412089 -0.41586986
v -0.61264199 -0.94377995 -0.41449502
v -0.62084252 -0.93794274 -0.41270199
v -0.61264199 -0.94377995 -0.41449502
v -0.61325532 -0.94122201 -0.41201419
v -0.62028098 -0.93525785 -0.40941218
v -0.61281556 -0.93911928 -0.40943775
v -0.61839652 -0.93325728 -0.40612715
v -0.61133969 -0.93755227 -0.40686485
v -0.6152612 -0.93201762 -0.40297249
v -0.60888439 -0.93658191 -0.40439451
v -0.61099589 -0.9315871 -0.40006989
v -0.60554385 -0.93624461 -0.40212145
v -0.60576445 -0.93198204 -0.39753115
v -0.60144693 -0.93655384 -0.40013307
v -0.59976774 -0.93318713 -0.39545348
v -0.59675026 -0.93749762 -0.39850578
v -0.59323615 -0.93515593 -0.39391646
v -0.59163523 -0.93903947 -0.39730206
v -0.58642113 -0.9378131 -0.39297971
v -0.58629781 -0.94112039 -0.39656836
v -0.579584 -0.94105649 -0.39267889
v -0.58094335 -0.9436602 -0.39633265
v -0.59454429 -0.95325106 -0.4333725
v -0.58794808 -0.95695573 -0.43371943
v -0.60064602 -0.94922698 -0.43239155
v -0.60601878 -0.94503844 -0.430814
v -0.61045623 -0.94084674 -0.42870048
v -0.61378777 -0.93681216 -0.42613247
v -0.61588538 -0.93309063 -0.42320824
v -0.6166687 -0.92982453 -0.42004031
v -0.61610711 -0.92713946 -0.41675052
v -0.61422247 -0.92513895 -0.41346538
v -0.6110872 -0.92389929 -0.41031095
v -0.60682195 -0.92346871 -0.40740854
v -0.60159034 -0.92386365 -0.40486959
v -0.59559375 -0.92506868 -0.40279174
v -0.58906221 -0.9270376 -0.40125477
v -0.58224714 -0.92969477 -0.400318
v -0.57541013 -0.93293804 -0.40001723
v -0.58585298 -0.95306516 -0.40952986
v -0.58585298 -0.95306516 -0.40952986
v -0.51024896 -0.97458273 -0.39881021
v -0.50825357 -0.97074521 -0.39577743
v -0.51745546 -0.98844308 -0.40976381
v -0.52466196 -1.00230348 -0.42071727
v -0.51745546 -0.98844308 -0.40976381
v -0.52665746 -1.00614107 -0.4237501
v -0.50519025 -0.96475917 -0.40536729
v -0.5235939 -1.00015509 -0.43334001
v -0.46456876 -1.02992499 -0.42295197
v -0.45918778 -1.03241217 -0.42294449
v -0.45377171 -1.03433704 -0.42288604
v -0.44852933 -1.03562546 -0.42277917
v -0.44366136 -1.0362277 -0.4226276
v -0.43935531 -1.03612089 -0.4224374
v -0.43577635 -1.03530896 -0.42221618
v -0.43306223 -1.03382337 -0.42197186
v -0.43131724 -1.031721 -0.42171416
v -0.43060848 -1.02908266 -0.42145267
v -0.43096301 -1.02600992 -0.42119789
v -0.43236735 -1.02262032 -0.42095938
v -0.4347674 -1.019045 -0.42074642
v -0.43807098 -1.01542068 -0.42056695
v -0.44215134 -1.0118866 -0.42042807
v -0.44685131 -1.00857913 -0.42033508
v -0.45199075 -1.00562477 -0.4202916
v -0.52159864 -0.99631745 -0.43030715
v -0.58658886 -0.95435166 -0.43006533
v -0.51439208 -0.9824571 -0.41935366
v -0.4582797 -1.01777494 -0.42162177
v -0.50718564 -0.9685967 -0.4084
v -0.58167905 -0.94494677 -0.41686839
v -0.57676953 -0.93554199 -0.40367106
v -0.58212399 -0.933002 -0.40390661
v -0.58746117 -0.93092096 -0.40464056
v -0.5925765 -0.92937911 -0.405844
v -0.59727275 -0.92843515 -0.4074713
v -0.60136992 -0.9281261 -0.40945962
v -0.60471028 -0.92846346 -0.41173261
v -0.60716569 -0.929434 -0.41420326
v -0.60864162 -0.93100089 -0.41677606
v -0.60908121 -0.93310356 -0.41935229
v -0.608468 -0.93566126 -0.42183319
v -0.60682517 -0.93857634 -0.42412344
v -0.60421616 -0.94173586 -0.42613477
v -0.5917545 -0.95145017 -0.42979389
v -0.59653306 -0.94829887 -0.42902547
v -0.60074091 -0.94501865 -0.4277899
v -0.36000451 -1.0043329 -0.41165209
v -0.35654715 -1.00646198 -0.41128588
v -0.35182005 -1.00288486 -0.41129342
v -0.35396877 -0.99976516 -0.41166174
v -0.36542776 -1.0092777 -0.41157752
v -0.36079434 -1.01033473 -0.41122752
v -0.37002978 -1.01441014 -0.41144088
v -0.3643983 -1.01435411 -0.41112053
v -0.37363365 -1.01953244 -0.41124755
v -0.36722094 -1.01836562 -0.41096908
v -0.37610132 -1.02444792 -0.41100481
v -0.36915335 -1.02221537 -0.41077897
v -0.37733725 -1.02896786 -0.41072202
v -0.37012115 -1.02575517 -0.41055745
v -0.37729445 -1.03291857 -0.41041008
v -0.37008786 -1.02884901 -0.41031313
v -0.37597457 -1.03614771 -0.41008091
v -0.36905408 -1.03137827 -0.41005543
v -0.37008786 -1.02884901 -0.41031313
v -0.37342817 -1.0385319 -0.40974733
v -0.36705989 -1.03324556 -0.40979418
v -0.36975318 -1.03997922 -0.40942201
v -0.36418185 -1.03437889 -0.40953937
v -0.3650907 -1.04043376 -0.40911749
v -0.36053026 -1.03473496 -0.40930089
v -0.35962009 -1.03987861 -0.40884545
v -0.35624585 -1.03429997 -0.40908784
v -0.35355142 -1.03833449 -0.40861639
v -0.35149342 -1.03309071 -0.40890843
v -0.34711802 -1.03586125 -0.4084391
v -0.3464548 -1.0311538 -0.40876961
v -0.34056708 -1.03255379 -0.40832031
v -0.34132454 -1.0285635 -0.40867662
v -0.33415046 -1.02853894 -0.40826476
v -0.33629918 -1.02541935 -0.40863305
v -0.35933217 -1.00524592 -0.42330959
v -0.35329643 -1.00067842 -0.42331925
v -0.36475539 -1.01019096 -0.42323491
v -0.36935756 -1.0153234 -0.42309853
v -0.37296158 -1.02044547 -0.42290509
v -0.37542894 -1.02536118 -0.42266232
v -0.37666512 -1.029881 -0.42237946
v -0.37662214 -1.03383172 -0.42206767
v -0.37530231 -1.03706098 -0.42173827
v -0.37275586 -1.03944504 -0.42140466
v -0.36908081 -1.04089236 -0.42107937
v -0.36441839 -1.04134715 -0.42077494
v -0.35894778 -1.04079175 -0.42050281
v -0.35287902 -1.03924763 -0.42027372
v -0.34644559 -1.03677452 -0.42009652
v -0.3398948 -1.03346694 -0.41997781
v -0.33347809 -1.0294522 -0.41992214
v -0.34405962 -1.01415205 -0.40996328
v -0.34405962 -1.01415205 -0.40996328
v -0.22752328 -0.9176994 -0.42603323
v -0.2338964 -0.9217757 -0.4263798
v -0.23223865 -0.92420077 -0.4227258
v -0.22724734 -0.92100847 -0.42245424
v -0.22110106 -0.91420954 -0.42505217
v -0.22221789 -0.91827536 -0.4216859
v -0.21487698 -0.91144019 -0.42347452
v -0.21734336 -0.91610646 -0.42045045
v -0.20909005 -0.90949786 -0.42136121
v -0.21281123 -0.91458523 -0.41879541
v -0.20396236 -0.90845716 -0.41879278
v -0.20879547 -0.91377008 -0.41678414
v -0.19969121 -0.9083578 -0.41586873
v -0.20545067 -0.91369241 -0.41449389
v -0.19644086 -0.90920407 -0.41270086
v -0.20290509 -0.9143551 -0.41201305
v -0.19433621 -0.91096318 -0.40941104
v -0.20125675 -0.91573274 -0.40943661
v -0.19345793 -0.91356742 -0.40612602
v -0.20056874 -0.91777247 -0.40686372
v -0.19383976 -0.9169172 -0.40297136
v -0.20086813 -0.92039549 -0.40439337
v -0.19546732 -0.92088324 -0.40006876
v -0.20214272 -0.92350173 -0.40212032
v -0.19827791 -0.92531317 -0.39753002
v -0.19546732 -0.92088324 -0.40006876
v -0.20214272 -0.92350173 -0.40212032
v -0.20434372 -0.92697102 -0.40013194
v -0.20216346 -0.93003708 -0.39545235
v -0.20738688 -0.9306708 -0.39850464
v -0.20697463 -0.93487346 -0.39391533
v -0.21115462 -0.93445826 -0.39730093
v -0.21252653 -0.93963599 -0.39297858
v -0.21550266 -0.93818825 -0.39656723
v -0.21860607 -0.9441421 -0.39267775
v -0.22026363 -0.94171727 -0.39633152
v -0.22232476 -0.92520303 -0.43337137
v -0.22869793 -0.92927945 -0.43371829
v -0.21590249 -0.92171317 -0.43239042
v -0.2096782 -0.91894394 -0.43081287
v -0.20389134 -0.91700143 -0.42869934
v -0.19876356 -0.91596079 -0.42613134
v -0.19449273 -0.91586149 -0.4232071
v -0.19124231 -0.91670752 -0.42003918
v -0.18913752 -0.91846669 -0.41674939
v -0.18825939 -0.92107111 -0.41346425
v -0.18864119 -0.92442083 -0.41030982
v -0.19026867 -0.92838681 -0.4074074
v -0.19307935 -0.93281698 -0.40486845
v -0.1969648 -0.93754077 -0.40279061
v -0.20177603 -0.94237709 -0.40125364
v -0.20732795 -0.94713962 -0.40031686
v -0.21340734 -0.95164567 -0.4000161
v -0.2262512 -0.93295908 -0.40952873
v -0.2262512 -0.93295908 -0.40952873
v -0.28081891 -0.98953944 -0.39880908
v -0.27837205 -0.99310613 -0.3957763
v -0.28965658 -0.97665775 -0.40976268
v -0.29849434 -0.96377599 -0.42071614
v -0.28965658 -0.97665775 -0.40976268
v -0.30094117 -0.96020925 -0.42374897
v -0.27453214 -0.99862623 -0.40536615
v -0.29710141 -0.96572953 -0.43333888
v -0.35114771 -1.00379813 -0.42295083
v -0.35587472 -1.00737524 -0.42294335
v -0.36012208 -1.01124811 -0.42288491
v -0.36372614 -1.01526725 -0.42277804
v -0.3665486 -1.01927888 -0.42262647
v -0.36848095 -1.02312851 -0.42243627
v -0.36944896 -1.02666843 -0.42221504
v -0.36941555 -1.02976239 -0.42197073
v -0.36838183 -1.03229153 -0.42171302
v -0.36638752 -1.03415859 -0.42145154
v -0.36350951 -1.03529191 -0.42119676
v -0.35985783 -1.03564811 -0.42095825
v -0.35557368 -1.03521311 -0.42074528
v -0.35082105 -1.03400409 -0.42056581
v -0.34578246 -1.03206718 -0.42042693
v -0.34065223 -1.02947688 -0.42033395
v -0.33562669 -1.02633262 -0.42029047
v -0.2946544 -0.9692961 -0.43030602
v -0.22703999 -0.93170428 -0.4300642
v -0.28581676 -0.98217785 -0.41935253
v -0.34338728 -1.01506531 -0.42162064
v -0.27697897 -0.99505955 -0.40839887
v -0.22105256 -0.94046265 -0.41686726
v -0.21506508 -0.94922072 -0.40366992
v -0.21030396 -0.94569176 -0.40390548
v -0.20595592 -0.94196206 -0.40463942
v -0.20218803 -0.93817431 -0.40584287
v -0.19914491 -0.93447495 -0.40747017
v -0.19694394 -0.93100536 -0.40945849
v -0.1956695 -0.9278993 -0.41173148
v -0.19537023 -0.92527604 -0.41420212
v -0.19605809 -0.92323637 -0.41677493
v -0.19770646 -0.92185891 -0.41935116
v -0.20025179 -0.92119622 -0.42183205
v -0.20359701 -0.92127377 -0.4241223
v -0.20761265 -0.92208874 -0.42613363
v -0.22204877 -0.9285121 -0.42979276
v -0.21701932 -0.92577899 -0.42902434
v -0.21214472 -0.92361009 -0.42778876
v -0.38306716 -1.11015117 -0.41165355
v -0.38672319 -1.1119175 -0.41128734
v -0.38625529 -1.11782694 -0.41129488
v -0.38246945 -1.11769676 -0.4116632
v -0.38431245 -1.10291839 -0.41157898
v -0.38769865 -1.10625303 -0.41122898
v -0.38615817 -1.09627664 -0.41144234
v -0.38914409 -1.10105157 -0.41112199
v -0.38853297 -1.09048116 -0.41124901
v -0.39100376 -1.09651279 -0.41097054
v -0.39134544 -1.08575463 -0.41100627
v -0.39320657 -1.09281111 -0.41078043
v -0.39448807 -1.08227885 -0.41072348
v -0.39566782 -1.09008908 -0.41055891
v -0.39783984 -1.08018696 -0.41041154
v -0.39829248 -1.08845091 -0.41031459
v -0.40127146 -1.0795598 -0.41008237
v -0.40098032 -1.08795953 -0.41005689
v -0.40465179 -1.08042109 -0.40974879
v -0.40362772 -1.08863401 -0.40979564
v -0.40785059 -1.08273804 -0.40942347
v -0.40613273 -1.09044862 -0.40954083
v -0.40362772 -1.08863401 -0.40979564
v -0.40465179 -1.08042109 -0.40974879
v -0.41074482 -1.08642161 -0.40911895
v -0.40839952 -1.09333336 -0.40930235
v -0.41322356 -1.09132993 -0.40884691
v -0.41034061 -1.09717762 -0.4090893
v -0.41519117 -1.09727478 -0.40861785
v -0.41188142 -1.10183311 -0.40890989
v -0.41657236 -1.10402739 -0.40844056
v -0.41296327 -1.10712171 -0.40877107
v -0.41731402 -1.11132848 -0.40832177
v -0.41354397 -1.11283946 -0.40867808
v -0.41738728 -1.1188972 -0.40826622
v -0.41360155 -1.1187669 -0.40863451
v -0.38419855 -1.1102258 -0.42331105
v -0.38360104 -1.11777139 -0.42332071
v -0.38544407 -1.10299313 -0.42323637
v -0.3872897 -1.09635115 -0.42309999
v -0.3896642 -1.09055579 -0.42290655
v -0.39247707 -1.08582926 -0.42266378
v -0.39561945 -1.08235323 -0.42238092
v -0.39897132 -1.08026159 -0.42206913
v -0.40240303 -1.07963431 -0.42173973
v -0.40578327 -1.08049583 -0.42140612
v -0.40898213 -1.08281279 -0.42108083
v -0.40578327 -1.08049583 -0.42140612
v -0.4118765 -1.08649611 -0.4207764
v -0.41435504 -1.09140456 -0.42050427
v -0.41632268 -1.09734952 -0.42027518
v -0.41770402 -1.10410213 -0.42009798
v -0.41844547 -1.11140299 -0.41997927
v -0.4185189 -1.11897171 -0.4199236
v -0.39992836 -1.11829698 -0.40996474
v -0.39992836 -1.11829698 -0.40996474
v -0.38142836 -1.2684356 -0.42603472
v -0.38143027 -1.26087034 -0.42638129
v -0.38436639 -1.26096082 -0.42272729
v -0.38436505 -1.26688576 -0.42245573
v -0.38194698 -1.2757262 -0.42505366
v -0.38477114 -1.27259541 -0.42168739
v -0.38296595 -1.282462 -0.42347601
v -0.38556916 -1.27787066 -0.42045194
v -0.38444626 -1.28838396 -0.4213627
v -0.38672847 -1.28250861 -0.4187969
v -0.38633123 -1.29326487 -0.41879427
v -0.38820454 -1.28633106 -0.41678563
v -0.38854799 -1.29691708 -0.41587022
v -0.38994065 -1.28919113 -0.41449538
v -0.39101169 -1.29919982 -0.41270235
v -0.39187002 -1.29097903 -0.41201454
v -0.39362738 -1.3000257 -0.40941253
v -0.39101169 -1.29919982 -0.41270235
v -0.39187002 -1.29097903 -0.41201454
v -0.3939186 -1.29162586 -0.4094381
v -0.39629465 -1.29936302 -0.40612751
v -0.39600778 -1.29110694 -0.40686521
v -0.39891142 -1.29723716 -0.40297285
v -0.39805657 -1.28944182 -0.40439487
v -0.40137637 -1.29372978 -0.40007025
v -0.39998725 -1.286695 -0.40212181
v -0.40359509 -1.28897572 -0.39753151
v -0.40172485 -1.28297186 -0.40013343
v -0.40548247 -1.28315759 -0.39545384
v -0.40320304 -1.2784152 -0.39850613
v -0.40696609 -1.27649903 -0.39391682
v -0.40436488 -1.27320075 -0.39730242
v -0.40798852 -1.26925611 -0.39298007
v -0.40516576 -1.26752818 -0.39656872
v -0.40851068 -1.26170659 -0.39267924
v -0.40557489 -1.26161611 -0.39633301
v -0.39055052 -1.26877403 -0.43337286
v -0.39055255 -1.26120877 -0.43371978
v -0.39106917 -1.27606487 -0.43239191
v -0.39208838 -1.28280067 -0.43081436
v -0.39356855 -1.28872275 -0.42870083
v -0.39545357 -1.29360366 -0.42613283
v -0.39767021 -1.29725552 -0.42320859
v -0.40013373 -1.29953861 -0.42004067
v -0.40274957 -1.30036449 -0.41675088
v -0.40541694 -1.29970169 -0.41346574
v -0.40803361 -1.29757571 -0.41031131
v -0.41049862 -1.29406846 -0.40740889
v -0.41271746 -1.28931415 -0.40486994
v -0.41460481 -1.28349614 -0.4027921
v -0.41608834 -1.27683759 -0.40125513
v -0.41711077 -1.26959455 -0.40031835
v -0.41763297 -1.26204538 -0.40001759
v -0.39497069 -1.2612884 -0.40953022
v -0.3939186 -1.29162586 -0.4094381
v -0.39600778 -1.29110694 -0.40686521
v -0.39497069 -1.2612884 -0.40953022
v -0.41325253 -1.18483746 -0.39881057
v -0.41757557 -1.18497801 -0.39577779
v -0.39763895 -1.18432927 -0.40976417
v -0.38202524 -1.1838212 -0.42071763
v -0.39763895 -1.18432927 -0.40976417
v -0.37770218 -1.18368065 -0.42375046
v -0.42429477 -1.18524027 -0.40536764
v -0.38442147 -1.18394268 -0.43334037
v -0.38738692 -1.11790156 -0.42295229
v -0.38785484 -1.111992 -0.42294481
v -0.3888303 -1.10632741 -0.42288637
v -0.39027551 -1.10112607 -0.4227795
v -0.39213535 -1.09658742 -0.42262793
v -0.3943381 -1.09288585 -0.42243773
v -0.39679933 -1.09016359 -0.4222165
v -0.39942417 -1.0885253 -0.42197219
v -0.40211189 -1.08803403 -0.42171448
v -0.40475914 -1.08870888 -0.421453
v -0.40475914 -1.08870888 -0.421453
v -0.40726414 -1.09052324 -0.42119822
v -0.40953106 -1.09340811 -0.42095971
v -0.41147202 -1.09725201 -0.42074674
v -0.41301316 -1.10190761 -0.42056727
v -0.41409498 -1.10719621 -0.4204284
v -0.41467565 -1.11291385 -0.42033541
v -0.41473323 -1.11884165 -0.42029193
v -0.38874447 -1.18408346 -0.43030751
v -0.39348859 -1.26129961 -0.43006569
v -0.40435809 -1.18459153 -0.41935402
v -0.40105999 -1.11837161 -0.4216221
v -0.41997173 -1.18509972 -0.40840036
v -0.40409288 -1.26162708 -0.41686875
v -0.41469696 -1.26195478 -0.40367141
v -0.41428795 -1.26786697 -0.40390697
v -0.41348734 -1.2735393 -0.40464091
v -0.41232532 -1.278754 -0.40584436
v -0.41084746 -1.28331053 -0.40747166
v -0.40910956 -1.2870338 -0.40945998
v -0.40717894 -1.2897805 -0.41173297
v -0.40512991 -1.29144549 -0.41420361
v -0.40304089 -1.29196453 -0.41677642
v -0.40099245 -1.29131758 -0.41935265
v -0.39906317 -1.28952992 -0.42183354
v -0.39732677 -1.28666961 -0.42412379
v -0.3958506 -1.28284717 -0.42613512
v -0.40211189 -1.08803403 -0.42171448
v -0.39348727 -1.26722431 -0.42979425
v -0.39389333 -1.27293408 -0.42902583
v -0.39469141 -1.27820933 -0.42779025
v 0.40120134 -1.09391379 -0.44892085
v 0.41517952 -1.09516966 -0.44386929
v 0.41748518 -1.10168731 -0.43027511
v 0.39787969 -1.10415375 -0.43173596
v 0.40964153 -1.07951486 -0.45994854
v 0.42525861 -1.08540356 -0.44892085
v 0.41976857 -1.06114948 -0.46391848
v 0.43588573 -1.06884336 -0.45145902
v 0.44207951 -1.05016685 -0.44892085
v 0.45231938 -1.05348849 -0.43173596
v 0.44676697 -1.07403767 -0.43300417
v 0.44985294 -1.03388298 -0.43027511
v 0.44333529 -1.03618872 -0.44386929
v 0.42768052 -1.04172671 -0.45994854
v 0.39976692 -1.05160129 -0.46858856
v 0.40931511 -1.03159964 -0.46391848
v 0.39976692 -1.05160129 -0.46858856
v 0.39021873 -1.07160294 -0.46391848
v 0.37185329 -1.06147587 -0.45994854
v 0.37976527 -1.0420531 -0.46391848
v 0.37976527 -1.0420531 -0.46391848
v 0.38989231 -1.02368772 -0.45994854
v 0.41700897 -1.01548254 -0.45145905
v 0.43356907 -1.0261097 -0.44892085
v 0.4394424 -1.01708782 -0.43173602
v 0.42220336 -1.00460124 -0.43300423
v 0.39833248 -1.00928867 -0.44892085
v 0.40165412 -0.99904883 -0.43173602
v 0.42384169 -1.00116932 -0.4137319
v 0.44174141 -1.0146426 -0.4137319
v 0.45253843 -1.03293312 -0.4137319
v 0.45564464 -1.05394423 -0.4137319
v 0.45019895 -1.07567608 -0.4137319
v 0.43428037 -1.09127676 -0.43173596
v 0.43672568 -1.09357584 -0.4137319
v 0.41843519 -1.10437286 -0.4137319
v 0.38252488 -1.08772004 -0.45145902
v 0.37733048 -1.09860134 -0.43300411
v 0.34699541 -1.07026958 -0.4137319
v 0.34388915 -1.04925847 -0.4137319
v 0.34721446 -1.04971409 -0.43173596
v 0.3496809 -1.06931961 -0.43027511
v 0.36009145 -1.08611476 -0.43173596
v 0.36596477 -1.07709301 -0.44892085
v 0.35619855 -1.06701398 -0.44386923
v 0.35745433 -1.05303574 -0.44892085
v 0.35276687 -1.02916491 -0.43300417
v 0.36364812 -1.03435922 -0.45145902
v 0.3493349 -1.02752662 -0.4137319
v 0.36525348 -1.01192582 -0.43173596
v 0.37427524 -1.01779902 -0.44892085
v 0.36364812 -1.03435922 -0.45145902
v 0.38435432 -1.00803292 -0.44386929
v 0.38204864 -1.00151527 -0.43027511
v 0.36280817 -1.00962675 -0.4137319
v 0.3810986 -0.99882984 -0.4137319
v 0.40210971 -0.99572355 -0.4137319
v 0.39742398 -1.10747898 -0.4137319
v 0.37569213 -1.10203326 -0.4137319
v 0.35779238 -1.0885601 -0.4137319
v 0.42998073 -1.06602454 -0.4137319
v 0.39840081 -1.08118486 -0.4137319
v 0.37439531 -1.07544923 -0.4137319
v 0.36470795 -1.05325282 -0.4137319
v 0.37548435 -1.02892172 -0.4137319
v 0.39908198 -1.01750386 -0.4137319
v 0.4230341 -1.02718985 -0.4137319
v 0.39683074 -1.04905546 -0.4137319
v 0.45992851 -1.03748786 -0.41165322
v 0.46679941 -1.03431213 -0.41166288
v 0.46505812 -1.03094804 -0.41129455
v 0.45967719 -1.03343534 -0.41128701
v 0.45301318 -1.03994572 -0.41157866
v 0.45426127 -1.0353601 -0.41122866
v 0.44631884 -1.04159069 -0.41144201
v 0.44901866 -1.03664827 -0.41112167
v 0.44010311 -1.04235971 -0.41124868
v 0.44415072 -1.03725076 -0.41097021
v 0.43460473 -1.04222357 -0.41100594
v 0.43984458 -1.03714395 -0.4107801
v 0.43003497 -1.04118681 -0.41072315
v 0.4362658 -1.03633189 -0.41055858
v 0.42656934 -1.03928971 -0.41041121
v 0.43355167 -1.03484643 -0.41031426
v 0.42434132 -1.03660536 -0.41008204
v 0.43180662 -1.03274393 -0.41005656
v 0.42343614 -1.0332365 -0.40974846
v 0.43109763 -1.03010559 -0.40979531
v 0.4238888 -1.02931285 -0.40942314
v 0.43145218 -1.02703285 -0.4095405
v 0.42568204 -1.02498507 -0.40911862
v 0.4238888 -1.02931285 -0.40942314
v 0.43145218 -1.02703285 -0.4095405
v 0.43285659 -1.02364337 -0.40930203
v 0.42874652 -1.02041948 -0.40884659
v 0.43525672 -1.02006781 -0.40908897
v 0.4329651 -1.01579165 -0.40861753
v 0.43856037 -1.01644373 -0.40890956
v 0.43817514 -1.01127934 -0.40844023
v 0.44264078 -1.01290965 -0.40877074
v 0.44417652 -1.00705588 -0.40832144
v 0.44734076 -1.00960219 -0.40867776
v 0.45073879 -1.00328386 -0.40826589
v 0.45248008 -1.00664794 -0.40863419
v 0.45943934 -1.03646493 -0.42331073
v 0.46631002 -1.03328907 -0.42332038
v 0.45252383 -1.03892267 -0.42323604
v 0.44582945 -1.04056776 -0.42309967
v 0.43961385 -1.04133701 -0.42290622
v 0.43411535 -1.04120052 -0.42266345
v 0.42954561 -1.04016399 -0.4223806
v 0.42608008 -1.03826678 -0.4220688
v 0.42385194 -1.03558242 -0.4217394
v 0.42294687 -1.03221357 -0.42140579
v 0.42339948 -1.02828979 -0.4210805
v 0.42519256 -1.02396202 -0.42077607
v 0.42825729 -1.01939654 -0.42050394
v 0.43247584 -1.0147686 -0.42027485
v 0.43768576 -1.01025617 -0.42009765
v 0.44368723 -1.00603294 -0.41997895
v 0.45024946 -1.0022608 -0.41992328
v 0.45876911 -1.01879799 -0.40996441
v 0.45876911 -1.01879799 -0.40996441
v 0.59871829 -0.96136934 -0.42603436
v 0.59592849 -0.9595685 -0.42245537
v 0.59076273 -0.96247005 -0.42272693
v 0.59212226 -0.96507406 -0.42638093
v 0.60482001 -0.95734531 -0.4250533
v 0.60070705 -0.9564172 -0.42168704
v 0.61019278 -0.95315701 -0.42347565
v 0.60491484 -0.95313704 -0.42045158
v 0.6146301 -0.94896519 -0.42136234
v 0.60839009 -0.9498542 -0.41879654
v 0.61796165 -0.94493067 -0.41879392
v 0.61099929 -0.94669461 -0.41678527
v 0.62005949 -0.9412089 -0.41586986
v 0.61264199 -0.94377995 -0.41449502
v 0.62084252 -0.93794274 -0.41270199
v 0.61325532 -0.94122201 -0.41201419
v 0.61264199 -0.94377995 -0.41449502
v 0.62028098 -0.93525785 -0.40941218
v 0.61281556 -0.93911928 -0.40943775
v 0.61839652 -0.93325728 -0.40612715
v 0.61133969 -0.93755227 -0.40686485
v 0.6152612 -0.93201762 -0.40297249
v 0.60888439 -0.93658191 -0.40439451
v 0.61099589 -0.9315871 -0.40006989
v 0.60554385 -0.93624461 -0.40212145
v 0.60576445 -0.93198204 -0.39753115
v 0.60144693 -0.93655384 -0.40013307
v 0.59976774 -0.93318713 -0.39545348
v 0.59675026 -0.93749762 -0.39850578
v 0.59323615 -0.93515593 -0.39391646
v 0.59163523 -0.93903947 -0.39730206
v 0.58642113 -0.9378131 -0.39297971
v 0.58629781 -0.94112039 -0.39656836
v 0.579584 -0.94105649 -0.39267889
v 0.58094335 -0.9436602 -0.39633265
v 0.59454429 -0.95325106 -0.4333725
v 0.58794808 -0.95695573 -0.43371943
v 0.60064602 -0.94922698 -0.43239155
v 0.60601878 -0.94503844 -0.430814
v 0.61045623 -0.94084674 -0.42870048
v 0.61378777 -0.93681216 -0.42613247
v 0.61588538 -0.93309063 -0.42320824
v 0.6166687 -0.92982453 -0.42004031
v 0.61610711 -0.92713946 -0.41675052
v 0.61422247 -0.92513895 -0.41346538
v 0.6110872 -0.92389929 -0.41031095
v 0.60682195 -0.92346871 -0.40740854
v 0.60159034 -0.92386365 -0.40486959
v 0.59559375 -0.92506868 -0.40279174
v 0.58906221 -0.9270376 -0.40125477
v 0.58224714 -0.92969477 -0.400318
v 0.57541013 -0.93293804 -0.40001723
v 0.58585298 -0.95306516 -0.40952986
v 0.58585298 -0.95306516 -0.40952986
v 0.51024896 -0.97458273 -0.39881021
v 0.50825357 -0.97074521 -0.39577743
v 0.51745546 -0.98844308 -0.40976381
v 0.52466196 -1.00230348 -0.42071727
v 0.51745546 -0.98844308 -0.40976381
v 0.52665746 -1.00614107 -0.4237501
v 0.50519025 -0.96475917 -0.40536729
v 0.5235939 -1.00015509 -0.43334001
v 0.45918778 -1.03241217 -0.42294449
v 0.46456876 -1.02992499 -0.42295197
v 0.45377171 -1.03433704 -0.42288604
v 0.44852933 -1.03562546 -0.42277917
v 0.44366136 -1.0362277 -0.4226276
v 0.43935531 -1.03612089 -0.4224374
v 0.43577635 -1.03530896 -0.42221618
v 0.43306223 -1.03382337 -0.42197186
v 0.43131724 -1.031721 -0.42171416
v 0.43060848 -1.02908266 -0.42145267
v 0.43096301 -1.02600992 -0.42119789
v 0.43236735 -1.02262032 -0.42095938
v 0.4347674 -1.019045 -0.42074642
v 0.43807098 -1.01542068 -0.42056695
v 0.44215134 -1.0118866 -0.42042807
v 0.44685131 -1.00857913 -0.42033508
v 0.45199075 -1.00562477 -0.4202916
v 0.52159864 -0.99631745 -0.43030715
v 0.58658886 -0.95435166 -0.43006533
v 0.4582797 -1.01777494 -0.42162177
v 0.51439208 -0.9824571 -0.41935366
v 0.50718564 -0.9685967 -0.4084
v 0.57676953 -0.93554199 -0.40367106
v 0.58167905 -0.94494677 -0.41686839
v 0.58212399 -0.933002 -0.40390661
v 0.58746117 -0.93092096 -0.40464056
v 0.5925765 -0.92937911 -0.405844
v 0.59727275 -0.92843515 -0.4074713
v 0.60136992 -0.9281261 -0.40945962
v 0.60471028 -0.92846346 -0.41173261
v 0.60716569 -0.929434 -0.41420326
v 0.60864162 -0.93100089 -0.41677606
v 0.60908121 -0.93310356 -0.41935229
v 0.608468 -0.93566126 -0.42183319
v 0.60682517 -0.93857634 -0.42412344
v 0.60421616 -0.94173586 -0.42613477
v 0.5917545 -0.95145017 -0.42979389
v 0.59653306 -0.94829887 -0.42902547
v 0.60074091 -0.94501865 -0.4277899
v 0.36000451 -1.0043329 -0.41165209
v 0.35396877 -0.99976516 -0.41166174
v 0.35182005 -1.00288486 -0.41129342
v 0.35654715 -1.00646198 -0.41128588
v 0.36542776 -1.0092777 -0.41157752
v 0.36079434 -1.01033473 -0.41122752
v 0.37002978 -1.01441014 -0.41144088
v 0.3643983 -1.01435411 -0.41112053
v 0.37363365 -1.01953244 -0.41124755
v 0.36722094 -1.01836562 -0.41096908
v 0.37610132 -1.02444792 -0.41100481
v 0.36915335 -1.02221537 -0.41077897
v 0.37733725 -1.02896786 -0.41072202
v 0.37012115 -1.02575517 -0.41055745
v 0.37729445 -1.03291857 -0.41041008
v 0.37008786 -1.02884901 -0.41031313
v 0.37597457 -1.03614771 -0.41008091
v 0.37008786 -1.02884901 -0.41031313
v 0.36905408 -1.03137827 -0.41005543
v 0.37342817 -1.0385319 -0.40974733
v 0.36705989 -1.03324556 -0.40979418
v 0.36975318 -1.03997922 -0.40942201
v 0.36418185 -1.03437889 -0.40953937
v 0.3650907 -1.04043376 -0.40911749
v 0.36053026 -1.03473496 -0.40930089
v 0.35962009 -1.03987861 -0.40884545
v 0.35624585 -1.03429997 -0.40908784
v 0.35355142 -1.03833449 -0.40861639
v 0.35149342 -1.03309071 -0.40890843
v 0.34711802 -1.03586125 -0.4084391
v 0.3464548 -1.0311538 -0.40876961
v 0.34056708 -1.03255379 -0.40832031
v 0.34132454 -1.0285635 -0.40867662
v 0.33415046 -1.02853894 -0.40826476
v 0.33629918 -1.02541935 -0.40863305
v 0.35933217 -1.00524592 -0.42330959
v 0.35329643 -1.00067842 -0.42331925
v 0.36475539 -1.01019096 -0.42323491
v 0.36935756 -1.0153234 -0.42309853
v 0.37296158 -1.02044547 -0.42290509
v 0.37542894 -1.02536118 -0.42266232
v 0.37666512 -1.029881 -0.42237946
v 0.37662214 -1.03383172 -0.42206767
v 0.37530231 -1.03706098 -0.42173827
v 0.37275586 -1.03944504 -0.42140466
v 0.36908081 -1.04089236 -0.42107937
v 0.36441839 -1.04134715 -0.42077494
v 0.35894778 -1.04079175 -0.42050281
v 0.35287902 -1.03924763 -0.42027372
v 0.34644559 -1.03677452 -0.42009652
v 0.3398948 -1.03346694 -0.41997781
v 0.33347809 -1.0294522 -0.41992214
v 0.34405962 -1.01415205 -0.40996328
v 0.34405962 -1.01415205 -0.40996328
v 0.22752328 -0.9176994 -0.42603323
v 0.22724734 -0.92100847 -0.42245424
v 0.23223865 -0.92420077 -0.4227258
v 0.2338964 -0.9217757 -0.4263798
v 0.22110106 -0.91420954 -0.42505217
v 0.22221789 -0.91827536 -0.4216859
v 0.21487698 -0.91144019 -0.42347452
v 0.21734336 -0.91610646 -0.42045045
v 0.20909005 -0.90949786 -0.42136121
v 0.21281123 -0.91458523 -0.41879541
v 0.20396236 -0.90845716 -0.41879278
v 0.20879547 -0.91377008 -0.41678414
v 0.19969121 -0.9083578 -0.41586873
v 0.20545067 -0.91369241 -0.41449389
v 0.19644086 -0.90920407 -0.41270086
v 0.20290509 -0.9143551 -0.41201305
v 0.19433621 -0.91096318 -0.40941104
v 0.20125675 -0.91573274 -0.40943661
v 0.19345793 -0.91356742 -0.40612602
v 0.20056874 -0.91777247 -0.40686372
v 0.19383976 -0.9169172 -0.40297136
v 0.20086813 -0.92039549 -0.40439337
v 0.19546732 -0.92088324 -0.40006876
v 0.20214272 -0.92350173 -0.40212032
v 0.19827791 -0.92531317 -0.39753002
v 0.20434372 -0.92697102 -0.40013194
v 0.20214272 -0.92350173 -0.40212032
v 0.19546732 -0.92088324 -0.40006876
v 0.20216346 -0.93003708 -0.39545235
v 0.20738688 -0.9306708 -0.39850464
v 0.20697463 -0.93487346 -0.39391533
v 0.21115462 -0.93445826 -0.39730093
v 0.21252653 -0.93963599 -0.39297858
v 0.21550266 -0.93818825 -0.39656723
v 0.21860607 -0.9441421 -0.39267775
v 0.22026363 -0.94171727 -0.39633152
v 0.22232476 -0.92520303 -0.43337137
v 0.22869793 -0.92927945 -0.43371829
v 0.21590249 -0.92171317 -0.43239042
v 0.2096782 -0.91894394 -0.43081287
v 0.20389134 -0.91700143 -0.42869934
v 0.19876356 -0.91596079 -0.42613134
v 0.19449273 -0.91586149 -0.4232071
v 0.19124231 -0.91670752 -0.42003918
v 0.18913752 -0.91846669 -0.41674939
v 0.18825939 -0.92107111 -0.41346425
v 0.18864119 -0.92442083 -0.41030982
v 0.19026867 -0.92838681 -0.4074074
v 0.19307935 -0.93281698 -0.40486845
v 0.1969648 -0.93754077 -0.40279061
v 0.20177603 -0.94237709 -0.40125364
v 0.20732795 -0.94713962 -0.40031686
v 0.21340734 -0.95164567 -0.4000161
v 0.2262512 -0.93295908 -0.40952873
v 0.2262512 -0.93295908 -0.40952873
v 0.28081891 -0.98953944 -0.39880908
v 0.27837205 -0.99310613 -0.3957763
v 0.28965658 -0.97665775 -0.40976268
v 0.29849434 -0.96377599 -0.42071614
v 0.28965658 -0.97665775 -0.40976268
v 0.30094117 -0.96020925 -0.42374897
v 0.27453214 -0.99862623 -0.40536615
v 0.29710141 -0.96572953 -0.43333888
v 0.35587472 -1.00737524 -0.42294335
v 0.35114771 -1.00379813 -0.42295083
v 0.36012208 -1.01124811 -0.42288491
v 0.36372614 -1.01526725 -0.42277804
v 0.3665486 -1.01927888 -0.42262647
v 0.36848095 -1.02312851 -0.42243627
v 0.36944896 -1.02666843 -0.42221504
v 0.36941555 -1.02976239 -0.42197073
v 0.36838183 -1.03229153 -0.42171302
v 0.36638752 -1.03415859 -0.42145154
v 0.36350951 -1.03529191 -0.42119676
v 0.35985783 -1.03564811 -0.42095825
v 0.35557368 -1.03521311 -0.42074528
v 0.35082105 -1.03400409 -0.42056581
v 0.34578246 -1.03206718 -0.42042693
v 0.34065223 -1.02947688 -0.42033395
v 0.33562669 -1.02633262 -0.42029047
v 0.2946544 -0.9692961 -0.43030602
v 0.22703999 -0.93170428 -0.4300642
v 0.34338728 -1.01506531 -0.42162064
v 0.28581676 -0.98217785 -0.41935253
v 0.27697897 -0.99505955 -0.40839887
v 0.21506508 -0.94922072 -0.40366992
v 0.22105256 -0.94046265 -0.41686726
v 0.21030396 -0.94569176 -0.40390548
v 0.20595592 -0.94196206 -0.40463942
v 0.20218803 -0.93817431 -0.40584287
v 0.19914491 -0.93447495 -0.40747017
v 0.19694394 -0.93100536 -0.40945849
v 0.1956695 -0.9278993 -0.41173148
v 0.19537023 -0.92527604 -0.41420212
v 0.19605809 -0.92323637 -0.41677493
v 0.19770646 -0.92185891 -0.41935116
v 0.20025179 -0.92119622 -0.42183205
v 0.20359701 -0.92127377 -0.4241223
v 0.20761265 -0.92208874 -0.42613363
v 0.22204877 -0.9285121 -0.42979276
v 0.21701932 -0.92577899 -0.42902434
v 0.21214472 -0.92361009 -0.42778876
v 0.38306716 -1.11015117 -0.41165355
v 0.38246945 -1.11769676 -0.4116632
v 0.38625529 -1.11782694 -0.41129488
v 0.38672319 -1.1119175 -0.41128734
v 0.38431245 -1.10291839 -0.41157898
v 0.38769865 -1.10625303 -0.41122898
v 0.38615817 -1.09627664 -0.41144234
v 0.38914409 -1.10105157 -0.41112199
v 0.38853297 -1.09048116 -0.41124901
v 0.39100376 -1.09651279 -0.41097054
v 0.39134544 -1.08575463 -0.41100627
v 0.39320657 -1.09281111 -0.41078043
v 0.39448807 -1.08227885 -0.41072348
v 0.39566782 -1.09008908 -0.41055891
v 0.39783984 -1.08018696 -0.41041154
v 0.39829248 -1.08845091 -0.41031459
v 0.40127146 -1.0795598 -0.41008237
v 0.40098032 -1.08795953 -0.41005689
v 0.40465179 -1.08042109 -0.40974879
v 0.40362772 -1.08863401 -0.40979564
v 0.40785059 -1.08273804 -0.40942347
v 0.40465179 -1.08042109 -0.40974879
v 0.40362772 -1.08863401 -0.40979564
v 0.40613273 -1.09044862 -0.40954083
v 0.41074482 -1.08642161 -0.40911895
v 0.40839952 -1.09333336 -0.40930235
v 0.41322356 -1.09132993 -0.40884691
v 0.41034061 -1.09717762 -0.4090893
v 0.41519117 -1.09727478 -0.40861785
v 0.41188142 -1.10183311 -0.40890989
v 0.41657236 -1.10402739 -0.40844056
v 0.41296327 -1.10712171 -0.40877107
v 0.41731402 -1.11132848 -0.40832177
v 0.41354397 -1.11283946 -0.40867808
v 0.41738728 -1.1188972 -0.40826622
v 0.41360155 -1.1187669 -0.40863451
v 0.38419855 -1.1102258 -0.42331105
v 0.38360104 -1.11777139 -0.42332071
v 0.38544407 -1.10299313 -0.42323637
v 0.3872897 -1.09635115 -0.42309999
v 0.3896642 -1.09055579 -0.42290655
v 0.39247707 -1.08582926 -0.42266378
v 0.39561945 -1.08235323 -0.42238092
v 0.39897132 -1.08026159 -0.42206913
v 0.40240303 -1.07963431 -0.42173973
v 0.40578327 -1.08049583 -0.42140612
v 0.40898213 -1.08281279 -0.42108083
v 0.40578327 -1.08049583 -0.42140612
v 0.4118765 -1.08649611 -0.4207764
v 0.41435504 -1.09140456 -0.42050427
v 0.41632268 -1.09734952 -0.42027518
v 0.41770402 -1.10410213 -0.42009798
v 0.41844547 -1.11140299 -0.41997927
v 0.4185189 -1.11897171 -0.4199236
v 0.39992836 -1.11829698 -0.40996474
v 0.39992836 -1.11829698 -0.40996474
v 0.38142836 -1.2684356 -0.42603472
v 0.38436505 -1.26688576 -0.42245573
v 0.38436639 -1.26096082 -0.42272729
v 0.38143027 -1.26087034 -0.42638129
v 0.38194698 -1.2757262 -0.42505366
v 0.38477114 -1.27259541 -0.42168739
v 0.38296595 -1.282462 -0.42347601
v 0.38556916 -1.27787066 -0.42045194
v 0.38444626 -1.28838396 -0.4213627
v 0.38672847 -1.28250861 -0.4187969
v 0.38633123 -1.29326487 -0.41879427
v 0.38820454 -1.28633106 -0.41678563
v 0.38854799 -1.29691708 -0.41587022
v 0.38994065 -1.28919113 -0.41449538
v 0.39101169 -1.29919982 -0.41270235
v 0.39187002 -1.29097903 -0.41201454
v 0.39362738 -1.3000257 -0.40941253
v 0.3939186 -1.29162586 -0.4094381
v 0.39187002 -1.29097903 -0.41201454
v 0.39101169 -1.29919982 -0.41270235
v 0.39629465 -1.29936302 -0.40612751
v 0.39600778 -1.29110694 -0.40686521
v 0.39891142 -1.29723716 -0.40297285
v 0.39805657 -1.28944182 -0.40439487
v 0.40137637 -1.29372978 -0.40007025
v 0.39998725 -1.286695 -0.40212181
v 0.40359509 -1.28897572 -0.39753151
v 0.40172485 -1.28297186 -0.40013343
v 0.40548247 -1.28315759 -0.39545384
v 0.40320304 -1.2784152 -0.39850613
v 0.40696609 -1.27649903 -0.39391682
v 0.40436488 -1.27320075 -0.39730242
v 0.40798852 -1.26925611 -0.39298007
v 0.40516576 -1.26752818 -0.39656872
v 0.40851068 -1.26170659 -0.39267924
v 0.40557489 -1.26161611 -0.39633301
v 0.39055052 -1.26877403 -0.43337286
v 0.39055255 -1.26120877 -0.43371978
v 0.39106917 -1.27606487 -0.43239191
v 0.39208838 -1.28280067 -0.43081436
v 0.39356855 -1.28872275 -0.42870083
v 0.39545357 -1.29360366 -0.42613283
v 0.39767021 -1.29725552 -0.42320859
v 0.40013373 -1.29953861 -0.42004067
v 0.40274957 -1.30036449 -0.41675088
v 0.40541694 -1.29970169 -0.41346574
v 0.40803361 -1.29757571 -0.41031131
v 0.41049862 -1.29406846 -0.40740889
v 0.41271746 -1.28931415 -0.40486994
v 0.41460481 -1.28349614 -0.4027921
v 0.41608834 -1.27683759 -0.40125513
v 0.41711077 -1.26959455 -0.40031835
v 0.41763297 -1.26204538 -0.40001759
v 0.39497069 -1.2612884 -0.40953022
v 0.3939186 -1.29162586 -0.4094381
v 0.39600778 -1.29110694 -0.40686521
v 0.39497069 -1.2612884 -0.40953022
v 0.41325253 -1.18483746 -0.39881057
v 0.41757557 -1.18497801 -0.39577779
v 0.39763895 -1.18432927 -0.40976417
v 0.38202524 -1.1838212 -0.42071763
v 0.39763895 -1.18432927 -0.40976417
v 0.37770218 -1.18368065 -0.42375046
v 0.42429477 -1.18524027 -0.40536764
v 0.38442147 -1.18394268 -0.43334037
v 0.38785484 -1.111992 -0.42294481
v 0.38738692 -1.11790156 -0.42295229
v 0.3888303 -1.10632741 -0.42288637
v 0.39027551 -1.10112607 -0.4227795
v 0.39213535 -1.09658742 -0.42262793
v 0.3943381 -1.09288585 -0.42243773
v 0.39679933 -1.09016359 -0.4222165
v 0.39942417 -1.0885253 -0.42197219
v 0.40211189 -1.08803403 -0.42171448
v 0.40475914 -1.08870888 -0.421453
v 0.40726414 -1.09052324 -0.42119822
v 0.40475914 -1.08870888 -0.421453
v 0.40953106 -1.09340811 -0.42095971
v 0.41147202 -1.09725201 -0.42074674
v 0.41301316 -1.10190761 -0.42056727
v 0.41409498 -1.10719621 -0.4204284
v 0.41467565 -1.11291385 -0.42033541
v 0.41473323 -1.11884165 -0.42029193
v 0.38874447 -1.18408346 -0.43030751
v 0.39348859 -1.26129961 -0.43006569
v 0.40105999 -1.11837161 -0.4216221
v 0.40435809 -1.18459153 -0.41935402
v 0.41997173 -1.18509972 -0.40840036
v 0.41469696 -1.26195478 -0.40367141
v 0.40409288 -1.26162708 -0.41686875
v 0.41428795 -1.26786697 -0.40390697
v 0.41348734 -1.2735393 -0.40464091
v 0.41232532 -1.278754 -0.40584436
v 0.41084746 -1.28331053 -0.40747166
v 0.40910956 -1.2870338 -0.40945998
v 0.40717894 -1.2897805 -0.41173297
v 0.40512991 -1.29144549 -0.41420361
v 0.40304089 -1.29196453 -0.41677642
v 0.40099245 -1.29131758 -0.41935265
v 0.39906317 -1.28952992 -0.42183354
v 0.39732677 -1.28666961 -0.42412379
v 0.3958506 -1.28284717 -0.42613512
v 0.40211189 -1.08803403 -0.42171448
v 0.39348727 -1.26722431 -0.42979425
v 0.39389333 -1.27293408 -0.42902583
v 0.39469141 -1.27820933 -0.42779025
v 0 -0.01977934 2.97493672
v -0.16770776 0.21105094 2.88326502
v -0.2713578 0.06839002 2.88326502
v 0 -0.01977934 2.97493672
v -0.271357 -0.10794865 2.88326502
v -0.16770776 -0.25060964 2.88326502
v 0 -0.01977934 2.97493672
v 0 -0.30510131 2.88326502
v 0.16770861 -0.25060964 2.88326502
v 0 -0.01977934 2.97493672
v 0.271357 -0.10794865 2.88326502
v 0.271357 0.06839002 2.88326502
v 0 -0.01977934 2.97493672
v 0.16770776 0.21105094 2.88326502
v 0 0.26554254 2.88326502
v -0.47693449 0.13518599 2.53832173
v -0.29476187 0.38592559 2.53832173
v -0.29476187 -0.42548418 2.53832173
v -0.47693449 -0.17474455 2.53832173
v 0.29476187 -0.42548418 2.53832173
v 0 -0.52125865 2.53832173
v 0.47693449 0.13518599 2.53832173
v 0.47693449 -0.17474455 2.53832173
v 0 0.48169976 2.53832173
v 0.29476187 0.38592559 2.53832173
v -0.6742714 0.19930518 1.78387618
v -0.41672277 0.55379015 1.78387618
v -0.41672277 -0.59334868 1.78387618
v -0.6742714 -0.23886371 1.78387618
v 0.41672277 -0.59334868 1.78387618
v 0 -0.72875005 1.78387618
v 0.6742714 0.19930518 1.78387618
v 0.6742714 -0.23886371 1.78387618
v 0 0.68919152 1.78387618
v 0.41672277 0.55379015 1.78387618
v -0.78134269 0.23409405 0.39978069
v -0.48289669 0.64487028 0.39978057
v -0.48289579 -0.68442869 0.39978063
v -0.78134269 -0.27365333 0.39978069
v 0.48289669 -0.68442869 0.39978063
v 0 -0.84133154 0.39978051
v 0.78134269 0.23409405 0.39978069
v 0.78134269 -0.27365252 0.39978069
v 0 0.80177313 0.39978069
v 0.48289669 0.64487028 0.39978057
v -0.78134269 0.23409411 -0.72613776
v -0.48289579 0.64487028 -0.72613764
v -0.48289579 -0.68442869 -0.72613764
v -0.78134269 -0.27365246 -0.72613776
v 0.48289669 -0.68442869 -0.72613764
v 0 -0.84133154 -0.72613776
v 0.78134269 0.23409411 -0.72613776
v 0.78134269 -0.27365246 -0.72613776
v 0 0.80177313 -0.72613752
v 0.48289669 0.64487028 -0.72613764
v -0.54258972 0.15651928 -2.5133152
v -0.33533901 0.4417752 -2.5133152
v -0.33533901 -0.48133337 -2.5133152
v -0.54258972 -0.19607748 -2.5133152
v 0.33533901 -0.48133337 -2.5133152
v 0 -0.5902915 -2.5133152
v 0.54258972 0.15651928 -2.5133152
v 0.54258972 -0.19607748 -2.5133152
v 0 0.55073333 -2.5133152
v 0.33533901 0.4417752 -2.5133152
v -0.26365262 0.06588677 -3.28396559
v -0.16294637 0.20449737 -3.28396559
v -0.16294637 -0.24405554 -3.28396559
v -0.26365262 -0.10544492 -3.28396559
v 0.16294637 -0.24405554 -3.28396559
v 0 -0.29699963 -3.28396559
v 0.26365262 0.06588677 -3.28396559
v 0.26365262 -0.10544492 -3.28396559
v 0 0.2574417 -3.28396559
v 0.16294637 0.20449737 -3.28396559
v -0.10713515 0.01503131 -3.66795111
v -0.06621315 0.07135565 -3.66795111
v -0.06621315 -0.11091378 -3.66795111
v -0.10713515 -0.05458942 -3.66795111
v 0.06621315 -0.11091378 -3.66795111
v 0 -0.13242771 -3.66795111
v 0.10713515 0.01503131 -3.66795111
v 0.10713515 -0.05458942 -3.66795111
v 0 0.09286965 -3.66795111
v 0.06621315 0.07135565 -3.66795111
v 0 -0.01977905 -3.67095518
v 0 -0.01977905 -3.67095518
v 0 -0.01977905 -3.67095518
v 0 -0.01977905 -3.67095518
v 0 -0.01977905 -3.67095518
v 0.03815497 1.11333346 -2.95104003
v -0.03815497 1.11333346 -2.95104003
v -0.03815497 1.11333346 -2.45852089
v 0.03815497 1.11333346 -2.45852089
v 0.03815497 0.35900754 -2.45852089
v 0.03815497 0.35900754 -2.95104003
v -0.03815497 0.35900754 -2.95104003
v -0.03815497 0.35900754 -2.45852089
v 0.03815497 0.35900754 -2.45852089
v 0.03815497 0.35900754 -2.95104003
v 0.03815497 0.65273052 -1.84199965
v -0.03815497 0.65273052 -1.84199965
v -0.03815497 0.35900754 -1.94723499
v 0.03815497 0.35900754 -1.94723499
v 0.03815497 0.35900754 -1.94723499
v -0.02861046 0.45335424 -2.95104003
v 0.02861046 0.45335424 -2.95104003
v -0.02861046 1.0189867 -2.95104003
v 0.02861046 1.0189867 -2.95104003
v -0.02861046 1.0189867 -2.95104003
v 0.02861046 0.45335424 -2.95104003
v 0.02861046 0.45335424 -2.99119592
v 0.02861046 1.0189867 -2.99119592
v -0.02861046 1.0189867 -2.99119592
v -0.02861046 1.0189867 -2.99119592
v -0.02861046 0.45335424 -2.99119592
v 0.02861046 0.45335424 -2.99119592
v 0.02861046 0.45335424 -3.04323697
v 0.02861046 1.0189867 -3.04323697
v -0.02861046 1.0189867 -3.04323697
v -0.02861046 0.45335424 -3.04323697
v 0.02861046 1.11474943 -3.04323697
v -0.02861046 1.11474943 -3.04323697
v -0.02861046 1.11474943 -2.99119592
v 0.02861046 1.11474943 -2.99119592
v -0.02861046 1.0189867 -3.04323697
v -0.02861046 0.37449294 -3.04323697
v 0.02861046 0.37449294 -3.04323697
v 0.02861046 0.37449294 -2.99119592
v -0.02861046 0.37449294 -2.99119592
v 0.02861046 0.45335424 -3.04323697
v -0.02861046 1.0189867 -3.22207093
v 0.02861046 1.0189867 -3.22207093
v 0.02861046 0.45335424 -3.22207093
v -0.02861046 0.45335424 -3.22207093
v 0.02861046 1.0189867 -3.04323697
v 0.02861046 0.45335424 -3.04323697
v -0.02861046 1.11474943 -3.22207093
v 0.02861046 1.11474943 -3.22207093
v 0.02861046 1.11474943 -3.04323697
v -0.02861046 1.11474943 -3.04323697
v 0.02861046 0.44544065 -3.22207093
v -0.02861046 0.44544065 -3.22207093
v 0.02861046 0.45335424 -3.22207093
v -1.13363731 0.01785115 -2.95104003
v -1.13363731 -0.05845879 -2.95104003
v -1.13363731 -0.05845883 -2.45852089
v -1.13363731 0.01785111 -2.45852089
v -0.37931135 0.01785114 -2.45852089
v -0.37931132 0.01785118 -2.95104003
v -0.37931132 -0.05845876 -2.95104003
v -0.37931135 -0.0584588 -2.45852089
v -0.37931135 -0.0584588 -2.45852089
v -0.37931132 -0.05845876 -2.95104003
v -0.67303437 0.01785107 -1.84199977
v -0.67303437 -0.05845887 -1.84199977
v -0.37931141 -0.05845885 -1.94723511
v -0.37931141 0.0178511 -1.94723511
v -0.47365803 -0.04891426 -2.95104003
v -0.47365803 0.00830667 -2.95104003
v -1.03929055 -0.04891428 -2.95104003
v -0.47365803 -0.04891426 -2.95104003
v -1.03929055 0.00830665 -2.95104003
v -0.473658 0.00830667 -2.99119592
v -1.03929055 0.00830665 -2.99119592
v -1.03929055 -0.04891428 -2.99119616
v -0.473658 -0.04891425 -2.99119592
v -0.473658 -0.04891425 -2.99119592
v -0.473658 0.00830668 -3.04323697
v -1.03929055 0.00830665 -3.04323697
v -1.03929055 -0.04891428 -3.04323721
v -0.473658 -0.04891425 -3.04323697
v -1.13505328 0.00830665 -3.04323721
v -1.13505328 -0.04891428 -3.04323721
v -1.13505328 -0.04891428 -2.99119616
v -1.13505328 0.00830664 -2.99119616
v -0.3947967 -0.04891425 -3.04323697
v -0.3947967 0.00830668 -3.04323697
v -0.3947967 0.00830668 -2.99119592
v -0.3947967 -0.04891425 -2.99119592
v -0.473658 -0.04891425 -3.04323697
v -1.03929043 -0.04891426 -3.22207117
v -1.03929043 0.00830667 -3.22207093
v -0.473658 0.00830669 -3.22207093
v -0.473658 -0.04891424 -3.22207093
v -1.03929043 -0.04891426 -3.22207117
v -0.473658 -0.04891424 -3.22207093
v -1.13505316 -0.04891426 -3.22207117
v -1.13505316 0.00830666 -3.22207117
v -0.46574441 0.00830669 -3.22207093
v -0.46574441 -0.04891424 -3.22207093
v -0.473658 -0.04891424 -3.22207093
v -0.473658 0.00830669 -3.22207093
v -0.03815487 -1.15394115 -2.95104003
v 0.03815507 -1.15394115 -2.95104003
v 0.03815507 -1.15394115 -2.45852089
v -0.03815487 -1.15394115 -2.45852089
v -0.03815494 -0.39961517 -2.45852089
v -0.03815494 -0.39961511 -2.95104003
v 0.03815507 -1.15394115 -2.45852089
v 0.03815507 -1.15394115 -2.95104003
v 0.038155 -0.39961511 -2.95104003
v 0.038155 -0.39961517 -2.45852089
v -0.03815491 -0.69333827 -1.84199977
v 0.03815503 -0.69333827 -1.84199977
v 0.038155 -0.39961529 -1.94723511
v -0.03815494 -0.39961529 -1.94723511
v 0.03815503 -0.69333827 -1.84199977
v 0.02861051 -0.49396181 -2.95104003
v -0.02861042 -0.49396181 -2.95104003
v 0.02861056 -1.05959439 -2.95104003
v -0.02861037 -1.05959439 -2.95104003
v 0.02861056 -1.05959439 -2.95104003
v -0.02861042 -0.49396175 -2.99119592
v -0.02861037 -1.05959439 -2.99119616
v 0.02861055 -1.05959439 -2.99119616
v 0.02861055 -1.05959439 -2.99119616
v 0.0286105 -0.49396175 -2.99119592
v 0.02861051 -0.49396181 -2.95104003
v 0.02861056 -1.05959439 -2.95104003
v 0.0286105 -0.49396175 -2.99119592
v -0.02861042 -0.49396175 -3.04323697
v -0.02861037 -1.05959439 -3.04323721
v 0.02861056 -1.05959439 -3.04323721
v 0.02861051 -0.49396175 -3.04323697
v -0.02861036 -1.15535712 -3.04323721
v 0.02861056 -1.15535712 -3.04323721
v 0.02861056 -1.15535712 -2.99119616
v -0.02861036 -1.15535712 -2.99119616
v 0.02861056 -1.15535712 -2.99119616
v 0.02861056 -1.15535712 -3.04323721
v 0.0286105 -0.41510046 -3.04323697
v -0.02861043 -0.41510046 -3.04323697
v -0.02861043 -0.41510046 -2.99119592
v 0.0286105 -0.41510046 -2.99119592
v 0.02861056 -1.05959415 -3.22207117
v -0.02861037 -1.05959415 -3.22207117
v -0.02861042 -0.49396175 -3.22207093
v 0.02861051 -0.49396175 -3.22207093
v 0.02861056 -1.15535688 -3.22207117
v -0.02861036 -1.15535688 -3.22207117
v -0.02861042 -0.48604816 -3.22207093
v 0.02861051 -0.48604816 -3.22207093
v 1.13363731 -0.0584586 -2.95104003
v 1.13363731 0.01785134 -2.95104003
v 1.13363731 0.0178513 -2.45852089
v 1.13363731 -0.05845864 -2.45852089
v 0.37931135 -0.05845874 -2.45852089
v 0.37931132 -0.0584587 -2.95104003
v 0.37931132 0.01785124 -2.95104003
v 0.37931135 0.0178512 -2.45852089
v 0.37931135 0.0178512 -2.45852089
v 0.37931132 0.01785124 -2.95104003
v 0.67303437 -0.05845875 -1.84199977
v 0.67303437 0.01785119 -1.84199977
v 0.37931141 0.01785116 -1.94723511
v 0.37931141 -0.05845879 -1.94723511
v 0.47365803 0.00830675 -2.95104003
v 0.47365803 -0.04891418 -2.95104003
v 1.03929055 0.00830683 -2.95104003
v 0.47365803 0.00830675 -2.95104003
v 1.03929055 -0.0489141 -2.95104003
v 0.473658 -0.04891417 -2.99119592
v 1.03929055 -0.0489141 -2.99119616
v 1.03929055 0.00830683 -2.99119616
v 0.473658 0.00830675 -2.99119592
v 0.473658 0.00830675 -2.99119592
v 0.473658 -0.04891417 -3.04323697
v 1.03929055 -0.0489141 -3.04323721
v 1.03929055 0.00830684 -3.04323721
v 0.473658 0.00830676 -3.04323697
v 1.13505328 -0.04891408 -3.04323721
v 1.13505328 0.00830685 -3.04323721
v 1.13505328 0.00830684 -2.99119616
v 1.13505328 -0.04891408 -2.99119616
v 0.3947967 0.00830675 -3.04323697
v 0.3947967 -0.04891418 -3.04323697
v 0.3947967 -0.04891419 -2.99119592
v 0.3947967 0.00830674 -2.99119592
v 0.473658 0.00830676 -3.04323697
v 1.03929043 0.00830685 -3.22207117
v 1.03929043 -0.04891408 -3.22207117
v 0.473658 -0.04891415 -3.22207093
v 0.473658 0.00830678 -3.22207093
v 1.03929043 0.00830685 -3.22207117
v 0.473658 0.00830678 -3.22207093
v 1.13505316 0.00830686 -3.22207117
v 1.13505316 -0.04891406 -3.22207117
v 0.46574441 -0.04891415 -3.22207093
v 0.46574441 0.00830678 -3.22207093
v 0.473658 0.00830678 -3.22207093
v 0.473658 -0.04891415 -3.22207093
v 0 -0.69713098 0.29230794
v 6E-08 -0.69713098 0.97449493
v 0.09040806 -0.69713098 0.96138692
v 0.10641606 -0.69713098 0.95423901
v 0.03265502 -0.69713098 0.40835994
v 0.24270806 -0.69713098 0.87113392
v 0.25746107 -0.69713098 0.85952592
v 0.29546306 -0.69713098 0.77468693
v 0.29546303 -0.69713098 0.6713109
v 0.29546303 -0.69713098 0.65683091
v 0.03627601 -0.69713098 0.32436097
v 0.29546303 -0.69713098 0.44110891
v 0.29546303 -0.69713098 0.42539591
v 0.295463 -0.69713098 0.29230791
v 0.295463 -0.69713098 0.15921992
v 0.29546297 -0.69713098 0.03124693
v 0.29546297 -0.69713098 -0.08669409
v 0.29546297 -0.69713098 -0.19007006
v 0.25746095 -0.69713098 -0.27490905
v 0.17734195 -0.69713098 -0.33795002
v 0.09040795 -0.69713098 -0.37677005
v -5E-08 -0.69713098 -0.38987806
v -0.09040805 -0.69713098 -0.37677005
v -0.17734204 -0.69713098 -0.33795002
v -0.25746107 -0.69713098 -0.27490905
v -0.29546303 -0.69713098 -0.19007
v -0.29546303 -0.69713098 -0.08669403
v -0.29546303 -0.69713098 0.03124699
v -0.295463 -0.69713098 0.15921998
v -0.295463 -0.69713098 0.29230896
v -0.29546297 -0.69713098 0.42539698
v -0.29546297 -0.69713098 0.44110897
v -0.03627599 -0.69713098 0.32436097
v -0.29546297 -0.69713098 0.65683097
v -0.29546297 -0.69713098 0.67131096
v -0.29546294 -0.69713098 0.77468693
v -0.25746095 -0.69713098 0.85952592
v -0.24270794 -0.69713098 0.87113392
v -0.03265499 -0.69713098 0.40835994
v -0.10641594 -0.69713098 0.95423901
v -0.09040793 -0.69713098 0.96138692
v 0.09040806 -0.88175797 0.88333595
v 6E-08 -0.88175797 0.89533997
v 0.10641606 -0.88175797 0.87678993
v 0.24270804 -0.88175797 0.80068696
v 0.17734206 -0.69713098 0.92256594
v 0.17734206 -0.88175797 0.84778595
v 0.29546303 -0.88175797 0.71236593
v 0.25746107 -0.88175797 0.79005694
v 0.29546303 -0.88175797 0.61769992
v 0.29546303 -0.88175797 0.6044389
v 0.295463 -0.88175797 0.40689191
v 0.29546303 -0.69713098 0.55336988
v 0.29546303 -0.88175797 0.50969589
v 0.295463 -0.88175797 0.27062893
v 0.295463 -0.88175797 0.39250392
v 0.295463 -0.88175797 0.14875391
v 0.29546297 -0.88175797 0.03156191
v 0.29546297 -0.88175797 -0.07644209
v 0.29546297 -0.88175797 -0.1711081
v 0.25746098 -0.88175797 -0.24879906
v 0.17734195 -0.88175797 -0.30652907
v 0.09040795 -0.88175797 -0.342078
v -5E-08 -0.88175797 -0.35408202
v -0.09040805 -0.88175797 -0.342078
v -0.17734204 -0.88175797 -0.30652907
v -0.25746104 -0.88175797 -0.248799
v -0.29546303 -0.88175797 -0.17110804
v -0.29546303 -0.88175797 -0.07644203
v -0.29546303 -0.88175797 0.03156298
v -0.295463 -0.88175797 0.14875397
v -0.295463 -0.88175797 0.27062896
v -0.295463 -0.88175797 0.39250398
v -0.295463 -0.88175797 0.40689197
v -0.29546297 -0.88175797 0.60443997
v -0.29546297 -0.69713098 0.55337
v -0.29546297 -0.88175797 0.50969601
v -0.29546297 -0.88175797 0.71236598
v -0.29546297 -0.88175797 0.61769998
v -0.25746095 -0.88175797 0.79005694
v -0.24270795 -0.88175797 0.80068696
v -0.10641594 -0.88175797 0.87678993
v -0.17734194 -0.69713098 0.92256701
v -0.17734194 -0.88175797 0.8477869
v -0.09040794 -0.88175797 0.88333595
v 0.10641605 -1.00935304 0.82326591
v 0.09040805 -1.00935304 0.82939601
v 0.29546303 -1.00935304 0.56823194
v 0.29546303 -1.00935304 0.5806489
v 0.29546297 -1.00935304 0.03178093
v 0.295463 -1.00935304 0.14152092
v 0.29546297 -1.00935304 -0.06935605
v 0.29546297 -1.00935304 -0.15800408
v 0.25746098 -1.00935304 -0.23075506
v 0.17734195 -1.00935304 -0.28481403
v 0.09040795 -1.00935304 -0.3181031
v -5E-08 -1.00935304 -0.32934311
v -0.09040805 -1.00935304 -0.3181031
v -0.17734204 -1.00935304 -0.28481403
v -0.25746104 -1.00935304 -0.230755
v -0.29546303 -1.00935304 -0.15800402
v -0.29546303 -1.00935304 -0.06935599
v -0.29546303 -1.00935304 0.03178099
v -0.295463 -1.00935304 0.14152098
v -0.295463 -1.00935304 0.38324597
v -0.295463 -1.00935304 0.36977196
v -0.24270795 -1.00935304 0.752002
v -0.25746098 -1.00935304 0.74204791
v 0.09040804 -1.15643036 0.76721925
v 0.09040805 -1.00935304 0.82939601
v 5E-08 -1.00935304 0.84063601
v 5E-08 -1.15643036 0.77757943
v 0.10641605 -1.15643036 0.76156873
v 0.10641605 -1.00935304 0.82326591
v 0.24270804 -1.15643036 0.6958822
v 0.24270804 -1.00935304 0.752002
v 0.17734204 -1.00935304 0.79610598
v 0.17734204 -1.15643036 0.73653495
v 0.29546303 -1.15643036 0.61965078
v 0.29546303 -1.00935304 0.66929692
v 0.25746104 -1.00935304 0.74204791
v 0.25746104 -1.15643036 0.68670732
v 0.29546303 -1.15643036 0.53794122
v 0.29546303 -1.00935304 0.5806489
v 0.29546303 -1.15643036 0.5264957
v 0.29546303 -1.00935304 0.56823194
v 0.295463 -1.15643036 0.35598812
v 0.295463 -1.00935304 0.38324592
v 0.29546303 -1.00935304 0.47951192
v 0.29546303 -1.15643036 0.44471985
v 0.295463 -1.15643036 0.23837592
v 0.295463 -1.00935304 0.25564593
v 0.295463 -1.00935304 0.3697719
v 0.295463 -1.15643036 0.34356904
v 0.295463 -1.15643036 0.13318299
v 0.295463 -1.00935304 0.14152092
v 0.29546297 -1.15643036 0.03203217
v 0.295463 -1.15643036 0.13318299
v 0.29546297 -1.15643036 -0.06118922
v 0.29546297 -1.15643036 -0.14289793
v 0.25746098 -1.15643036 -0.20995528
v 0.17734195 -1.15643036 -0.25978315
v 0.09040795 -1.15643036 -0.29046634
v -5E-08 -1.15643036 -0.30082732
v -0.09040804 -1.15643036 -0.29046634
v -0.17734204 -1.15643036 -0.25978309
v -0.25746104 -1.15643036 -0.20995522
v -0.29546303 -1.15643036 -0.14289787
v -0.29546303 -1.15643036 -0.06118916
v -0.29546303 -1.15643036 0.03203223
v -0.295463 -1.15643036 0.13318305
v -0.295463 -1.15643036 0.23837598
v -0.295463 -1.00935304 0.25564596
v -0.295463 -1.15643036 0.3435699
v -0.295463 -1.00935304 0.36977196
v -0.295463 -1.15643036 0.35598895
v -0.295463 -1.00935304 0.38324597
v -0.29546297 -1.15643036 0.52649653
v -0.29546297 -1.00935304 0.56823194
v -0.29546297 -1.00935304 0.47951198
v -0.29546297 -1.15643036 0.44472075
v -0.29546297 -1.15643036 0.61965084
v -0.29546297 -1.00935304 0.66929698
v -0.29546297 -1.00935304 0.58064896
v -0.29546297 -1.15643036 0.53794128
v -0.25746098 -1.15643036 0.68670738
v -0.25746098 -1.00935304 0.74204791
v -0.24270795 -1.15643036 0.69588226
v -0.24270795 -1.00935304 0.752002
v -0.10641596 -1.15643036 0.76156873
v -0.10641595 -1.00935304 0.82326591
v -0.17734195 -1.00935304 0.79610693
v -0.17734195 -1.15643036 0.73653519
v -0.09040795 -1.00935304 0.82939601
v -0.09040795 -1.15643036 0.76721925
v 0.295463 -1.00935304 0.3697719
v 0.295463 -1.00935304 0.38324592
v -0.29546297 -0.88175797 0.61769998
v -0.29546297 -0.88175797 0.60443997
v 0.25746104 -1.00935304 0.74204791
v 0.24270804 -1.00935304 0.752002
v -0.09040795 -1.00935304 0.82939601
v -0.10641595 -1.00935304 0.82326591
v 0.27926901 -0.88175797 0.39250392
v 0.27926901 -0.88175797 0.27062893
v 0.27926901 -1.00935304 0.25564593
v 0.27926901 -1.00935304 0.3697719
v 0.27926901 -1.00935304 0.3697719
v 0.27926901 -0.88175797 0.14875391
v 0.27926901 -1.00935304 0.14152092
v 0.27926901 -1.00935304 0.14152092
v -0.27926901 -0.88175797 0.14875397
v -0.27926901 -0.88175797 0.27062896
v -0.27926901 -1.00935304 0.25564596
v -0.27926901 -1.00935304 0.14152098
v -0.27926901 -0.88175797 0.39250398
v -0.27926901 -1.00935304 0.36977196
v -0.27926901 -1.00935304 0.36977196
v 0.27926904 -0.88175797 0.50969589
v 0.27926901 -0.88175797 0.40689191
v 0.27926901 -1.00935304 0.38324592
v 0.27926901 -1.00935304 0.38324592
v 0.27926904 -1.00935304 0.47951192
v -0.27926898 -0.88175797 0.60443997
v -0.27926898 -1.00935304 0.56823194
v -0.27926898 -1.00935304 0.47951198
v 0.27926904 -0.88175797 0.6044389
v 0.27926904 -1.00935304 0.56823194
v 0.27926904 -1.00935304 0.56823194
v -0.27926901 -0.88175797 0.40689197
v -0.27926898 -0.88175797 0.50969601
v -0.27926901 -1.00935304 0.38324597
v -0.27926901 -1.00935304 0.38324597
v 0.23728004 -0.87811601 0.77985299
v 0.27342302 -0.87989497 0.70714593
v 0.27342302 -1.00749004 0.66407692
v 0.23728004 -1.00571096 0.73184395
v 0.23728004 -1.00571096 0.73184395
v 0.27255702 -0.88175797 0.61769992
v 0.27255702 -1.00935304 0.5806489
v 0.27255702 -1.00935304 0.5806489
v -0.27255696 -0.88175797 0.61769998
v -0.27342296 -0.87989497 0.70714599
v -0.27342296 -1.00749004 0.66407698
v -0.27255696 -1.00935304 0.58064896
v -0.27255696 -0.88175797 0.61769998
v -0.23727995 -0.87811601 0.77985299
v -0.23727995 -1.00571096 0.73184395
v -0.23727995 -1.00571096 0.73184395
v 0.17079706 -0.876858 0.83563495
v 0.23478505 -0.87729001 0.78932691
v 0.23478505 -1.00488603 0.74064195
v 0.23478505 -1.00488603 0.74064195
v 0.17079705 -1.00445294 0.78395498
v -0.17079695 -0.876858 0.83563602
v -0.10141395 -0.87654901 0.86415493
v -0.10141395 -1.00414395 0.81063092
v -0.10141395 -1.00414395 0.81063092
v -0.17079696 -1.00445294 0.78395593
v 0.10141405 -0.87654901 0.86415493
v 0.10141405 -1.00414503 0.81063092
v 0.10141405 -1.00414503 0.81063092
v -0.23478496 -0.87729001 0.78932691
v -0.23478496 -1.00488603 0.74064195
v -0.23478496 -1.00488603 0.74064195
v 6E-08 -0.87601799 0.88185692
v 0.08869905 -0.87609702 0.87003899
v 0.08869905 -1.00369203 0.81609893
v 0.08869905 -1.00369203 0.81609893
v 5E-08 -1.003613 0.82715297
v -0.08869895 -0.87609702 0.87003899
v -0.08869895 -1.00369203 0.81609893
v -0.08869895 -1.00369203 0.81609893
v -0.09040795 -1.18906498 0.75342298
v -0 -1.18906498 0.23454395
v 5E-08 -1.18906498 0.76358795
v -0.10641596 -1.18906498 0.74787891
v -0.03265499 -1.18906498 0.32454395
v -0.24270795 -1.18906498 0.68342996
v -0.25746098 -1.18906498 0.67442799
v -0.29546297 -1.18906498 0.60863495
v -0.29546297 -1.18906498 0.52846497
v -0.29546297 -1.18906498 0.51723599
v -0.036276 -1.18906498 0.25940096
v -0.295463 -1.18906498 0.34994096
v -0.295463 -1.18906498 0.33775598
v -0.295463 -1.18906498 0.23454398
v -0.295463 -1.18906498 0.13133296
v -0.29546303 -1.18906498 0.03208798
v -0.29546303 -1.18906498 -0.05937704
v -0.29546303 -1.18906498 -0.13954601
v -0.25746104 -1.18906498 -0.20534
v -0.17734204 -1.18906498 -0.25422904
v -0.09040804 -1.18906498 -0.28433409
v -5E-08 -1.18906498 -0.29450002
v 0.09040795 -1.18906498 -0.28433409
v 0.17734195 -1.18906498 -0.2542291
v 0.25746098 -1.18906498 -0.20534006
v 0.29546297 -1.18906498 -0.13954607
v 0.29546297 -1.18906498 -0.0593771
v 0.29546297 -1.18906498 0.03208792
v 0.295463 -1.18906498 0.1313329
v 0.295463 -1.18906498 0.23454392
v 0.295463 -1.18906498 0.33775494
v 0.295463 -1.18906498 0.34993994
v 0.03627601 -1.18906498 0.25940093
v 0.29546303 -1.18906498 0.51723492
v 0.29546303 -1.18906498 0.52846491
v 0.29546303 -1.18906498 0.60863495
v 0.25746104 -1.18906498 0.67442793
v 0.24270804 -1.18906498 0.6834299
v 0.03265501 -1.18906498 0.32454294
v 0.10641605 -1.18906498 0.74787891
v 0.09040804 -1.18906498 0.75342298
v -0.29546297 -1.18906498 0.43700099
v 0.29546303 -1.18906498 0.43699992
v -0.17734195 -1.18906498 0.72331697
v 0.17734204 -1.18906498 0.72331691
v 0.09040804 -1.15643036 0.76721925
v 5E-08 -1.15643036 0.77757943
v 0.10641605 -1.15643036 0.76156873
v 0.24270804 -1.15643036 0.6958822
v 0.17734204 -1.15643036 0.73653495
v 0.29546303 -1.15643036 0.61965078
v 0.25746104 -1.15643036 0.68670732
v 0.29546303 -1.15643036 0.53794122
v 0.29546303 -1.15643036 0.5264957
v 0.295463 -1.15643036 0.35598812
v 0.29546303 -1.15643036 0.44471985
v 0.295463 -1.15643036 0.23837592
v 0.295463 -1.15643036 0.34356904
v 0.295463 -1.15643036 0.13318299
v 0.29546297 -1.15643036 0.03203217
v 0.29546297 -1.15643036 -0.06118922
v 0.29546297 -1.15643036 -0.14289793
v 0.25746098 -1.15643036 -0.20995528
v 0.17734195 -1.15643036 -0.25978315
v 0.09040795 -1.15643036 -0.29046634
v -5E-08 -1.15643036 -0.30082732
v -0.09040804 -1.15643036 -0.29046634
v -0.17734204 -1.15643036 -0.25978309
v -0.25746104 -1.15643036 -0.20995522
v -0.29546303 -1.15643036 -0.14289787
v -0.29546303 -1.15643036 -0.06118916
v -0.29546303 -1.15643036 0.03203223
v -0.295463 -1.15643036 0.13318305
v -0.295463 -1.15643036 0.23837598
v -0.295463 -1.15643036 0.3435699
v -0.295463 -1.15643036 0.35598895
v -0.29546297 -1.15643036 0.52649653
v -0.29546297 -1.15643036 0.44472075
v -0.29546297 -1.15643036 0.61965084
v -0.29546297 -1.15643036 0.53794128
v -0.25746098 -1.15643036 0.68670738
v -0.24270795 -1.15643036 0.69588226
v -0.10641596 -1.15643036 0.76156873
v -0.17734195 -1.15643036 0.73653519
v -0.09040795 -1.15643036 0.76721925
v -0.27926898 -1.00935304 0.56823194
v -0.27926898 -0.88175797 0.60443997
v -0.27926898 -0.88175797 0.50969601
v -0.27926898 -1.00935304 0.47951198
v -0.27926901 -0.88175797 0.40689197
v -0.27926901 -1.00935304 0.38324597
v 0.27342302 -1.00749004 0.66407692
v 0.27342302 -0.87989497 0.70714593
v 0.23728004 -0.87811601 0.77985299
v 0.23728004 -1.00571096 0.73184395
v 0.27255702 -1.00935304 0.5806489
v 0.27255702 -0.88175797 0.61769992
v -0.10141395 -1.00414395 0.81063092
v -0.10141395 -0.87654901 0.86415493
v -0.17079695 -0.876858 0.83563602
v -0.17079696 -1.00445294 0.78395593
v -0.23478496 -0.87729001 0.78932691
v -0.23478496 -1.00488603 0.74064195
v -0.27926898 -0.88175797 0.50969601
v -0.27926898 -0.88175797 0.60443997
v -0.29546297 -0.88175797 0.60443997
v -0.29546297 -0.88175797 0.50969601
v 0.27926901 -1.00935304 0.25564593
v 0.27926901 -0.88175797 0.27062893
v 0.27926901 -0.88175797 0.39250392
v 0.27926901 -1.00935304 0.3697719
v 0.27926901 -1.00935304 0.14152092
v 0.27926901 -0.88175797 0.14875391
v -0.27926901 -1.00935304 0.25564596
v -0.27926901 -0.88175797 0.27062896
v -0.27926901 -0.88175797 0.14875397
v -0.27926901 -1.00935304 0.14152098
v -0.27926901 -1.00935304 0.36977196
v -0.27926901 -0.88175797 0.39250398
v 0.27926901 -1.00935304 0.38324592
v 0.27926901 -0.88175797 0.40689191
v 0.27926904 -0.88175797 0.50969589
v 0.27926904 -1.00935304 0.47951192
v 0.27926904 -0.88175797 0.6044389
v 0.27926904 -1.00935304 0.56823194
v -0.27342296 -1.00749004 0.66407698
v -0.27342296 -0.87989497 0.70714599
v -0.27255696 -0.88175797 0.61769998
v -0.27255696 -1.00935304 0.58064896
v -0.23727995 -1.00571096 0.73184395
v -0.23727995 -0.87811601 0.77985299
v 0.23478505 -1.00488603 0.74064195
v 0.23478505 -0.87729001 0.78932691
v 0.17079706 -0.876858 0.83563495
v 0.17079705 -1.00445294 0.78395498
v 0.10141405 -0.87654901 0.86415493
v 0.10141405 -1.00414503 0.81063092
v 0.08869905 -1.00369203 0.81609893
v 0.08869905 -0.87609702 0.87003899
v 6E-08 -0.87601799 0.88185692
v 5E-08 -1.003613 0.82715297
v -0.08869895 -0.87609702 0.87003899
v -0.08869895 -1.00369203 0.81609893
v -0.39988101 -1.05447197 -0.40816799
v -0.39988101 -1.06822395 -0.40816799
v -0.40483299 -1.06717801 -0.40816799
v -0.40903199 -1.06419694 -0.40816799
v -0.41183701 -1.05973494 -0.40816799
v -0.41282299 -1.05447197 -0.40816799
v -0.409596 -1.07939506 -0.40816799
v -0.39988101 -1.08144796 -0.40816799
v -0.41783199 -1.07354701 -0.40816799
v -0.42333499 -1.06479502 -0.40816799
v -0.42526701 -1.05447197 -0.40816799
v -0.41398501 -1.09065402 -0.40816799
v -0.39988101 -1.09363496 -0.40816799
v -0.425942 -1.08216405 -0.40816799
v -0.43393099 -1.06945896 -0.40816799
v -0.43673599 -1.05447197 -0.40816799
v -0.41783199 -1.10052299 -0.40816799
v -0.39988101 -1.10431695 -0.40816799
v -0.43305001 -1.08971798 -0.40816799
v -0.44321799 -1.07354701 -0.40816799
v -0.446789 -1.05447197 -0.40816799
v -0.42098901 -1.10862195 -0.40816799
v -0.39988101 -1.113083 -0.40816799
v -0.43888399 -1.09591603 -0.40816799
v -0.45084101 -1.07690203 -0.40816799
v -0.45503899 -1.05447197 -0.40816799
v -0.42333499 -1.11464 -0.38899499
v -0.39988101 -1.11959696 -0.38899499
v -0.44321799 -1.10052299 -0.38899499
v -0.45650399 -1.07939506 -0.38899499
v -0.46116999 -1.05447197 -0.38899499
v -0.424779 -1.11834598 -0.36322999
v -0.39988101 -1.12360895 -0.36322999
v -0.44588801 -1.10335898 -0.36322999
v -0.45999199 -1.08092999 -0.36322901
v -0.46494499 -1.05447197 -0.36322901
v -0.42526701 -1.11959696 -0.33643401
v -0.39988101 -1.12496305 -0.33643401
v -0.446789 -1.10431695 -0.33643401
v -0.46116999 -1.08144796 -0.33643401
v -0.46621901 -1.05447197 -0.33643401
v -0.432401 -1.12660599 -0.15492199
v -0.43298599 -1.12801898 -0.170453
v -0.402522 -1.13407898 -0.170453
v -0.402522 -1.13254905 -0.15492199
v -0.45773101 -1.10968101 -0.15492199
v -0.458812 -1.11076295 -0.170453
v -0.47465599 -1.08435094 -0.15492199
v -0.476069 -1.08493602 -0.170453
v -0.48059899 -1.05447197 -0.15492199
v -0.48212901 -1.05447197 -0.170453
v -0.42980799 -1.12455106 -0.238802
v -0.401434 -1.13032496 -0.238802
v -0.453861 -1.10810804 -0.238802
v -0.46993399 -1.08350003 -0.238802
v -0.475577 -1.05447197 -0.238802
v -0.32729101 -1.05447197 -0.238802
v -0.33354199 -1.05447197 -0.33643401
v -0.33859199 -1.02749705 -0.33643401
v -0.33293501 -1.02544498 -0.238802
v -0.352972 -1.00462794 -0.33643401
v -0.34900701 -1.00083697 -0.238802
v -0.37449399 -0.98934799 -0.33643401
v -0.373061 -0.98439401 -0.238802
v -0.39988101 -0.98398203 -0.33643401
v -0.401434 -0.97861999 -0.238802
v -0.40483299 -1.041767 -0.40816799
v -0.39988101 -1.04071999 -0.40816799
v -0.40903199 -1.04474795 -0.40816799
v -0.41183701 -1.04920995 -0.40816799
v -0.409596 -1.02954996 -0.40816799
v -0.39988101 -1.02749705 -0.40816799
v -0.41783199 -1.03539801 -0.40816799
v -0.42333499 -1.04414904 -0.40816799
v -0.41398501 -1.018291 -0.40816799
v -0.39988101 -1.01531005 -0.40816799
v -0.425942 -1.02678001 -0.40816799
v -0.43393099 -1.03948605 -0.40816799
v -0.41783199 -1.00842202 -0.40816799
v -0.39988101 -1.00462794 -0.40816799
v -0.43305001 -1.01922703 -0.40816799
v -0.44321799 -1.03539801 -0.40816799
v -0.42098901 -1.00032306 -0.40816799
v -0.39988101 -0.99586201 -0.40816799
v -0.43888399 -1.01302803 -0.40816799
v -0.45084101 -1.03204298 -0.40816799
v -0.42333499 -0.99430501 -0.38899499
v -0.39988101 -0.98934799 -0.38899499
v -0.44321799 -1.00842202 -0.38899499
v -0.45650399 -1.02954996 -0.38899499
v -0.424779 -0.99059898 -0.36322999
v -0.39988101 -0.98533702 -0.36322999
v -0.44588801 -1.00558603 -0.36322999
v -0.45999199 -1.02801502 -0.36322901
v -0.42526701 -0.98934799 -0.33643401
v -0.446789 -1.00462794 -0.33643401
v -0.46116999 -1.02749705 -0.33643401
v -0.432401 -0.98233902 -0.15492199
v -0.402522 -0.97639602 -0.15492199
v -0.402522 -0.97486597 -0.170453
v -0.43298599 -0.98092598 -0.170453
v -0.45773101 -0.999264 -0.15492199
v -0.458812 -0.998182 -0.170453
v -0.47465599 -1.02459395 -0.15492199
v -0.476069 -1.02400804 -0.170453
v -0.42980799 -0.98439401 -0.238802
v -0.453861 -1.00083697 -0.238802
v -0.46993399 -1.02544498 -0.238802
v -0.39492801 -1.06717801 -0.40816799
v -0.39072901 -1.06419694 -0.40816799
v -0.38792399 -1.05973494 -0.40816799
v -0.38693801 -1.05447197 -0.40816799
v -0.39016601 -1.07939506 -0.40816799
v -0.38192901 -1.07354701 -0.40816799
v -0.37642601 -1.06479502 -0.40816799
v -0.37449399 -1.05447197 -0.40816799
v -0.38577601 -1.09065402 -0.40816799
v -0.37382001 -1.08216405 -0.40816799
v -0.36583 -1.06945896 -0.40816799
v -0.36302501 -1.05447197 -0.40816799
v -0.38192901 -1.10052299 -0.40816799
v -0.36671099 -1.08971798 -0.40816799
v -0.356543 -1.07354701 -0.40816799
v -0.352972 -1.05447197 -0.40816799
v -0.37877199 -1.10862195 -0.40816799
v -0.36087799 -1.09591603 -0.40816799
v -0.348921 -1.07690203 -0.40816799
v -0.344722 -1.05447197 -0.40816799
v -0.37642601 -1.11464 -0.38899499
v -0.356543 -1.10052299 -0.38899499
v -0.34325701 -1.07939506 -0.38899499
v -0.33859199 -1.05447197 -0.38899499
v -0.374982 -1.11834598 -0.36322999
v -0.35387301 -1.10335898 -0.36322999
v -0.33976901 -1.08092999 -0.36322901
v -0.33481601 -1.05447197 -0.36322901
v -0.37449399 -1.11959696 -0.33643401
v -0.352972 -1.10431695 -0.33643401
v -0.33859199 -1.08144796 -0.33643401
v -0.37264401 -1.12660599 -0.15492199
v -0.372058 -1.12801898 -0.170453
v -0.347314 -1.10968101 -0.15492199
v -0.346232 -1.11076295 -0.170453
v -0.33038899 -1.08435094 -0.15492199
v -0.32897499 -1.08493602 -0.170453
v -0.32444501 -1.05447197 -0.15492199
v -0.322916 -1.05447197 -0.170453
v -0.373061 -1.12455106 -0.238802
v -0.34900701 -1.10810804 -0.238802
v -0.33293501 -1.08350003 -0.238802
v -0.39492801 -1.041767 -0.40816799
v -0.39072901 -1.04474795 -0.40816799
v -0.38792399 -1.04920995 -0.40816799
v -0.39016601 -1.02954996 -0.40816799
v -0.38192901 -1.03539801 -0.40816799
v -0.37642601 -1.04414904 -0.40816799
v -0.38577601 -1.018291 -0.40816799
v -0.37382001 -1.02678001 -0.40816799
v -0.36583 -1.03948605 -0.40816799
v -0.38192901 -1.00842202 -0.40816799
v -0.36671099 -1.01922703 -0.40816799
v -0.356543 -1.03539801 -0.40816799
v -0.37877199 -1.00032306 -0.40816799
v -0.36087799 -1.01302803 -0.40816799
v -0.348921 -1.03204298 -0.40816799
v -0.37642601 -0.99430501 -0.38899499
v -0.356543 -1.00842202 -0.38899499
v -0.34325701 -1.02954996 -0.38899499
v -0.374982 -0.99059898 -0.36322999
v -0.35387301 -1.00558603 -0.36322999
v -0.33976901 -1.02801502 -0.36322901
v -0.37264401 -0.98233902 -0.15492199
v -0.372058 -0.98092598 -0.170453
v -0.347314 -0.999264 -0.15492199
v -0.346232 -0.998182 -0.170453
v -0.372058 -0.98092598 -0.170453
v -0.37264401 -0.98233902 -0.15492199
v -0.33038899 -1.02459395 -0.15492199
v -0.32897499 -1.02400804 -0.170453
v -0.32897499 -1.02400804 -0.170453
v -0.33038899 -1.02459395 -0.15492199
v -0.219347 -1.003106 -0.24596301
v -0.21370301 -1.03213298 -0.24596301
v -0.209327 -1.03213298 -0.177614
v -0.215387 -1.00166905 -0.177614
v 0.40483299 -1.06717801 -0.40816799
v 0.39988101 -1.06822395 -0.40816799
v 0.39988101 -1.05447197 -0.40816799
v 0.40903199 -1.06419694 -0.40816799
v 0.41183701 -1.05973494 -0.40816799
v 0.41282299 -1.05447197 -0.40816799
v 0.409596 -1.07939506 -0.40816799
v 0.39988101 -1.08144796 -0.40816799
v 0.41783199 -1.07354701 -0.40816799
v 0.42333499 -1.06479502 -0.40816799
v 0.42526701 -1.05447197 -0.40816799
v 0.41398501 -1.09065402 -0.40816799
v 0.39988101 -1.09363496 -0.40816799
v 0.425942 -1.08216405 -0.40816799
v 0.43393099 -1.06945896 -0.40816799
v 0.43673599 -1.05447197 -0.40816799
v 0.41783199 -1.10052299 -0.40816799
v 0.39988101 -1.10431695 -0.40816799
v 0.43305001 -1.08971798 -0.40816799
v 0.44321799 -1.07354701 -0.40816799
v 0.446789 -1.05447197 -0.40816799
v 0.42098901 -1.10862195 -0.40816799
v 0.39988101 -1.113083 -0.40816799
v 0.43888399 -1.09591603 -0.40816799
v 0.45084101 -1.07690203 -0.40816799
v 0.45503899 -1.05447197 -0.40816799
v 0.42333499 -1.11464 -0.38899499
v 0.39988101 -1.11959696 -0.38899499
v 0.44321799 -1.10052299 -0.38899499
v 0.45650399 -1.07939506 -0.38899499
v 0.46116999 -1.05447197 -0.38899499
v 0.424779 -1.11834598 -0.36322999
v 0.39988101 -1.12360895 -0.36322999
v 0.44588801 -1.10335898 -0.36322999
v 0.45999199 -1.08092999 -0.36322901
v 0.46494499 -1.05447197 -0.36322901
v 0.42526701 -1.11959696 -0.33643401
v 0.39988101 -1.12496305 -0.33643401
v 0.446789 -1.10431695 -0.33643401
v 0.46116999 -1.08144796 -0.33643401
v 0.46621901 -1.05447197 -0.33643401
v 0.432401 -1.12660599 -0.15492199
v 0.402522 -1.13254905 -0.15492199
v 0.402522 -1.13407898 -0.170453
v 0.43298599 -1.12801898 -0.170453
v 0.45773101 -1.10968101 -0.15492199
v 0.458812 -1.11076295 -0.170453
v 0.47465599 -1.08435094 -0.15492199
v 0.476069 -1.08493602 -0.170453
v 0.48059899 -1.05447197 -0.15492199
v 0.48212901 -1.05447197 -0.170453
v 0.42980799 -1.12455106 -0.238802
v 0.401434 -1.13032496 -0.238802
v 0.453861 -1.10810804 -0.238802
v 0.46993399 -1.08350003 -0.238802
v 0.475577 -1.05447197 -0.238802
v 0.32729101 -1.05447197 -0.238802
v 0.33293501 -1.02544498 -0.238802
v 0.33859199 -1.02749705 -0.33643401
v 0.33354199 -1.05447197 -0.33643401
v 0.34900701 -1.00083697 -0.238802
v 0.352972 -1.00462794 -0.33643401
v 0.373061 -0.98439401 -0.238802
v 0.37449399 -0.98934799 -0.33643401
v 0.401434 -0.97861999 -0.238802
v 0.39988101 -0.98398203 -0.33643401
v 0.39988101 -1.04071999 -0.40816799
v 0.40483299 -1.041767 -0.40816799
v 0.40903199 -1.04474795 -0.40816799
v 0.41183701 -1.04920995 -0.40816799
v 0.409596 -1.02954996 -0.40816799
v 0.39988101 -1.02749705 -0.40816799
v 0.41783199 -1.03539801 -0.40816799
v 0.42333499 -1.04414904 -0.40816799
v 0.41398501 -1.018291 -0.40816799
v 0.39988101 -1.01531005 -0.40816799
v 0.425942 -1.02678001 -0.40816799
v 0.43393099 -1.03948605 -0.40816799
v 0.41783199 -1.00842202 -0.40816799
v 0.39988101 -1.00462794 -0.40816799
v 0.43305001 -1.01922703 -0.40816799
v 0.44321799 -1.03539801 -0.40816799
v 0.42098901 -1.00032306 -0.40816799
v 0.39988101 -0.99586201 -0.40816799
v 0.43888399 -1.01302803 -0.40816799
v 0.45084101 -1.03204298 -0.40816799
v 0.42333499 -0.99430501 -0.38899499
v 0.39988101 -0.98934799 -0.38899499
v 0.44321799 -1.00842202 -0.38899499
v 0.45650399 -1.02954996 -0.38899499
v 0.424779 -0.99059898 -0.36322999
v 0.39988101 -0.98533702 -0.36322999
v 0.44588801 -1.00558603 -0.36322999
v 0.45999199 -1.02801502 -0.36322901
v 0.42526701 -0.98934799 -0.33643401
v 0.446789 -1.00462794 -0.33643401
v 0.46116999 -1.02749705 -0.33643401
v 0.432401 -0.98233902 -0.15492199
v 0.43298599 -0.98092598 -0.170453
v 0.402522 -0.97486597 -0.170453
v 0.402522 -0.97639602 -0.15492199
v 0.45773101 -0.999264 -0.15492199
v 0.458812 -0.998182 -0.170453
v 0.47465599 -1.02459395 -0.15492199
v 0.476069 -1.02400804 -0.170453
v 0.42980799 -0.98439401 -0.238802
v 0.453861 -1.00083697 -0.238802
v 0.46993399 -1.02544498 -0.238802
v 0.39492801 -1.06717801 -0.40816799
v 0.39072901 -1.06419694 -0.40816799
v 0.38792399 -1.05973494 -0.40816799
v 0.38693801 -1.05447197 -0.40816799
v 0.39016601 -1.07939506 -0.40816799
v 0.38192901 -1.07354701 -0.40816799
v 0.37642601 -1.06479502 -0.40816799
v 0.37449399 -1.05447197 -0.40816799
v 0.38577601 -1.09065402 -0.40816799
v 0.37382001 -1.08216405 -0.40816799
v 0.36583 -1.06945896 -0.40816799
v 0.36302501 -1.05447197 -0.40816799
v 0.38192901 -1.10052299 -0.40816799
v 0.36671099 -1.08971798 -0.40816799
v 0.356543 -1.07354701 -0.40816799
v 0.352972 -1.05447197 -0.40816799
v 0.37877199 -1.10862195 -0.40816799
v 0.36087799 -1.09591603 -0.40816799
v 0.348921 -1.07690203 -0.40816799
v 0.344722 -1.05447197 -0.40816799
v 0.37642601 -1.11464 -0.38899499
v 0.356543 -1.10052299 -0.38899499
v 0.34325701 -1.07939506 -0.38899499
v 0.33859199 -1.05447197 -0.38899499
v 0.374982 -1.11834598 -0.36322999
v 0.35387301 -1.10335898 -0.36322999
v 0.33976901 -1.08092999 -0.36322901
v 0.33481601 -1.05447197 -0.36322901
v 0.37449399 -1.11959696 -0.33643401
v 0.352972 -1.10431695 -0.33643401
v 0.33859199 -1.08144796 -0.33643401
v 0.37264401 -1.12660599 -0.15492199
v 0.372058 -1.12801898 -0.170453
v 0.347314 -1.10968101 -0.15492199
v 0.346232 -1.11076295 -0.170453
v 0.33038899 -1.08435094 -0.15492199
v 0.32897499 -1.08493602 -0.170453
v 0.32444501 -1.05447197 -0.15492199
v 0.322916 -1.05447197 -0.170453
v 0.373061 -1.12455106 -0.238802
v 0.34900701 -1.10810804 -0.238802
v 0.33293501 -1.08350003 -0.238802
v 0.39492801 -1.041767 -0.40816799
v 0.39072901 -1.04474795 -0.40816799
v 0.38792399 -1.04920995 -0.40816799
v 0.39016601 -1.02954996 -0.40816799
v 0.38192901 -1.03539801 -0.40816799
v 0.37642601 -1.04414904 -0.40816799
v 0.38577601 -1.018291 -0.40816799
v 0.37382001 -1.02678001 -0.40816799
v 0.36583 -1.03948605 -0.40816799
v 0.38192901 -1.00842202 -0.40816799
v 0.36671099 -1.01922703 -0.40816799
v 0.356543 -1.03539801 -0.40816799
v 0.37877199 -1.00032306 -0.40816799
v 0.36087799 -1.01302803 -0.40816799
v 0.348921 -1.03204298 -0.40816799
v 0.37642601 -0.99430501 -0.38899499
v 0.356543 -1.00842202 -0.38899499
v 0.34325701 -1.02954996 -0.38899499
v 0.374982 -0.99059898 -0.36322999
v 0.35387301 -1.00558603 -0.36322999
v 0.33976901 -1.02801502 -0.36322901
v 0.37264401 -0.98233902 -0.15492199
v 0.372058 -0.98092598 -0.170453
v 0.347314 -0.999264 -0.15492199
v 0.37264401 -0.98233902 -0.15492199
v 0.372058 -0.98092598 -0.170453
v 0.346232 -0.998182 -0.170453
v 0.33038899 -1.02459395 -0.15492199
v 0.32897499 -1.02400804 -0.170453
v 0.219347 -1.003106 -0.24596301
v 0.21370301 -1.03213298 -0.24596301
v 0.209327 -1.03213298 -0.177614
v 0.215387 -1.00166905 -0.177614
v -0.365502 -0.98649102 -0.189172
v -0.36595601 -0.98805898 -0.220083
v -0.35382301 -0.99429399 -0.189172
v -0.365502 -0.98649102 -0.189172
v -0.35507801 -0.99549502 -0.220083
v 0.35507801 -0.99549502 -0.220083
v 0.36595601 -0.98805898 -0.220083
v 0.35382301 -0.99429399 -0.189172
v 0.365502 -0.98649102 -0.189172
v 0.365502 -0.98649102 -0.189172
v -0.252004 -0.84363502 -0.198735
v -0.253259 -0.844836 -0.229646
v -0.264137 -0.83740002 -0.229646
v -0.26368299 -0.835832 -0.198735
v -0.26368299 -0.835832 -0.198735
v 0.252004 -0.84363502 -0.198735
v 0.26368299 -0.835832 -0.198735
v 0.264137 -0.83740002 -0.229646
v 0.253259 -0.844836 -0.229646
v 0.36595601 -0.98805898 -0.220083
v 0 -0.01977934 2.97493672
v 0 0.26554254 2.88326502
v -0.16770776 0.21105094 2.88326502
v 0 -0.01977934 2.97493672
v -0.2713578 0.06839002 2.88326502
v -0.271357 -0.10794865 2.88326502
v 0 -0.01977934 2.97493672
v -0.16770776 -0.25060964 2.88326502
v 0 -0.30510131 2.88326502
v 0 -0.01977934 2.97493672
v 0.16770861 -0.25060964 2.88326502
v 0.271357 -0.10794865 2.88326502
v 0 -0.01977934 2.97493672
v 0.271357 0.06839002 2.88326502
v 0.16770776 0.21105094 2.88326502
v -0.29476187 0.38592559 2.53832173
v 0 0.48169976 2.53832173
v -0.47693449 -0.17474455 2.53832173
v -0.47693449 0.13518599 2.53832173
v 0 -0.52125865 2.53832173
v -0.29476187 -0.42548418 2.53832173
v 0.47693449 -0.17474455 2.53832173
v 0.29476187 -0.42548418 2.53832173
v 0.29476187 0.38592559 2.53832173
v 0.47693449 0.13518599 2.53832173
v -0.41672277 0.55379015 1.78387618
v 0 0.68919152 1.78387618
v -0.6742714 -0.23886371 1.78387618
v -0.6742714 0.19930518 1.78387618
v 0 -0.72875005 1.78387618
v -0.41672277 -0.59334868 1.78387618
v 0.6742714 -0.23886371 1.78387618
v 0.41672277 -0.59334868 1.78387618
v 0.41672277 0.55379015 1.78387618
v 0.6742714 0.19930518 1.78387618
v -0.48289669 0.64487028 0.39978057
v 0 0.80177313 0.39978069
v -0.78134269 -0.27365333 0.39978069
v -0.78134269 0.23409405 0.39978069
v 0 -0.84133154 0.39978051
v -0.48289579 -0.68442869 0.39978063
v 0.78134269 -0.27365252 0.39978069
v 0.48289669 -0.68442869 0.39978063
v 0.48289669 0.64487028 0.39978057
v 0.78134269 0.23409405 0.39978069
v -0.48289579 0.64487028 -0.72613764
v 0 0.80177313 -0.72613752
v -0.78134269 -0.27365246 -0.72613776
v -0.78134269 0.23409411 -0.72613776
v 0 -0.84133154 -0.72613776
v -0.48289579 -0.68442869 -0.72613764
v 0.78134269 -0.27365246 -0.72613776
v 0.48289669 -0.68442869 -0.72613764
v 0.48289669 0.64487028 -0.72613764
v 0.78134269 0.23409411 -0.72613776
v -0.33533901 0.4417752 -2.5133152
v 0 0.55073333 -2.5133152
v -0.54258972 -0.19607748 -2.5133152
v -0.54258972 0.15651928 -2.5133152
v 0 -0.5902915 -2.5133152
v -0.33533901 -0.48133337 -2.5133152
v 0.54258972 -0.19607748 -2.5133152
v 0.33533901 -0.48133337 -2.5133152
v 0.33533901 0.4417752 -2.5133152
v 0.54258972 0.15651928 -2.5133152
v -0.16294637 0.20449737 -3.28396559
v 0 0.2574417 -3.28396559
v -0.26365262 -0.10544492 -3.28396559
v -0.26365262 0.06588677 -3.28396559
v 0 -0.29699963 -3.28396559
v -0.16294637 -0.24405554 -3.28396559
v 0.26365262 -0.10544492 -3.28396559
v 0.16294637 -0.24405554 -3.28396559
v 0.16294637 0.20449737 -3.28396559
v 0.26365262 0.06588677 -3.28396559
v -0.06621315 0.07135565 -3.66795111
v 0 0.09286965 -3.66795111
v -0.10713515 -0.05458942 -3.66795111
v -0.10713515 0.01503131 -3.66795111
v 0 -0.13242771 -3.66795111
v -0.06621315 -0.11091378 -3.66795111
v 0.10713515 -0.05458942 -3.66795111
v 0.06621315 -0.11091378 -3.66795111
v 0.06621315 0.07135565 -3.66795111
v 0.10713515 0.01503131 -3.66795111
v 0 -0.01977905 -3.67095518
v 0 -0.01977905 -3.67095518
v 0 -0.01977905 -3.67095518
v 0 -0.01977905 -3.67095518
v 0 -0.01977905 -3.67095518
v -0.372058 -1.05447197 -0.096906
v -0.35829499 -1.05447197 -0.104262
v -0.361662 -1.03754795 -0.104262
v -0.37437701 -1.04281402 -0.096906
v -0.37124899 -1.02319896 -0.104262
v -0.380981 -1.03293097 -0.096906
v -0.38559699 -1.01361203 -0.104262
v -0.39086401 -1.02632701 -0.096906
v -0.402522 -1.01024604 -0.104262
v -0.402522 -1.02400804 -0.096906
v -0.43066701 -1.12242103 -0.139989
v -0.432401 -1.12660599 -0.15492199
v -0.402522 -1.13254905 -0.15492199
v -0.402522 -1.12801898 -0.139989
v -0.454528 -1.10647798 -0.139989
v -0.45773101 -1.10968101 -0.15492199
v -0.47047001 -1.082618 -0.139989
v -0.47465599 -1.08435094 -0.15492199
v -0.476069 -1.05447197 -0.139989
v -0.48059899 -1.05447197 -0.15492199
v -0.427852 -1.11562395 -0.12622599
v -0.402522 -1.12066305 -0.12622599
v -0.44932601 -1.10127604 -0.12622599
v -0.46367401 -1.07980204 -0.12622599
v -0.46871299 -1.05447197 -0.12622599
v -0.42406401 -1.10647798 -0.114162
v -0.402522 -1.11076295 -0.114162
v -0.442325 -1.094275 -0.114162
v -0.454528 -1.07601404 -0.114162
v -0.458812 -1.05447197 -0.114162
v -0.419447 -1.09533298 -0.104262
v -0.402522 -1.09869897 -0.104262
v -0.43379501 -1.08574605 -0.104262
v -0.44338301 -1.07139695 -0.104262
v -0.446749 -1.05447197 -0.104262
v -0.41418001 -1.082618 -0.096906
v -0.402522 -1.08493602 -0.096906
v -0.42406401 -1.07601404 -0.096906
v -0.43066701 -1.06613004 -0.096906
v -0.43298599 -1.05447197 -0.096906
v -0.408465 -1.06882095 -0.092376
v -0.402522 -1.07000303 -0.092376
v -0.413504 -1.06545401 -0.092376
v -0.41687 -1.06041598 -0.092376
v -0.418053 -1.05447197 -0.092376
v -0.402522 -1.05447197 -0.090846
v -0.346232 -1.05447197 -0.114162
v -0.350517 -1.03293097 -0.114162
v -0.362719 -1.01466894 -0.114162
v -0.380981 -1.00246704 -0.114162
v -0.402522 -0.998182 -0.114162
v -0.43066701 -0.98652399 -0.139989
v -0.402522 -0.98092598 -0.139989
v -0.402522 -0.97639602 -0.15492199
v -0.432401 -0.98233902 -0.15492199
v -0.454528 -1.00246704 -0.139989
v -0.45773101 -0.999264 -0.15492199
v -0.47047001 -1.02632701 -0.139989
v -0.47465599 -1.02459395 -0.15492199
v -0.427852 -0.993321 -0.12622599
v -0.402522 -0.98828202 -0.12622599
v -0.44932601 -1.00766897 -0.12622599
v -0.46367401 -1.02914298 -0.12622599
v -0.42406401 -1.00246704 -0.114162
v -0.442325 -1.01466894 -0.114162
v -0.454528 -1.03293097 -0.114162
v -0.419447 -1.01361203 -0.104262
v -0.43379501 -1.02319896 -0.104262
v -0.44338301 -1.03754795 -0.104262
v -0.41418001 -1.02632701 -0.096906
v -0.42406401 -1.03293097 -0.096906
v -0.43066701 -1.04281402 -0.096906
v -0.408465 -1.04012406 -0.092376
v -0.402522 -1.03894198 -0.092376
v -0.413504 -1.04349101 -0.092376
v -0.41687 -1.04852903 -0.092376
v -0.388174 -1.04852903 -0.092376
v -0.38699201 -1.05447197 -0.092376
v -0.391541 -1.04349101 -0.092376
v -0.396579 -1.04012406 -0.092376
v -0.33633199 -1.05447197 -0.12622599
v -0.34136999 -1.02914298 -0.12622599
v -0.355719 -1.00766897 -0.12622599
v -0.37719199 -0.993321 -0.12622599
v -0.37437701 -1.12242103 -0.139989
v -0.37264401 -1.12660599 -0.15492199
v -0.350517 -1.10647798 -0.139989
v -0.347314 -1.10968101 -0.15492199
v -0.33457401 -1.082618 -0.139989
v -0.33038899 -1.08435094 -0.15492199
v -0.32897499 -1.05447197 -0.139989
v -0.32444501 -1.05447197 -0.15492199
v -0.37719199 -1.11562395 -0.12622599
v -0.355719 -1.10127604 -0.12622599
v -0.34136999 -1.07980204 -0.12622599
v -0.380981 -1.10647798 -0.114162
v -0.362719 -1.094275 -0.114162
v -0.350517 -1.07601404 -0.114162
v -0.38559699 -1.09533298 -0.104262
v -0.37124899 -1.08574605 -0.104262
v -0.361662 -1.07139695 -0.104262
v -0.39086401 -1.082618 -0.096906
v -0.380981 -1.07601404 -0.096906
v -0.37437701 -1.06613004 -0.096906
v -0.396579 -1.06882095 -0.092376
v -0.391541 -1.06545401 -0.092376
v -0.388174 -1.06041598 -0.092376
v -0.33457401 -1.02632701 -0.139989
v -0.350517 -1.00246704 -0.139989
v -0.37437701 -0.98652399 -0.139989
v -0.37264401 -0.98233902 -0.15492199
v -0.347314 -0.999264 -0.15492199
v -0.33038899 -1.02459395 -0.15492199
v 0.372058 -1.05447197 -0.096906
v 0.37437701 -1.04281402 -0.096906
v 0.361662 -1.03754795 -0.104262
v 0.35829499 -1.05447197 -0.104262
v 0.380981 -1.03293097 -0.096906
v 0.37124899 -1.02319896 -0.104262
v 0.39086401 -1.02632701 -0.096906
v 0.38559699 -1.01361203 -0.104262
v 0.402522 -1.02400804 -0.096906
v 0.402522 -1.01024604 -0.104262
v 0.43066701 -1.12242103 -0.139989
v 0.402522 -1.12801898 -0.139989
v 0.402522 -1.13254905 -0.15492199
v 0.432401 -1.12660599 -0.15492199
v 0.454528 -1.10647798 -0.139989
v 0.45773101 -1.10968101 -0.15492199
v 0.47047001 -1.082618 -0.139989
v 0.47465599 -1.08435094 -0.15492199
v 0.476069 -1.05447197 -0.139989
v 0.48059899 -1.05447197 -0.15492199
v 0.427852 -1.11562395 -0.12622599
v 0.402522 -1.12066305 -0.12622599
v 0.44932601 -1.10127604 -0.12622599
v 0.46367401 -1.07980204 -0.12622599
v 0.46871299 -1.05447197 -0.12622599
v 0.42406401 -1.10647798 -0.114162
v 0.402522 -1.11076295 -0.114162
v 0.442325 -1.094275 -0.114162
v 0.454528 -1.07601404 -0.114162
v 0.458812 -1.05447197 -0.114162
v 0.419447 -1.09533298 -0.104262
v 0.402522 -1.09869897 -0.104262
v 0.43379501 -1.08574605 -0.104262
v 0.44338301 -1.07139695 -0.104262
v 0.446749 -1.05447197 -0.104262
v 0.41418001 -1.082618 -0.096906
v 0.402522 -1.08493602 -0.096906
v 0.42406401 -1.07601404 -0.096906
v 0.43066701 -1.06613004 -0.096906
v 0.43298599 -1.05447197 -0.096906
v 0.408465 -1.06882095 -0.092376
v 0.402522 -1.07000303 -0.092376
v 0.413504 -1.06545401 -0.092376
v 0.41687 -1.06041598 -0.092376
v 0.418053 -1.05447197 -0.092376
v 0.402522 -1.05447197 -0.090846
v 0.350517 -1.03293097 -0.114162
v 0.346232 -1.05447197 -0.114162
v 0.362719 -1.01466894 -0.114162
v 0.380981 -1.00246704 -0.114162
v 0.402522 -0.998182 -0.114162
v 0.43066701 -0.98652399 -0.139989
v 0.432401 -0.98233902 -0.15492199
v 0.402522 -0.97639602 -0.15492199
v 0.402522 -0.98092598 -0.139989
v 0.454528 -1.00246704 -0.139989
v 0.45773101 -0.999264 -0.15492199
v 0.47047001 -1.02632701 -0.139989
v 0.47465599 -1.02459395 -0.15492199
v 0.427852 -0.993321 -0.12622599
v 0.402522 -0.98828202 -0.12622599
v 0.44932601 -1.00766897 -0.12622599
v 0.46367401 -1.02914298 -0.12622599
v 0.42406401 -1.00246704 -0.114162
v 0.442325 -1.01466894 -0.114162
v 0.454528 -1.03293097 -0.114162
v 0.419447 -1.01361203 -0.104262
v 0.43379501 -1.02319896 -0.104262
v 0.44338301 -1.03754795 -0.104262
v 0.41418001 -1.02632701 -0.096906
v 0.42406401 -1.03293097 -0.096906
v 0.43066701 -1.04281402 -0.096906
v 0.408465 -1.04012406 -0.092376
v 0.402522 -1.03894198 -0.092376
v 0.413504 -1.04349101 -0.092376
v 0.41687 -1.04852903 -0.092376
v 0.38699201 -1.05447197 -0.092376
v 0.388174 -1.04852903 -0.092376
v 0.391541 -1.04349101 -0.092376
v 0.396579 -1.04012406 -0.092376
v 0.34136999 -1.02914298 -0.12622599
v 0.33633199 -1.05447197 -0.12622599
v 0.355719 -1.00766897 -0.12622599
v 0.37719199 -0.993321 -0.12622599
v 0.37437701 -1.12242103 -0.139989
v 0.37264401 -1.12660599 -0.15492199
v 0.350517 -1.10647798 -0.139989
v 0.347314 -1.10968101 -0.15492199
v 0.33457401 -1.082618 -0.139989
v 0.33038899 -1.08435094 -0.15492199
v 0.32897499 -1.05447197 -0.139989
v 0.32444501 -1.05447197 -0.15492199
v 0.37719199 -1.11562395 -0.12622599
v 0.355719 -1.10127604 -0.12622599
v 0.34136999 -1.07980204 -0.12622599
v 0.380981 -1.10647798 -0.114162
v 0.362719 -1.094275 -0.114162
v 0.350517 -1.07601404 -0.114162
v 0.38559699 -1.09533298 -0.104262
v 0.37124899 -1.08574605 -0.104262
v 0.361662 -1.07139695 -0.104262
v 0.39086401 -1.082618 -0.096906
v 0.380981 -1.07601404 -0.096906
v 0.37437701 -1.06613004 -0.096906
v 0.396579 -1.06882095 -0.092376
v 0.391541 -1.06545401 -0.092376
v 0.388174 -1.06041598 -0.092376
v 0.33457401 -1.02632701 -0.139989
v 0.350517 -1.00246704 -0.139989
v 0.37437701 -0.98652399 -0.139989
v 0.37264401 -0.98233902 -0.15492199
v 0.347314 -0.999264 -0.15492199
v 0.33038899 -1.02459395 -0.15492199
vn 0.01719 -0.74953 -0.66175
vn 0.04678 -0.93035 -0.36367
vn -0.31727 -0.89687 -0.30816
vn -0.27523 -0.77803 -0.56473
vn -0.17311 -0.48935 -0.85474
vn -0.48468 -0.57199 -0.66175
vn -0.35508 -0.16951 -0.91934
vn -0.6485 -0.30957 -0.69542
vn -0.83192 -0.39713 -0.38755
vn -0.93035 -0.04678 -0.36367
vn -0.74953 -0.01718 -0.66175
vn -0.89687 0.31727 -0.30815
vn -0.77803 0.27523 -0.56473
vn -0.48935 0.17311 -0.85473
vn -0.16951 0.35508 -0.91934
vn 0 0 -1
vn 0.35508 0.16951 -0.91934
vn 0.48935 -0.17311 -0.85474
vn 0.16951 -0.35508 -0.91934
vn 0.17311 0.48935 -0.85474
vn -0.30958 0.6485 -0.69542
vn -0.57199 0.48468 -0.66175
vn -0.69398 0.6214 -0.36367
vn -0.39713 0.83192 -0.38755
vn -0.04678 0.93035 -0.36367
vn -0.01719 0.74953 -0.66175
vn -0.21936 0.45952 0.86065
vn -0.51113 0.46177 0.72492
vn -0.30172 0.10674 0.9474
vn -0.63896 -0.03497 0.76844
vn -0.64934 -0.30998 0.69446
vn -0.6214 -0.69398 -0.36367
vn -0.42899 -0.47483 0.76844
vn -0.10665 -0.30147 0.94749
vn 0.30957 -0.6485 -0.69542
vn 0.39713 -0.83192 -0.38755
vn 0.4393 -0.15541 0.88479
vn 0.89687 -0.31727 -0.30815
vn 0.93035 0.04678 -0.36367
vn 0.71281 0.03901 0.70027
vn 0.57199 -0.48468 -0.66175
vn 0.69398 -0.6214 -0.36367
vn 0.74953 0.01718 -0.66175
vn 0.77803 -0.27523 -0.56473
vn 0.6485 0.30957 -0.69542
vn 0.83192 0.39713 -0.38754
vn 0.45602 0.21769 0.86293
vn 0.6214 0.69398 -0.36367
vn 0.48468 0.57199 -0.66175
vn 0.27523 0.77803 -0.56473
vn 0.31728 0.89687 -0.30815
vn 0.45514 0.50378 0.7342
vn 0.14203 0.40148 0.90479
vn -0.03804 0.69508 0.71792
vn 0.03372 -0.61609 0.78696
vn 0.21182 -0.44373 0.87077
vn 0.5282 -0.4772 0.70234
vn 0 0 1
vn -0.37015 -0.90252 0.22008
vn -0.04177 -0.08734 0.9953
vn -0.1563 -0.02719 0.98734
vn -0.44693 -0.86822 0.21554
vn -0.28391 -0.92967 0.23475
vn -0.04177 -0.08734 0.9953
vn -0.18387 -0.94763 0.26113
vn -0.04177 -0.08734 0.9953
vn -0.06263 -0.95129 0.30186
vn -0.04178 -0.08735 0.9953
vn 0.08938 -0.92862 0.3601
vn -0.04178 -0.08735 0.9953
vn 0.27993 -0.85514 0.43632
vn -0.04178 -0.08736 0.9953
vn 0.4995 -0.69343 0.51928
vn -0.04177 -0.08734 0.9953
vn 0.69727 -0.42418 0.57782
vn -0.04177 -0.08733 0.9953
vn 0.80526 -0.10273 0.58396
vn -0.04178 -0.08734 0.9953
vn 0.81577 0.18008 0.54963
vn -0.04178 -0.08735 0.9953
vn 0.77117 0.38853 0.50431
vn -0.04178 -0.08734 0.9953
vn 0.7063 0.53421 0.4645
vn -0.04178 -0.08735 0.9953
vn 0.63644 0.6372 0.43464
vn -0.04178 -0.08734 0.9953
vn 0.56612 0.7125 0.41456
vn -0.04178 -0.08734 0.9953
vn 0.49531 0.7695 0.40316
vn -0.04177 -0.08735 0.9953
vn 0.51008 0.76289 0.39726
vn 0.07345 -0.14603 0.98655
vn -0.34397 -0.84779 -0.40366
vn -0.40341 -0.82315 -0.3996
vn -0.25661 -0.87259 -0.41561
vn -0.15463 -0.88643 -0.43626
vn -0.03036 -0.88384 -0.4668
vn 0.12581 -0.85249 -0.50738
vn 0.32147 -0.76829 -0.55352
vn 0.54602 -0.59619 -0.58857
vn 0.74601 -0.32232 -0.58273
vn 0.85175 -0.00551 -0.52391
vn 0.85731 0.26692 -0.4402
vn 0.80758 0.46467 -0.36316
vn 0.73855 0.60168 -0.30418
vn 0.66573 0.69839 -0.26278
vn 0.59341 0.76958 -0.23581
vn 0.52148 0.82425 -0.22062
vn 0.50841 0.83379 -0.21523
vn -0.04177 -0.08734 0.9953
vn -0.49178 -0.72516 -0.48198
vn -0.44883 -0.74739 -0.48985
vn -0.41243 -0.66235 0.62546
vn -0.35638 -0.69314 0.62654
vn -0.58309 -0.67285 -0.45528
vn -0.35637 -0.69314 0.62654
vn -0.67697 -0.61318 -0.4071
vn -0.35637 -0.69314 0.62655
vn -0.77282 -0.54138 -0.33115
vn -0.35637 -0.69313 0.62655
vn -0.86536 -0.45095 -0.21861
vn -0.35637 -0.69314 0.62654
vn -0.94034 -0.33478 -0.06067
vn -0.35637 -0.69314 0.62654
vn -0.97128 -0.19063 0.14236
vn -0.35637 -0.69314 0.62655
vn -0.92941 -0.03087 0.36776
vn -0.35637 -0.69314 0.62655
vn -0.81091 0.1166 0.57344
vn -0.35638 -0.69315 0.62653
vn -0.64701 0.22717 0.72786
vn -0.35638 -0.69314 0.62654
vn -0.47581 0.29526 0.82851
vn -0.35637 -0.69314 0.62654
vn -0.3188 0.32827 0.88916
vn -0.35638 -0.69314 0.62653
vn -0.18165 0.33564 0.92431
vn -0.35637 -0.69314 0.62654
vn -0.06255 0.32427 0.94389
vn -0.35637 -0.69314 0.62654
vn 0.04233 0.29796 0.95364
vn -0.35636 -0.69314 0.62654
vn 0.14185 0.25544 0.95636
vn -0.29886 -0.72109 0.62506
vn -0.22386 -0.20405 -0.95302
vn -0.16159 -0.24509 -0.95594
vn -0.30588 -0.1337 -0.94264
vn -0.38388 -0.04312 -0.92238
vn -0.45692 0.07298 -0.88651
vn -0.52039 0.22 -0.8251
vn -0.56319 0.39879 -0.72373
vn -0.56682 0.59603 -0.56874
vn -0.51386 0.77738 -0.36281
vn -0.40646 0.90324 -0.13763
vn -0.26984 0.96072 0.06478
vn -0.13084 0.96622 0.22202
vn -0.00295 0.94263 0.33384
vn 0.11143 0.90569 0.40904
vn 0.21465 0.86341 0.45655
vn 0.31024 0.81904 0.48263
vn 0.38732 0.7805 0.49073
vn -0.35637 -0.69314 0.62654
vn -0.18967 -0.54618 0.81591
vn 0.30434 0.41544 0.8572
vn -0.26155 -0.51107 0.81878
vn -0.33175 -0.47269 0.8164
vn -0.45819 -0.86903 -0.18668
vn 0.49854 0.84661 0.18628
vn -0.21664 -0.46235 -0.85982
vn 0.13809 0.03689 -0.98973
vn 0.04177 0.08735 -0.9953
vn 0.04177 0.08734 -0.9953
vn 0.04178 0.08736 -0.9953
vn 0.0418 0.08737 -0.9953
vn 0.04176 0.08733 -0.9953
vn 0.04175 0.08732 -0.99531
vn 0.04177 0.08735 -0.9953
vn 0.04179 0.08737 -0.9953
vn 0.04179 0.08738 -0.9953
vn 0.04178 0.08734 -0.9953
vn 0.04177 0.08733 -0.9953
vn 0.04178 0.08735 -0.9953
vn 0.04178 0.08735 -0.9953
vn 0.04177 0.08734 -0.9953
vn 0.04178 0.08734 -0.9953
vn -0.09174 0.15517 -0.98362
vn 0.33806 0.46903 -0.81592
vn 0.41723 0.65954 -0.62524
vn 0.26808 0.50768 -0.81878
vn 0.0299 0.09348 -0.99517
vn 0.1963 0.54311 -0.81639
vn 0.35968 0.69142 -0.62655
vn 0.30392 0.71878 -0.62529
vn 0.35639 0.69314 -0.62653
vn 0.35638 0.69315 -0.62653
vn 0.35637 0.69314 -0.62654
vn 0.35638 0.69314 -0.62653
vn 0.35635 0.69313 -0.62657
vn 0.35638 0.69314 -0.62654
vn 0.35638 0.69315 -0.62653
vn 0.35637 0.69314 -0.62655
vn 0.35637 0.69315 -0.62653
vn 0.35637 0.69313 -0.62655
vn 0.35638 0.69312 -0.62656
vn 0.35637 0.69314 -0.62654
vn 0.35637 0.69313 -0.62656
vn 0.35636 0.69315 -0.62654
vn 0.35637 0.69315 -0.62654
vn -0.62211 0.75136 0.22009
vn -0.05741 0.07796 0.9953
vn 0.04957 0.15071 0.98734
vn -0.5557 0.80295 0.21554
vn -0.68666 0.68804 0.23476
vn -0.05741 0.07796 0.9953
vn -0.74958 0.60822 0.26113
vn -0.0574 0.07797 0.9953
vn -0.80987 0.50298 0.30186
vn -0.05741 0.07797 0.9953
vn -0.86142 0.35818 0.36009
vn -0.05741 0.07797 0.9953
vn -0.88626 0.15547 0.43632
vn -0.05741 0.07798 0.9953
vn -0.84692 -0.11437 0.51928
vn -0.0574 0.07797 0.9953
vn -0.70243 -0.41559 0.57782
vn -0.05739 0.07795 0.9953
vn -0.46964 -0.66215 0.58396
vn -0.0574 0.07797 0.9953
vn -0.22504 -0.80453 0.54963
vn -0.05741 0.07797 0.9953
vn -0.02012 -0.86329 0.50431
vn -0.05741 0.07797 0.9953
vn 0.13894 -0.8746 0.46451
vn -0.05741 0.07797 0.9953
vn 0.26268 -0.86144 0.43464
vn -0.0574 0.07797 0.9953
vn 0.36222 -0.83483 0.41456
vn -0.0574 0.07797 0.9953
vn 0.44585 -0.79918 0.40316
vn -0.05741 0.07797 0.9953
vn 0.43306 -0.8091 0.39726
vn -0.16342 0.00392 0.98655
vn -0.58614 0.70249 -0.40366
vn -0.53642 0.74335 -0.39961
vn -0.64915 0.63709 -0.41561
vn -0.70935 0.55362 -0.43626
vn -0.76555 0.44276 -0.4668
vn -0.81138 0.29021 -0.50738
vn -0.82918 0.07794 -0.55352
vn -0.78301 -0.20118 -0.58857
vn -0.63549 -0.50653 -0.58273
vn -0.40573 -0.74893 -0.52391
vn -0.16798 -0.88205 -0.4402
vn 0.02991 -0.93125 -0.36316
vn 0.1833 -0.93481 -0.30418
vn 0.3029 -0.91608 -0.26277
vn 0.39973 -0.88578 -0.23581
vn 0.48183 -0.84804 -0.22061
vn 0.49639 -0.84099 -0.21523
vn -0.0574 0.07797 0.9953
vn -0.40838 0.77519 -0.48198
vn -0.44821 0.74777 -0.48985
vn -0.3903 0.67562 0.62546
vn -0.44385 0.64066 0.62655
vn -0.31925 0.83114 -0.45528
vn -0.44386 0.64065 0.62654
vn -0.22242 0.88589 -0.4071
vn -0.44385 0.64065 0.62655
vn -0.11396 0.93667 -0.33115
vn -0.44385 0.64065 0.62655
vn 0.00939 0.97577 -0.21861
vn -0.44386 0.64066 0.62654
vn 0.14718 0.98725 -0.06067
vn -0.44385 0.64066 0.62654
vn 0.28893 0.94671 0.14236
vn -0.44385 0.64066 0.62655
vn 0.41018 0.83457 0.36776
vn -0.44385 0.64065 0.62655
vn 0.48452 0.66061 0.57344
vn -0.44385 0.64066 0.62653
vn 0.50494 0.46395 0.72786
vn -0.44385 0.64066 0.62654
vn 0.48445 0.28086 0.82851
vn -0.44385 0.64065 0.62654
vn 0.43968 0.12679 0.88916
vn -0.44385 0.64067 0.62653
vn 0.38164 0.00231 0.92431
vn -0.44385 0.64066 0.62654
vn 0.31556 -0.09742 0.94389
vn -0.44385 0.64066 0.62654
vn 0.24297 -0.17758 0.95364
vn -0.44386 0.64065 0.62654
vn 0.15863 -0.24538 0.95636
vn -0.49558 0.60307 0.62506
vn -0.07468 0.29355 -0.95302
vn -0.1402 0.25792 -0.95594
vn 0.02599 0.33281 -0.94264
vn 0.14262 0.359 -0.92238
vn 0.27944 0.36881 -0.88651
vn 0.43903 0.35562 -0.8251
vn 0.61692 0.30923 -0.72373
vn 0.79266 0.21961 -0.56874
vn 0.92774 0.08753 -0.36281
vn 0.98825 -0.06647 -0.13763
vn 0.97467 -0.21406 0.06478
vn 0.9141 -0.3393 0.22202
vn 0.83309 -0.44104 0.33384
vn 0.74667 -0.52457 0.40904
vn 0.66079 -0.59575 0.45656
vn 0.57665 -0.6592 0.48263
vn 0.50637 -0.70907 0.49073
vn -0.44385 0.64066 0.62654
vn -0.39264 0.42441 0.81591
vn 0.22332 -0.46405 0.8572
vn -0.32784 0.4713 0.81878
vn -0.26093 0.51518 0.8164
vn -0.55112 0.81327 -0.18668
vn 0.51236 -0.83833 0.18628
vn -0.30599 0.40875 -0.85982
vn -0.03245 -0.1392 -0.98973
vn 0.05741 -0.07797 -0.9953
vn 0.05741 -0.07796 -0.9953
vn 0.05741 -0.07798 -0.9953
vn 0.05742 -0.078 -0.9953
vn 0.0574 -0.07795 -0.9953
vn 0.05739 -0.07793 -0.99531
vn 0.05741 -0.07796 -0.9953
vn 0.05742 -0.07799 -0.9953
vn 0.05743 -0.078 -0.9953
vn 0.0574 -0.07797 -0.9953
vn 0.0574 -0.07796 -0.9953
vn 0.05741 -0.07797 -0.9953
vn 0.05741 -0.07797 -0.9953
vn 0.0574 -0.07796 -0.9953
vn 0.0574 -0.07796 -0.9953
vn 0.18009 0.00792 -0.98362
vn 0.25474 -0.51903 -0.81592
vn 0.38557 -0.67854 -0.62524
vn 0.32177 -0.47547 -0.81878
vn 0.06841 -0.07037 -0.99517
vn 0.38682 -0.42881 -0.81639
vn 0.44078 -0.64277 -0.62655
vn 0.49116 -0.60644 -0.62529
vn 0.44384 -0.64068 -0.62653
vn 0.44385 -0.64066 -0.62654
vn 0.44386 -0.64066 -0.62654
vn 0.44385 -0.64067 -0.62653
vn 0.44385 -0.64063 -0.62657
vn 0.44385 -0.64066 -0.62654
vn 0.44386 -0.64067 -0.62653
vn 0.44385 -0.64065 -0.62655
vn 0.44386 -0.64066 -0.62653
vn 0.44385 -0.64065 -0.62655
vn 0.44383 -0.64065 -0.62656
vn 0.44386 -0.64065 -0.62654
vn 0.44384 -0.64065 -0.62656
vn 0.44386 -0.64065 -0.62654
vn 0.44387 -0.64066 -0.62653
vn 0.96813 0.11948 0.22009
vn 0.09661 0.00638 0.9953
vn 0.10028 -0.12294 0.98734
vn 0.97584 0.03574 0.21555
vn 0.94955 0.20797 0.23475
vn 0.0966 0.00638 0.9953
vn 0.91619 0.30398 0.26113
vn 0.09661 0.00637 0.9953
vn 0.85999 0.41146 0.30186
vn 0.09661 0.00637 0.9953
vn 0.76575 0.53288 0.36009
vn 0.09662 0.00637 0.9953
vn 0.60834 0.66299 0.43632
vn 0.09663 0.00637 0.9953
vn 0.3598 0.77517 0.51928
vn 0.09661 0.00637 0.9953
vn 0.02818 0.81568 0.57782
vn 0.09659 0.00637 0.9953
vn -0.30495 0.75233 0.58395
vn 0.09661 0.00637 0.9953
vn -0.55666 0.62293 0.54963
vn 0.09661 0.00637 0.9953
vn -0.71653 0.48193 0.50431
vn 0.09661 0.00637 0.9953
vn -0.81174 0.354 0.46451
vn 0.09662 0.00638 0.9953
vn -0.8673 0.24265 0.43464
vn 0.09661 0.00637 0.9953
vn -0.89848 0.14445 0.41456
vn 0.09661 0.00637 0.9953
vn -0.91349 0.05479 0.40316
vn 0.09661 0.00638 0.9953
vn -0.91496 0.07091 0.39726
vn 0.09132 0.13558 0.98655
vn 0.90759 0.11549 -0.40366
vn 0.91523 0.0516 -0.39961
vn 0.88641 0.20381 -0.41561
vn 0.84852 0.29948 -0.43626
vn 0.78537 0.40655 -0.4668
vn 0.68154 0.52733 -0.50738
vn 0.51228 0.65665 -0.55351
vn 0.25223 0.76809 -0.58857
vn -0.08451 0.80826 -0.58273
vn -0.4125 0.74522 -0.52391
vn -0.6527 0.61661 -0.4402
vn -0.80074 0.47638 -0.36316
vn -0.88636 0.34906 -0.30418
vn -0.93499 0.2382 -0.26277
vn -0.96162 0.14029 -0.23581
vn -0.97404 0.05079 -0.22062
vn -0.97595 0.03472 -0.21523
vn 0.09661 0.00637 0.9953
vn 0.8731 -0.07344 -0.48198
vn 0.87145 -0.02511 -0.48985
vn 0.77947 -0.03504 0.62546
vn 0.77885 0.02891 0.62655
vn 0.87224 -0.17867 -0.45528
vn 0.77885 0.02892 0.62654
vn 0.86621 -0.28974 -0.4071
vn 0.77885 0.02891 0.62655
vn 0.85058 -0.40848 -0.33115
vn 0.77885 0.02891 0.62655
vn 0.81708 -0.53347 -0.21861
vn 0.77886 0.02892 0.62654
vn 0.75254 -0.65575 -0.06067
vn 0.77886 0.02891 0.62654
vn 0.64204 -0.75334 0.14236
vn 0.77885 0.02891 0.62655
vn 0.48225 -0.7951 0.36776
vn 0.77884 0.02891 0.62656
vn 0.29564 -0.76404 0.57344
vn 0.77886 0.02891 0.62653
vn 0.11895 -0.67534 0.72785
vn 0.77886 0.02891 0.62654
vn -0.02428 -0.55946 0.8285
vn 0.77885 0.02891 0.62654
vn -0.12999 -0.43874 0.88916
vn 0.77886 0.02891 0.62653
vn -0.2036 -0.3228 0.92431
vn 0.77886 0.02891 0.62654
vn -0.25204 -0.2134 0.94389
vn 0.77885 0.02891 0.62654
vn -0.28049 -0.10907 0.95364
vn 0.77885 0.02892 0.62654
vn -0.29218 -0.00149 0.95636
vn 0.77505 0.09274 0.62506
vn 0.28756 -0.09518 -0.95302
vn 0.29283 -0.02079 -0.95594
vn 0.26641 -0.20115 -0.94264
vn 0.22567 -0.31353 -0.92238
vn 0.16023 -0.43409 -0.88651
vn 0.06316 -0.56145 -0.8251
vn -0.07173 -0.68634 -0.72373
vn -0.24189 -0.78614 -0.56874
vn -0.42594 -0.82882 -0.36281
vn -0.58828 -0.79686 -0.13763
vn -0.70532 -0.70592 0.06478
vn -0.77822 -0.58744 0.22202
vn -0.82031 -0.46438 0.33383
vn -0.84414 -0.34658 0.40904
vn -0.85786 -0.23588 0.45656
vn -0.866 -0.13081 0.48263
vn -0.87016 -0.04473 0.49073
vn 0.77885 0.02891 0.62654
vn 0.56907 0.10224 0.81591
vn -0.51127 0.06178 0.8572
vn 0.57367 0.02238 0.81878
vn 0.57461 -0.05762 0.8164
vn 0.98207 0.02632 -0.18668
vn -0.9823 0.01983 0.18628
vn 0.5092 0.03766 -0.85982
vn -0.09981 0.10231 -0.98973
vn -0.09661 -0.00638 -0.9953
vn -0.09661 -0.00638 -0.9953
vn -0.09662 -0.00638 -0.9953
vn -0.09664 -0.00637 -0.9953
vn -0.09659 -0.00638 -0.9953
vn -0.09657 -0.00638 -0.99531
vn -0.09661 -0.00638 -0.9953
vn -0.09664 -0.00637 -0.9953
vn -0.09665 -0.00638 -0.9953
vn -0.09661 -0.00637 -0.9953
vn -0.0966 -0.00637 -0.9953
vn -0.09661 -0.00637 -0.9953
vn -0.09662 -0.00638 -0.9953
vn -0.09661 -0.00637 -0.9953
vn -0.0966 -0.00637 -0.9953
vn -0.09033 -0.156 -0.98362
vn -0.57451 0.06492 -0.81592
vn -0.77937 0.0406 -0.62524
vn -0.57392 -0.01502 -0.81878
vn -0.09614 -0.01973 -0.99517
vn -0.56964 -0.09496 -0.81639
vn -0.77898 -0.02519 -0.62655
vn -0.7755 -0.0872 -0.62529
vn -0.77886 -0.02889 -0.62653
vn -0.77886 -0.02891 -0.62654
vn -0.77885 -0.02891 -0.62654
vn -0.77886 -0.0289 -0.62653
vn -0.77883 -0.02892 -0.62657
vn -0.77886 -0.02891 -0.62653
vn -0.77887 -0.02891 -0.62652
vn -0.77884 -0.02891 -0.62655
vn -0.77886 -0.02892 -0.62654
vn -0.77884 -0.02891 -0.62655
vn -0.77884 -0.0289 -0.62656
vn -0.77885 -0.02892 -0.62654
vn -0.77884 -0.02891 -0.62656
vn -0.77885 -0.02893 -0.62654
vn -0.77886 -0.02892 -0.62654
vn -0.01719 -0.74953 -0.66175
vn 0.27523 -0.77803 -0.56473
vn 0.31727 -0.89687 -0.30816
vn -0.04678 -0.93035 -0.36367
vn 0.17311 -0.48935 -0.85474
vn 0.48468 -0.57199 -0.66175
vn 0.35508 -0.16951 -0.91934
vn 0.6485 -0.30957 -0.69542
vn 0.74953 -0.01718 -0.66175
vn 0.93035 -0.04678 -0.36367
vn 0.83192 -0.39713 -0.38755
vn 0.89687 0.31727 -0.30815
vn 0.77803 0.27523 -0.56473
vn 0.48935 0.17311 -0.85473
vn 0.16951 0.35508 -0.91934
vn -0.16951 -0.35508 -0.91934
vn -0.48935 -0.17311 -0.85474
vn -0.35508 0.16951 -0.91934
vn -0.17311 0.48935 -0.85474
vn 0.30958 0.6485 -0.69542
vn 0.57199 0.48468 -0.66175
vn 0.69398 0.6214 -0.36367
vn 0.39713 0.83192 -0.38755
vn 0.01719 0.74953 -0.66175
vn 0.04678 0.93035 -0.36367
vn 0.21936 0.45952 0.86065
vn 0.51113 0.46177 0.72492
vn 0.30172 0.10674 0.9474
vn 0.63896 -0.03497 0.76844
vn 0.64934 -0.30998 0.69446
vn 0.6214 -0.69398 -0.36367
vn 0.42899 -0.47483 0.76844
vn 0.10665 -0.30147 0.94749
vn -0.30957 -0.6485 -0.69542
vn -0.39713 -0.83192 -0.38755
vn -0.4393 -0.15541 0.88479
vn -0.71281 0.03901 0.70027
vn -0.93035 0.04678 -0.36367
vn -0.89687 -0.31727 -0.30815
vn -0.69398 -0.6214 -0.36367
vn -0.57199 -0.48468 -0.66175
vn -0.77803 -0.27523 -0.56473
vn -0.74953 0.01718 -0.66175
vn -0.83192 0.39713 -0.38754
vn -0.6485 0.30957 -0.69542
vn -0.45602 0.21769 0.86293
vn -0.6214 0.69398 -0.36367
vn -0.48468 0.57199 -0.66175
vn -0.27523 0.77803 -0.56473
vn -0.31728 0.89687 -0.30815
vn -0.45514 0.50378 0.7342
vn -0.14203 0.40148 0.90479
vn 0.03804 0.69508 0.71792
vn -0.03372 -0.61609 0.78696
vn -0.21182 -0.44373 0.87077
vn -0.5282 -0.4772 0.70234
vn 0.37015 -0.90252 0.22008
vn 0.44693 -0.86822 0.21554
vn 0.1563 -0.02719 0.98734
vn 0.04177 -0.08734 0.9953
vn 0.28391 -0.92967 0.23475
vn 0.04177 -0.08734 0.9953
vn 0.18387 -0.94763 0.26113
vn 0.04177 -0.08734 0.9953
vn 0.06263 -0.95129 0.30186
vn 0.04178 -0.08735 0.9953
vn -0.08938 -0.92862 0.3601
vn 0.04178 -0.08735 0.9953
vn -0.27993 -0.85514 0.43632
vn 0.04178 -0.08736 0.9953
vn -0.4995 -0.69343 0.51928
vn 0.04177 -0.08734 0.9953
vn -0.69727 -0.42418 0.57782
vn 0.04177 -0.08733 0.9953
vn -0.80526 -0.10273 0.58396
vn 0.04178 -0.08734 0.9953
vn -0.81577 0.18008 0.54963
vn 0.04178 -0.08735 0.9953
vn -0.77117 0.38853 0.50431
vn 0.04178 -0.08734 0.9953
vn -0.7063 0.53421 0.4645
vn 0.04178 -0.08735 0.9953
vn -0.63644 0.6372 0.43464
vn 0.04178 -0.08734 0.9953
vn -0.56612 0.7125 0.41456
vn 0.04178 -0.08734 0.9953
vn -0.49531 0.7695 0.40316
vn 0.04177 -0.08735 0.9953
vn -0.51008 0.76289 0.39726
vn -0.07345 -0.14603 0.98655
vn 0.34397 -0.84779 -0.40366
vn 0.40341 -0.82315 -0.3996
vn 0.25661 -0.87259 -0.41561
vn 0.15463 -0.88643 -0.43626
vn 0.03036 -0.88384 -0.4668
vn -0.12581 -0.85249 -0.50738
vn -0.32147 -0.76829 -0.55352
vn -0.54602 -0.59619 -0.58857
vn -0.74601 -0.32232 -0.58273
vn -0.85175 -0.00551 -0.52391
vn -0.85731 0.26692 -0.4402
vn -0.80758 0.46467 -0.36316
vn -0.73855 0.60168 -0.30418
vn -0.66573 0.69839 -0.26278
vn -0.59341 0.76958 -0.23581
vn -0.52148 0.82425 -0.22062
vn -0.50841 0.83379 -0.21523
vn 0.04177 -0.08734 0.9953
vn 0.49178 -0.72516 -0.48198
vn 0.35638 -0.69314 0.62654
vn 0.41243 -0.66235 0.62546
vn 0.44883 -0.74739 -0.48985
vn 0.58309 -0.67285 -0.45528
vn 0.35637 -0.69314 0.62654
vn 0.67697 -0.61318 -0.4071
vn 0.35637 -0.69314 0.62655
vn 0.77282 -0.54138 -0.33115
vn 0.35637 -0.69313 0.62655
vn 0.86536 -0.45095 -0.21861
vn 0.35637 -0.69314 0.62654
vn 0.94034 -0.33478 -0.06067
vn 0.35637 -0.69314 0.62654
vn 0.97128 -0.19063 0.14236
vn 0.35637 -0.69314 0.62655
vn 0.92941 -0.03087 0.36776
vn 0.35637 -0.69314 0.62655
vn 0.81091 0.1166 0.57344
vn 0.35638 -0.69315 0.62653
vn 0.64701 0.22717 0.72786
vn 0.35638 -0.69314 0.62654
vn 0.47581 0.29526 0.82851
vn 0.35637 -0.69314 0.62654
vn 0.3188 0.32827 0.88916
vn 0.35638 -0.69314 0.62653
vn 0.18165 0.33564 0.92431
vn 0.35637 -0.69314 0.62654
vn 0.06255 0.32427 0.94389
vn 0.35637 -0.69314 0.62654
vn -0.04233 0.29796 0.95364
vn 0.35636 -0.69314 0.62654
vn -0.14185 0.25544 0.95636
vn 0.29886 -0.72109 0.62506
vn 0.22386 -0.20405 -0.95302
vn 0.16159 -0.24509 -0.95594
vn 0.30588 -0.1337 -0.94264
vn 0.38388 -0.04312 -0.92238
vn 0.45692 0.07298 -0.88651
vn 0.52039 0.22 -0.8251
vn 0.56319 0.39879 -0.72373
vn 0.56682 0.59603 -0.56874
vn 0.51386 0.77738 -0.36281
vn 0.40646 0.90324 -0.13763
vn 0.26984 0.96072 0.06478
vn 0.13084 0.96622 0.22202
vn 0.00295 0.94263 0.33384
vn -0.11143 0.90569 0.40904
vn -0.21465 0.86341 0.45655
vn -0.31024 0.81904 0.48263
vn -0.38732 0.7805 0.49073
vn 0.35637 -0.69314 0.62654
vn 0.18967 -0.54618 0.81591
vn -0.30434 0.41544 0.8572
vn 0.26155 -0.51107 0.81878
vn 0.33175 -0.47269 0.8164
vn 0.45819 -0.86903 -0.18668
vn -0.49854 0.84661 0.18628
vn 0.21664 -0.46235 -0.85982
vn -0.04177 0.08735 -0.9953
vn -0.13809 0.03689 -0.98973
vn -0.04177 0.08734 -0.9953
vn -0.04178 0.08736 -0.9953
vn -0.0418 0.08737 -0.9953
vn -0.04176 0.08733 -0.9953
vn -0.04175 0.08732 -0.99531
vn -0.04177 0.08735 -0.9953
vn -0.04179 0.08737 -0.9953
vn -0.04179 0.08738 -0.9953
vn -0.04178 0.08734 -0.9953
vn -0.04177 0.08733 -0.9953
vn -0.04178 0.08735 -0.9953
vn -0.04178 0.08735 -0.9953
vn -0.04177 0.08734 -0.9953
vn -0.04178 0.08734 -0.9953
vn 0.09174 0.15517 -0.98362
vn -0.33806 0.46903 -0.81592
vn -0.41723 0.65954 -0.62524
vn -0.0299 0.09348 -0.99517
vn -0.26808 0.50768 -0.81878
vn -0.1963 0.54311 -0.81639
vn -0.30392 0.71878 -0.62529
vn -0.35968 0.69142 -0.62655
vn -0.35639 0.69314 -0.62653
vn -0.35638 0.69315 -0.62653
vn -0.35637 0.69314 -0.62654
vn -0.35638 0.69314 -0.62653
vn -0.35635 0.69313 -0.62657
vn -0.35638 0.69314 -0.62654
vn -0.35638 0.69315 -0.62653
vn -0.35637 0.69314 -0.62655
vn -0.35637 0.69315 -0.62653
vn -0.35637 0.69313 -0.62655
vn -0.35638 0.69312 -0.62656
vn -0.35637 0.69314 -0.62654
vn -0.35637 0.69313 -0.62656
vn -0.35636 0.69315 -0.62654
vn -0.35637 0.69315 -0.62654
vn 0.62211 0.75136 0.22009
vn 0.5557 0.80295 0.21554
vn -0.04957 0.15071 0.98734
vn 0.05741 0.07796 0.9953
vn 0.68666 0.68804 0.23476
vn 0.05741 0.07796 0.9953
vn 0.74958 0.60822 0.26113
vn 0.0574 0.07797 0.9953
vn 0.80987 0.50298 0.30186
vn 0.05741 0.07797 0.9953
vn 0.86142 0.35818 0.36009
vn 0.05741 0.07797 0.9953
vn 0.88626 0.15547 0.43632
vn 0.05741 0.07798 0.9953
vn 0.84692 -0.11437 0.51928
vn 0.0574 0.07797 0.9953
vn 0.70243 -0.41559 0.57782
vn 0.05739 0.07795 0.9953
vn 0.46964 -0.66215 0.58396
vn 0.0574 0.07797 0.9953
vn 0.22504 -0.80453 0.54963
vn 0.05741 0.07797 0.9953
vn 0.02012 -0.86329 0.50431
vn 0.05741 0.07797 0.9953
vn -0.13894 -0.8746 0.46451
vn 0.05741 0.07797 0.9953
vn -0.26268 -0.86144 0.43464
vn 0.0574 0.07797 0.9953
vn -0.36222 -0.83483 0.41456
vn 0.0574 0.07797 0.9953
vn -0.44585 -0.79918 0.40316
vn 0.05741 0.07797 0.9953
vn -0.43306 -0.8091 0.39726
vn 0.16342 0.00392 0.98655
vn 0.58614 0.70249 -0.40366
vn 0.53642 0.74335 -0.39961
vn 0.64915 0.63709 -0.41561
vn 0.70935 0.55362 -0.43626
vn 0.76555 0.44276 -0.4668
vn 0.81138 0.29021 -0.50738
vn 0.82918 0.07794 -0.55352
vn 0.78301 -0.20118 -0.58857
vn 0.63549 -0.50653 -0.58273
vn 0.40573 -0.74893 -0.52391
vn 0.16798 -0.88205 -0.4402
vn -0.02991 -0.93125 -0.36316
vn -0.1833 -0.93481 -0.30418
vn -0.3029 -0.91608 -0.26277
vn -0.39973 -0.88578 -0.23581
vn -0.48183 -0.84804 -0.22061
vn -0.49639 -0.84099 -0.21523
vn 0.0574 0.07797 0.9953
vn 0.40838 0.77519 -0.48198
vn 0.44385 0.64066 0.62655
vn 0.3903 0.67562 0.62546
vn 0.44821 0.74777 -0.48985
vn 0.31925 0.83114 -0.45528
vn 0.44386 0.64065 0.62654
vn 0.22242 0.88589 -0.4071
vn 0.44385 0.64065 0.62655
vn 0.11396 0.93667 -0.33115
vn 0.44385 0.64065 0.62655
vn -0.00939 0.97577 -0.21861
vn 0.44386 0.64066 0.62654
vn -0.14718 0.98725 -0.06067
vn 0.44385 0.64066 0.62654
vn -0.28893 0.94671 0.14236
vn 0.44385 0.64066 0.62655
vn -0.41018 0.83457 0.36776
vn 0.44385 0.64065 0.62655
vn -0.48452 0.66061 0.57344
vn 0.44385 0.64066 0.62653
vn -0.50494 0.46395 0.72786
vn 0.44385 0.64066 0.62654
vn -0.48445 0.28086 0.82851
vn 0.44385 0.64065 0.62654
vn -0.43968 0.12679 0.88916
vn 0.44385 0.64067 0.62653
vn -0.38164 0.00231 0.92431
vn 0.44385 0.64066 0.62654
vn -0.31556 -0.09742 0.94389
vn 0.44385 0.64066 0.62654
vn -0.24297 -0.17758 0.95364
vn 0.44386 0.64065 0.62654
vn -0.15863 -0.24538 0.95636
vn 0.49558 0.60307 0.62506
vn 0.07468 0.29355 -0.95302
vn 0.1402 0.25792 -0.95594
vn -0.02599 0.33281 -0.94264
vn -0.14262 0.359 -0.92238
vn -0.27944 0.36881 -0.88651
vn -0.43903 0.35562 -0.8251
vn -0.61692 0.30923 -0.72373
vn -0.79266 0.21961 -0.56874
vn -0.92774 0.08753 -0.36281
vn -0.98825 -0.06647 -0.13763
vn -0.97467 -0.21406 0.06478
vn -0.9141 -0.3393 0.22202
vn -0.83309 -0.44104 0.33384
vn -0.74667 -0.52457 0.40904
vn -0.66079 -0.59575 0.45656
vn -0.57665 -0.6592 0.48263
vn -0.50637 -0.70907 0.49073
vn 0.44385 0.64066 0.62654
vn 0.39264 0.42441 0.81591
vn -0.22332 -0.46405 0.8572
vn 0.32784 0.4713 0.81878
vn 0.26093 0.51518 0.8164
vn 0.55112 0.81327 -0.18668
vn -0.51236 -0.83833 0.18628
vn 0.30599 0.40875 -0.85982
vn -0.05741 -0.07797 -0.9953
vn 0.03245 -0.1392 -0.98973
vn -0.05741 -0.07796 -0.9953
vn -0.05741 -0.07798 -0.9953
vn -0.05742 -0.078 -0.9953
vn -0.0574 -0.07795 -0.9953
vn -0.05739 -0.07793 -0.99531
vn -0.05741 -0.07796 -0.9953
vn -0.05742 -0.07799 -0.9953
vn -0.05743 -0.078 -0.9953
vn -0.0574 -0.07797 -0.9953
vn -0.0574 -0.07796 -0.9953
vn -0.05741 -0.07797 -0.9953
vn -0.05741 -0.07797 -0.9953
vn -0.0574 -0.07796 -0.9953
vn -0.0574 -0.07796 -0.9953
vn -0.18009 0.00792 -0.98362
vn -0.25474 -0.51903 -0.81592
vn -0.38557 -0.67854 -0.62524
vn -0.06841 -0.07037 -0.99517
vn -0.32177 -0.47547 -0.81878
vn -0.38682 -0.42881 -0.81639
vn -0.49116 -0.60644 -0.62529
vn -0.44078 -0.64277 -0.62655
vn -0.44384 -0.64068 -0.62653
vn -0.44385 -0.64066 -0.62654
vn -0.44386 -0.64066 -0.62654
vn -0.44385 -0.64067 -0.62653
vn -0.44385 -0.64063 -0.62657
vn -0.44385 -0.64066 -0.62654
vn -0.44386 -0.64067 -0.62653
vn -0.44385 -0.64065 -0.62655
vn -0.44386 -0.64066 -0.62653
vn -0.44385 -0.64065 -0.62655
vn -0.44383 -0.64065 -0.62656
vn -0.44386 -0.64065 -0.62654
vn -0.44384 -0.64065 -0.62656
vn -0.44386 -0.64065 -0.62654
vn -0.44387 -0.64066 -0.62653
vn -0.96813 0.11948 0.22009
vn -0.97584 0.03574 0.21555
vn -0.10028 -0.12294 0.98734
vn -0.09661 0.00638 0.9953
vn -0.94955 0.20797 0.23475
vn -0.0966 0.00638 0.9953
vn -0.91619 0.30398 0.26113
vn -0.09661 0.00637 0.9953
vn -0.85999 0.41146 0.30186
vn -0.09661 0.00637 0.9953
vn -0.76575 0.53288 0.36009
vn -0.09662 0.00637 0.9953
vn -0.60834 0.66299 0.43632
vn -0.09663 0.00637 0.9953
vn -0.3598 0.77517 0.51928
vn -0.09661 0.00637 0.9953
vn -0.02818 0.81568 0.57782
vn -0.09659 0.00637 0.9953
vn 0.30495 0.75233 0.58395
vn -0.09661 0.00637 0.9953
vn 0.55666 0.62293 0.54963
vn -0.09661 0.00637 0.9953
vn 0.71653 0.48193 0.50431
vn -0.09661 0.00637 0.9953
vn 0.81174 0.354 0.46451
vn -0.09662 0.00638 0.9953
vn 0.8673 0.24265 0.43464
vn -0.09661 0.00637 0.9953
vn 0.89848 0.14445 0.41456
vn -0.09661 0.00637 0.9953
vn 0.91349 0.05479 0.40316
vn -0.09661 0.00638 0.9953
vn 0.91496 0.07091 0.39726
vn -0.09132 0.13558 0.98655
vn -0.90759 0.11549 -0.40366
vn -0.91523 0.0516 -0.39961
vn -0.88641 0.20381 -0.41561
vn -0.84852 0.29948 -0.43626
vn -0.78537 0.40655 -0.4668
vn -0.68154 0.52733 -0.50738
vn -0.51228 0.65665 -0.55351
vn -0.25223 0.76809 -0.58857
vn 0.08451 0.80826 -0.58273
vn 0.4125 0.74522 -0.52391
vn 0.6527 0.61661 -0.4402
vn 0.80074 0.47638 -0.36316
vn 0.88636 0.34906 -0.30418
vn 0.93499 0.2382 -0.26277
vn 0.96162 0.14029 -0.23581
vn 0.97404 0.05079 -0.22062
vn 0.97595 0.03472 -0.21523
vn -0.09661 0.00637 0.9953
vn -0.8731 -0.07344 -0.48198
vn -0.77885 0.02891 0.62655
vn -0.77947 -0.03504 0.62546
vn -0.87145 -0.02511 -0.48985
vn -0.87224 -0.17867 -0.45528
vn -0.77885 0.02892 0.62654
vn -0.86621 -0.28974 -0.4071
vn -0.77885 0.02891 0.62655
vn -0.85058 -0.40848 -0.33115
vn -0.77885 0.02891 0.62655
vn -0.81708 -0.53347 -0.21861
vn -0.77886 0.02892 0.62654
vn -0.75254 -0.65575 -0.06067
vn -0.77886 0.02891 0.62654
vn -0.64204 -0.75334 0.14236
vn -0.77885 0.02891 0.62655
vn -0.48225 -0.7951 0.36776
vn -0.77884 0.02891 0.62656
vn -0.29564 -0.76404 0.57344
vn -0.77886 0.02891 0.62653
vn -0.11895 -0.67534 0.72785
vn -0.77886 0.02891 0.62654
vn 0.02428 -0.55946 0.8285
vn -0.77885 0.02891 0.62654
vn 0.12999 -0.43874 0.88916
vn -0.77886 0.02891 0.62653
vn 0.2036 -0.3228 0.92431
vn -0.77886 0.02891 0.62654
vn 0.25204 -0.2134 0.94389
vn -0.77885 0.02891 0.62654
vn 0.28049 -0.10907 0.95364
vn -0.77885 0.02892 0.62654
vn 0.29218 -0.00149 0.95636
vn -0.77505 0.09274 0.62506
vn -0.28756 -0.09518 -0.95302
vn -0.29283 -0.02079 -0.95594
vn -0.26641 -0.20115 -0.94264
vn -0.22567 -0.31353 -0.92238
vn -0.16023 -0.43409 -0.88651
vn -0.06316 -0.56145 -0.8251
vn 0.07173 -0.68634 -0.72373
vn 0.24189 -0.78614 -0.56874
vn 0.42594 -0.82882 -0.36281
vn 0.58828 -0.79686 -0.13763
vn 0.70532 -0.70592 0.06478
vn 0.77822 -0.58744 0.22202
vn 0.82031 -0.46438 0.33383
vn 0.84414 -0.34658 0.40904
vn 0.85786 -0.23588 0.45656
vn 0.866 -0.13081 0.48263
vn 0.87016 -0.04473 0.49073
vn -0.77885 0.02891 0.62654
vn -0.56907 0.10224 0.81591
vn 0.51127 0.06178 0.8572
vn -0.57367 0.02238 0.81878
vn -0.57461 -0.05762 0.8164
vn -0.98207 0.02632 -0.18668
vn 0.9823 0.01983 0.18628
vn -0.5092 0.03766 -0.85982
vn 0.09661 -0.00638 -0.9953
vn 0.09981 0.10231 -0.98973
vn 0.09661 -0.00638 -0.9953
vn 0.09662 -0.00638 -0.9953
vn 0.09664 -0.00637 -0.9953
vn 0.09659 -0.00638 -0.9953
vn 0.09657 -0.00638 -0.99531
vn 0.09661 -0.00638 -0.9953
vn 0.09664 -0.00637 -0.9953
vn 0.09665 -0.00638 -0.9953
vn 0.09661 -0.00637 -0.9953
vn 0.0966 -0.00637 -0.9953
vn 0.09661 -0.00637 -0.9953
vn 0.09662 -0.00638 -0.9953
vn 0.09661 -0.00637 -0.9953
vn 0.0966 -0.00637 -0.9953
vn 0.09033 -0.156 -0.98362
vn 0.57451 0.06492 -0.81592
vn 0.77937 0.0406 -0.62524
vn 0.09614 -0.01973 -0.99517
vn 0.57392 -0.01502 -0.81878
vn 0.56964 -0.09496 -0.81639
vn 0.7755 -0.0872 -0.62529
vn 0.77898 -0.02519 -0.62655
vn 0.77886 -0.02889 -0.62653
vn 0.77886 -0.02891 -0.62654
vn 0.77885 -0.02891 -0.62654
vn 0.77886 -0.0289 -0.62653
vn 0.77883 -0.02892 -0.62657
vn 0.77886 -0.02891 -0.62653
vn 0.77887 -0.02891 -0.62652
vn 0.77884 -0.02891 -0.62655
vn 0.77886 -0.02892 -0.62654
vn 0.77884 -0.02891 -0.62655
vn 0.77884 -0.0289 -0.62656
vn 0.77885 -0.02892 -0.62654
vn 0.77884 -0.02891 -0.62656
vn 0.77885 -0.02893 -0.62654
vn 0.77886 -0.02892 -0.62654
vn 0 -0 1
vn -0.54628 0.3969 0.7376
vn -0.54628 0.3969 0.7376
vn -0.54628 -0.3969 0.7376
vn -0.54628 -0.3969 0.7376
vn 0.20866 -0.64219 0.7376
vn 0.20866 -0.64219 0.7376
vn 0.67524 0 0.7376
vn 0.20866 0.64219 0.7376
vn 0.20866 0.64219 0.7376
vn -0.75961 0.55189 0.34411
vn -0.75961 0.55189 0.34411
vn -0.75961 -0.55189 0.34411
vn -0.75961 -0.55189 0.34411
vn 0.29015 -0.89298 0.34411
vn 0.29015 -0.89298 0.34411
vn 0.93893 0 0.34411
vn 0.29015 0.89298 0.34411
vn 0.29015 0.89298 0.34411
vn -0.80094 0.58192 0.14092
vn -0.80094 0.58192 0.14092
vn -0.80094 -0.58192 0.14092
vn -0.80094 -0.58192 0.14092
vn 0.30593 -0.94157 0.14092
vn 0.30593 -0.94157 0.14092
vn 0.99002 0 0.14092
vn 0.30593 0.94157 0.14092
vn 0.30593 0.94157 0.14092
vn -0.80828 0.58725 0.04262
vn -0.80828 0.58725 0.04262
vn -0.80828 -0.58725 0.04262
vn -0.80828 -0.58725 0.04262
vn 0.30874 -0.95019 0.04262
vn 0.30874 -0.95019 0.04262
vn 0.99909 0 0.04262
vn 0.30874 0.95019 0.04262
vn 0.30874 0.95019 0.04262
vn -0.80631 0.58582 -0.08168
vn -0.80631 0.58582 -0.08168
vn -0.80631 -0.58582 -0.08168
vn -0.80631 -0.58582 -0.08168
vn 0.30798 -0.94788 -0.08168
vn 0.30798 -0.94788 -0.08168
vn 0.99666 0 -0.08168
vn 0.30798 0.94788 -0.08168
vn 0.30798 0.94788 -0.08168
vn -0.79294 0.5761 -0.19837
vn -0.79294 0.5761 -0.19837
vn -0.79294 -0.5761 -0.19837
vn -0.79294 -0.5761 -0.19837
vn 0.30288 -0.93216 -0.19837
vn 0.30288 -0.93216 -0.19837
vn 0.98013 0 -0.19837
vn 0.30288 0.93216 -0.19837
vn 0.30288 0.93216 -0.19837
vn -0.75697 0.54997 -0.35288
vn -0.75697 0.54997 -0.35287
vn -0.75697 -0.54997 -0.35287
vn -0.75697 -0.54997 -0.35288
vn 0.28914 -0.88988 -0.35287
vn 0.28914 -0.88988 -0.35287
vn 0.93567 0 -0.35287
vn 0.28914 0.88988 -0.35287
vn 0.28914 0.88988 -0.35287
vn -0.6686 0.48576 -0.56304
vn -0.6686 0.48576 -0.56304
vn -0.6686 -0.48576 -0.56304
vn -0.6686 -0.48576 -0.56304
vn 0.25538 -0.78598 -0.56304
vn 0.25538 -0.78598 -0.56304
vn 0.82643 0 -0.56304
vn 0.25538 0.78598 -0.56304
vn 0.25538 0.78598 -0.56304
vn -0 0 -1
vn 0.99418 0.10057 -0.03853
vn -0.99418 0.10057 -0.03853
vn -0.99405 0.10056 0.04176
vn 0.99405 0.10056 0.04176
vn 0.99492 -0.10065 0
vn 0.99418 -0.10057 -0.03853
vn -0.99418 -0.10057 -0.03853
vn -0.99492 -0.10065 0
vn 0.95705 0.16266 0.23998
vn -0.95705 0.16266 0.23998
vn -0.94473 -0.29596 0.141
vn 0.94473 -0.29596 0.141
vn -0.8994 -0.09099 -0.42755
vn 0.8994 -0.09099 -0.42755
vn -0.8994 0.09099 -0.42755
vn 0.8994 0.09099 -0.42755
vn 0.99597 -0.04068 0.07989
vn 0.99464 0.04 0.0954
vn -0.99464 0.04 0.0954
vn -0.99597 -0.04068 0.07989
vn 1 0 0
vn -1 0 0
vn 0.85843 0.51293 0
vn -0.85843 0.51293 0
vn -0.62427 0.37302 0.6864
vn 0.62427 0.37302 0.6864
vn -0.79652 -0.57794 -0.1776
vn 0.79652 -0.57794 -0.1776
vn 0.60462 -0.43871 0.6648
vn -0.60462 -0.43871 0.6648
vn -0.95243 0 -0.30475
vn 0.95243 0 -0.30475
vn -0.82777 0.49462 -0.26486
vn 0.82777 0.49462 -0.26486
vn 0.12554 -0.90775 -0.40029
vn -0.12554 -0.90775 -0.40029
vn -0.10057 0.99418 -0.03853
vn -0.10057 -0.99418 -0.03853
vn -0.10056 -0.99405 0.04176
vn -0.10056 0.99405 0.04176
vn 0.10065 0.99492 0
vn 0.10057 0.99418 -0.03853
vn 0.10057 -0.99418 -0.03853
vn 0.10065 -0.99492 -0
vn -0.16266 0.95705 0.23998
vn -0.16266 -0.95705 0.23998
vn 0.29596 -0.94473 0.141
vn 0.29596 0.94473 0.141
vn 0.09099 -0.8994 -0.42755
vn 0.09099 0.8994 -0.42755
vn -0.09099 -0.8994 -0.42755
vn -0.09099 0.8994 -0.42755
vn 0.04068 0.99597 0.07989
vn -0.04 0.99464 0.0954
vn -0.04 -0.99464 0.09539
vn 0.04068 -0.99597 0.07989
vn -0 1 0
vn -0 1 0
vn 0 -1 -0
vn 0 -1 -0
vn -0.51293 0.85843 -0
vn -0.51293 -0.85843 -0
vn -0.37302 -0.62427 0.6864
vn -0.37302 0.62427 0.6864
vn 0.57794 -0.79652 -0.1776
vn 0.57794 0.79652 -0.1776
vn 0.43871 0.60462 0.6648
vn 0.43871 -0.60462 0.6648
vn 0 -0.95243 -0.30475
vn 0 0.95243 -0.30475
vn -0 0.95243 -0.30475
vn 0 -0.95243 -0.30475
vn -0.49462 -0.82777 -0.26486
vn -0.49462 0.82777 -0.26486
vn 0.90775 0.12554 -0.40029
vn 0.90775 -0.12554 -0.40029
vn -0.99418 -0.10057 -0.03853
vn 0.99418 -0.10057 -0.03853
vn 0.99405 -0.10056 0.04176
vn -0.99405 -0.10056 0.04176
vn -0.99492 0.10065 0
vn -0.99418 0.10057 -0.03853
vn 0.99418 0.10057 -0.03853
vn 0.99492 0.10065 0
vn -0.95705 -0.16266 0.23998
vn 0.95705 -0.16266 0.23998
vn 0.94473 0.29596 0.141
vn -0.94473 0.29596 0.141
vn 0.8994 0.09099 -0.42755
vn -0.8994 0.09099 -0.42755
vn 0.8994 -0.09099 -0.42755
vn -0.8994 -0.09099 -0.42755
vn -0.99597 0.04068 0.07989
vn -0.99464 -0.04 0.0954
vn 0.99464 -0.04 0.0954
vn 0.99597 0.04068 0.07989
vn -1 -0 0
vn -1 -0 -0
vn 1 0 0
vn 1 0 0
vn -0.85843 -0.51293 -0
vn 0.85843 -0.51293 -0
vn 0.62427 -0.37302 0.6864
vn -0.62427 -0.37302 0.6864
vn 0.79652 0.57794 -0.1776
vn -0.79652 0.57794 -0.1776
vn -0.60462 0.43871 0.6648
vn 0.60462 0.43871 0.6648
vn 0.95243 0 -0.30475
vn -0.95243 0 -0.30475
vn -0.95243 0 -0.30475
vn 0.95243 0 -0.30475
vn 0.82777 -0.49462 -0.26486
vn -0.82777 -0.49462 -0.26486
vn -0.12554 0.90775 -0.40029
vn 0.12554 0.90775 -0.40029
vn 0.10057 -0.99418 -0.03853
vn 0.10057 0.99418 -0.03853
vn 0.10056 0.99405 0.04176
vn 0.10056 -0.99405 0.04176
vn -0.10065 -0.99492 -0
vn -0.10057 -0.99418 -0.03853
vn -0.10057 0.99418 -0.03853
vn -0.10065 0.99492 0
vn 0.16266 -0.95705 0.23998
vn 0.16266 0.95705 0.23998
vn -0.29596 0.94473 0.141
vn -0.29596 -0.94473 0.141
vn -0.09099 0.8994 -0.42755
vn -0.09099 -0.8994 -0.42755
vn 0.09099 0.8994 -0.42755
vn 0.09099 -0.8994 -0.42755
vn -0.04068 -0.99597 0.07989
vn 0.04 -0.99464 0.09539
vn 0.04 0.99464 0.0954
vn -0.04068 0.99597 0.07989
vn 0 -1 -0
vn 0 -1 -0
vn -0 1 0
vn -0 1 0
vn 0.51293 -0.85843 -0
vn 0.51293 0.85843 -0
vn 0.37302 0.62427 0.6864
vn 0.37302 -0.62427 0.6864
vn -0.57794 0.79652 -0.1776
vn -0.57794 -0.79652 -0.1776
vn -0.43871 -0.60462 0.6648
vn -0.43871 0.60462 0.6648
vn -0 0.95243 -0.30475
vn 0 -0.95243 -0.30475
vn -0 -0.95243 -0.30475
vn -0 0.95243 -0.30475
vn 0.49462 0.82777 -0.26486
vn 0.49462 -0.82777 -0.26486
vn -0.90775 -0.12554 -0.40029
vn -0.90775 0.12554 -0.40029
vn 0 1 0
vn 0 0.95619 0.29275
vn 0.0552 0.95543 0.29002
vn 0.15251 0.92742 0.34152
vn 0.24009 0.92155 0.30513
vn 0.32391 0.92935 0.17717
vn 0.43507 0.8961 0.08784
vn 0.52992 0.84805 -0
vn 0.58018 0.81449 0
vn 0.58018 0.81449 0
vn 0.52992 0.84805 -0
vn 0.52992 0.84805 -0
vn 0.52992 0.84805 -0
vn 0.52992 0.84805 -0
vn 0.52992 0.84805 0
vn 0.42715 0.90006 -0.08625
vn 0.25325 0.94602 -0.20229
vn 0.15227 0.95627 -0.24973
vn 0.07854 0.96014 -0.26824
vn 0 0.96155 -0.27464
vn -0.07854 0.96014 -0.26824
vn -0.15227 0.95627 -0.24973
vn -0.25325 0.94602 -0.20229
vn -0.42715 0.90006 -0.08624
vn -0.52992 0.84805 0
vn -0.52992 0.84805 0
vn -0.52992 0.84805 0
vn -0.52992 0.84805 0
vn -0.52992 0.84805 0
vn -0.58018 0.81449 0
vn -0.58018 0.81449 0
vn -0.52992 0.84805 0
vn -0.43507 0.8961 0.08784
vn -0.32391 0.92935 0.17717
vn -0.24009 0.92155 0.30513
vn -0.1525 0.92742 0.34152
vn -0.0552 0.95543 0.29002
vn 0.09153 -0.43817 0.89422
vn 0 -0.45985 0.88799
vn 0.43304 -0.3963 0.80959
vn 0.46903 -0.36384 0.80476
vn 0.19742 0.92531 0.32377
vn 0.44623 -0.40279 0.79915
vn 0.95807 -0.1936 0.21124
vn 0.87571 -0.24891 0.41374
vn 0.98164 -0.137 0.13271
vn 0.99452 -0.04358 -0.09499
vn 0.99241 -0.08658 0.08736
vn 0.99618 -0.08738 -0
vn 0.99618 -0.08738 0
vn 0.99533 -0.0592 -0.07619
vn 0.99876 -0.03534 0.03492
vn 1 -0 -0
vn 0.97631 -0.02211 -0.21526
vn 0.75037 -0.09256 -0.65451
vn 0.48223 -0.14698 -0.86363
vn 0.25483 -0.17857 -0.95035
vn 0 -0.19034 -0.98172
vn -0.25483 -0.17857 -0.95035
vn -0.48223 -0.14698 -0.86363
vn -0.75037 -0.09256 -0.65451
vn -0.97631 -0.02211 -0.21526
vn -1 0 0
vn -0.99876 -0.03534 0.03492
vn -0.99618 -0.08738 0
vn -0.99533 -0.0592 -0.07619
vn -0.99241 -0.08658 0.08736
vn -0.99511 0.02697 -0.09505
vn -0.99896 -0.0456 0
vn -0.95807 -0.1936 0.21124
vn -0.98164 -0.137 0.13272
vn -0.87571 -0.24891 0.41374
vn -0.46903 -0.36384 0.80475
vn -0.43303 -0.3963 0.80959
vn -0.19742 0.92531 0.32377
vn -0.44623 -0.40279 0.79915
vn -0.09153 -0.43817 0.89422
vn 0.44844 -0.28618 0.84676
vn 0.07158 -0.32506 0.94298
vn 0.98491 0.12106 -0.12364
vn 0.98212 0.07057 0.17451
vn 1 -0 -0
vn 0.99835 0.03683 0.04396
vn 0.97311 -0.02353 -0.22912
vn 0.72836 -0.09595 -0.67845
vn 0.45818 -0.14913 -0.87626
vn 0.23959 -0.17929 -0.95418
vn 0 -0.19034 -0.98172
vn -0.23959 -0.17929 -0.95418
vn -0.45818 -0.14913 -0.87626
vn -0.72836 -0.09595 -0.67845
vn -0.97311 -0.02353 -0.22912
vn -1 0 0
vn -0.99835 0.03683 0.04396
vn -0.99126 0.06527 0.11468
vn -0.98924 0.10702 -0.09978
vn -0.4442 -0.25836 0.85786
vn -0.90233 -0.04774 0.42839
vn 0.13727 -0.3857 0.91236
vn 0 -0.30857 0.9512
vn 0 -0.39404 0.91909
vn 0.3095 -0.36784 0.87687
vn 0.5024 -0.30824 0.80782
vn 0.4442 -0.25837 0.85787
vn 0.44882 -0.2485 0.85837
vn 0.40786 -0.34276 0.84626
vn 0.96552 -0.08325 0.24664
vn 0.97061 0.07546 0.22853
vn 0.90233 -0.04774 0.42839
vn 0.80407 -0.20937 0.55645
vn 1 0 -0
vn 0.99126 0.06527 0.11468
vn 0.99399 0.10944 -0
vn 1 0 -0
vn 0.99399 0.10944 0
vn 0.98924 0.10702 -0.09978
vn 1 0 -0
vn 1 -0 -0
vn 0.96857 -0.02541 -0.24742
vn 0.69985 -0.10002 -0.70725
vn 0.42914 -0.15154 -0.89043
vn 0.22179 -0.18007 -0.95832
vn 0 -0.19034 -0.98172
vn -0.2218 -0.18007 -0.95832
vn -0.42914 -0.15154 -0.89043
vn -0.69985 -0.10002 -0.70725
vn -0.96857 -0.02541 -0.24742
vn -1 0 0
vn -1 -0 0
vn -0.99399 0.10944 0
vn -1 -0 0
vn -0.98491 0.12106 -0.12364
vn -0.99399 0.10944 0
vn -1 -0 0
vn -0.96552 -0.08325 0.24664
vn -0.97061 0.07546 0.22853
vn -0.98212 0.07057 0.17451
vn -0.80407 -0.20937 0.55645
vn -0.5024 -0.30824 0.80782
vn -0.3095 -0.36784 0.87687
vn -0.44844 -0.28617 0.84676
vn -0.44882 -0.2485 0.85837
vn -0.40786 -0.34277 0.84626
vn -0.07158 -0.32506 0.94298
vn -0.13727 -0.3857 0.91236
vn 0 -0.61356 -0.78964
vn 0 -1 0
vn 0 0.73143 -0.68192
vn 0 -0.71126 0.70293
vn 0 0.64218 0.76656
vn 0 -0.71126 0.70293
vn 0 0.64218 0.76656
vn 0 -0.61356 -0.78964
vn 0 0.73143 -0.68192
vn 0 -0.70391 0.71029
vn 0 0.49464 0.8691
vn 0 0.27299 -0.96202
vn 0 0.6996 -0.71454
vn 0 -0.41698 -0.90892
vn 0 0.6996 -0.71454
vn 0 -0.70391 0.71029
vn 0.39127 -0.28422 -0.87529
vn -0.08513 -0.99636 0.00386
vn 0.0852 0.99636 -0.00412
vn 0.42881 0.66601 -0.61037
vn 0 -0.69888 0.71524
vn 0 0.34606 0.93821
vn 0.08513 -0.99636 0.00386
vn -0.0852 0.99636 -0.00412
vn -0.39127 -0.28422 -0.87529
vn -0.42881 0.66601 -0.61037
vn -0.16774 -0.94232 -0.28965
vn -0.75155 -0.59183 0.29139
vn -0.70839 0.33011 0.62387
vn 0.15956 0.94237 0.29408
vn 0.16774 -0.94232 -0.28965
vn -0.81204 -0.35106 -0.4662
vn -0.84112 0.52846 -0.11512
vn -0.15957 0.94237 0.29408
vn 0.81204 -0.35106 -0.4662
vn 0.84111 0.52847 -0.11515
vn 0.75155 -0.59183 0.29139
vn 0.70839 0.33011 0.62387
vn 0 -0.92009 -0.3917
vn -0.84266 -0.52589 -0.11558
vn -0.82658 0.47169 0.30705
vn 0 0.92009 0.3917
vn 0.84266 -0.52589 -0.11559
vn 0.82658 0.47169 0.30705
vn -0.00881 -0.99818 0.05966
vn 0 -0.9982 0.05999
vn -0.02436 -0.99722 0.07036
vn -0.03975 -0.99708 0.06514
vn -0.05648 -0.99761 0.03984
vn -0.08217 -0.99639 0.02139
vn -0.10978 -0.99396 0
vn -0.12493 -0.99217 0
vn -0.12493 -0.99217 0
vn -0.10978 -0.99396 0
vn -0.10978 -0.99396 0
vn -0.10978 -0.99396 0
vn -0.10978 -0.99396 0
vn -0.08258 -0.99635 -0.0215
vn -0.04553 -0.99786 -0.04689
vn -0.02664 -0.99806 -0.05633
vn -0.01356 -0.99812 -0.05971
vn 0 -0.99815 -0.06084
vn 0.01356 -0.99812 -0.05971
vn 0.02664 -0.99806 -0.05633
vn 0.04553 -0.99786 -0.04689
vn 0.08258 -0.99635 -0.0215
vn 0.10978 -0.99396 0
vn 0.10978 -0.99396 -0
vn 0.10978 -0.99396 -0
vn 0.10978 -0.99396 0
vn 0.12493 -0.99217 -0
vn 0.12493 -0.99217 0
vn 0.10978 -0.99396 0
vn 0.08217 -0.99639 0.02139
vn 0.05648 -0.99761 0.03984
vn 0.03975 -0.99708 0.06514
vn 0.02436 -0.99722 0.07035
vn 0.00881 -0.99818 0.05966
vn -0.12493 -0.99217 0
vn 0.12493 -0.99217 -0
vn -0.03203 -0.99719 0.06774
vn 0.03203 -0.99719 0.06774
vn 0.13727 -0.3857 0.91236
vn 0 -0.39404 0.91909
vn 0.3095 -0.36784 0.87687
vn 0.5024 -0.30824 0.80782
vn 0.40786 -0.34276 0.84626
vn 0.96552 -0.08325 0.24664
vn 0.80407 -0.20937 0.55645
vn 1 0 -0
vn 1 0 -0
vn 1 0 -0
vn 1 -0 -0
vn 0.96857 -0.02541 -0.24742
vn 0.69985 -0.10002 -0.70725
vn 0.42914 -0.15154 -0.89043
vn 0.22179 -0.18007 -0.95832
vn 0 -0.19034 -0.98172
vn -0.2218 -0.18007 -0.95832
vn -0.42914 -0.15154 -0.89043
vn -0.69985 -0.10002 -0.70725
vn -0.96857 -0.02541 -0.24742
vn -1 0 0
vn -1 -0 0
vn -1 -0 0
vn -1 -0 0
vn -0.96552 -0.08325 0.24664
vn -0.80407 -0.20937 0.55645
vn -0.5024 -0.30824 0.80782
vn -0.3095 -0.36784 0.87687
vn -0.13727 -0.3857 0.91236
vn -1 -0 0
vn -1 -0 0
vn -1 -0 0
vn -1 -0 0
vn 0.97054 -0.07706 0.2283
vn 0.97426 -0.07209 0.21357
vn 0.88135 -0.16638 0.44219
vn 0.86671 -0.17566 0.46686
vn 0.99994 0.00303 -0.01045
vn 0.99995 0.00283 -0.00974
vn -0.33271 -0.36479 0.86962
vn -0.35302 -0.36192 0.86278
vn -0.45991 -0.33335 0.82302
vn -0.43587 -0.33787 0.83418
vn -0.55877 -0.29564 0.77484
vn -0.53305 -0.30162 0.7905
vn 1 0 -0
vn 1 0 -0
vn 1 0 -0
vn 1 0 -0
vn -0.97054 -0.07706 0.2283
vn -0.97426 -0.07209 0.21357
vn -0.99995 0.00283 -0.00974
vn -0.99994 0.00303 -0.01045
vn -0.86671 -0.17566 0.46686
vn -0.88135 -0.16638 0.4422
vn 0.53304 -0.30162 0.7905
vn 0.55876 -0.29565 0.77484
vn 0.45991 -0.33335 0.82302
vn 0.43587 -0.33787 0.83418
vn 0.35303 -0.36192 0.86278
vn 0.33272 -0.36479 0.86961
vn 0.1137 -0.38686 0.9151
vn 0.12147 -0.3865 0.91426
vn -0.12147 -0.3865 0.91426
vn -0.1137 -0.38686 0.9151
vn -0.31618 -0.71836 -0.61967
vn 0 -0.78203 -0.62324
vn -0.57632 -0.54238 -0.6113
vn -0.74308 -0.28965 -0.60327
vn -0.79998 0 -0.60003
vn -0.39241 -0.89159 -0.22602
vn 0 -0.97365 -0.22806
vn -0.71016 -0.66833 -0.22138
vn -0.90951 -0.35455 -0.21698
vn -0.97656 0 -0.21526
vn -0.40081 -0.91062 -0.10061
vn 0 -0.99483 -0.10156
vn -0.72468 -0.68201 -0.09846
vn -0.92737 -0.3615 -0.09644
vn -0.99542 0 -0.09562
vn -0.40208 -0.91352 -0.06181
vn 0 -0.99855 -0.0539
vn -0.7263 -0.68353 -0.07263
vn -0.9286 -0.36198 -0.08167
vn -0.99637 0 -0.08514
vn -0.38084 -0.91943 0.09799
vn -0.38246 -0.92333 -0.03444
vn 0 -0.99965 -0.02651
vn 0 -0.99518 0.09803
vn -0.7037 -0.7037 0.098
vn -0.70636 -0.70636 -0.04584
vn -0.91943 -0.38084 0.098
vn -0.92244 -0.38209 -0.0558
vn -0.99518 0 0.09804
vn -0.99821 0 -0.05976
vn -0.38936 -0.91881 -0.06473
vn 0 -0.9985 -0.05484
vn -0.7129 -0.69684 -0.0787
vn -0.92309 -0.37374 -0.09071
vn -0.99544 0 -0.09542
vn 0.70019 -0.64166 -0.31305
vn 0.99818 0 -0.06037
vn 0.93011 0.36257 -0.05857
vn 0.40541 0.85967 -0.31083
vn 0.72714 0.68431 -0.05455
vn 0.72754 0.68378 -0.05595
vn 0.4023 0.91404 -0.05179
vn 0.37057 0.92731 -0.05264
vn 0 0.99855 -0.0539
vn 0 0.9985 -0.05484
vn -0.31617 0.71836 -0.61967
vn 0 0.78203 -0.62324
vn -0.57632 0.54238 -0.6113
vn -0.74308 0.28966 -0.60327
vn -0.39242 0.89158 -0.22602
vn 0 0.97365 -0.22804
vn -0.71016 0.66833 -0.22137
vn -0.90951 0.35456 -0.21698
vn -0.40079 0.91063 -0.10061
vn 0 0.99483 -0.10156
vn -0.72468 0.68201 -0.09847
vn -0.92737 0.36151 -0.09644
vn -0.40207 0.91352 -0.06181
vn -0.7263 0.68353 -0.07263
vn -0.9286 0.36198 -0.08167
vn -0.38084 0.91943 0.098
vn 0 0.99518 0.09804
vn 0 0.99965 -0.0265
vn -0.38246 0.92333 -0.03444
vn -0.7037 0.7037 0.098
vn -0.70636 0.70637 -0.04584
vn -0.91943 0.38084 0.09802
vn -0.92243 0.3821 -0.0558
vn -0.38936 0.91881 -0.06473
vn -0.7129 0.69684 -0.0787
vn -0.92309 0.37374 -0.09072
vn 0.31618 -0.71836 -0.61967
vn 0.57633 -0.54237 -0.6113
vn 0.74307 -0.28967 -0.60327
vn 0.79999 0 -0.60001
vn 0.39241 -0.89159 -0.22602
vn 0.71016 -0.66833 -0.22139
vn 0.90951 -0.35453 -0.217
vn 0.97656 0 -0.21526
vn 0.4008 -0.91062 -0.10061
vn 0.72468 -0.68201 -0.09846
vn 0.92737 -0.3615 -0.09643
vn 0.99542 0 -0.09564
vn 0.4023 -0.91404 -0.05179
vn 0.72714 -0.68431 -0.05455
vn 0.93012 -0.36257 -0.05857
vn 0.38084 -0.91943 0.09802
vn 0.38257 -0.9236 -0.02453
vn 0.7037 -0.7037 0.09805
vn 0.70684 -0.70684 -0.02752
vn 0.91942 -0.38085 0.09805
vn 0.92341 -0.38248 -0.03191
vn 0.99519 0 0.09798
vn 0.47399 -0.81083 0.34335
vn 0.38964 -0.91947 -0.05237
vn 0.71399 -0.6979 -0.0561
vn 0.92516 -0.37457 -0.06148
vn 0.31617 0.71836 -0.61967
vn 0.57633 0.54237 -0.6113
vn 0.74307 0.28967 -0.60327
vn 0.39241 0.89159 -0.22602
vn 0.71016 0.66833 -0.22138
vn 0.90951 0.35454 -0.217
vn 0.40079 0.91063 -0.10061
vn 0.72468 0.68201 -0.09847
vn 0.92737 0.36151 -0.09643
vn 0.38084 0.91943 0.09802
vn 0.34044 0.94008 -0.01863
vn 0.7037 0.7037 0.09805
vn 0.73912 0.67326 -0.02063
vn 0.91942 0.38085 0.09808
vn 0.13085 0.92923 0.34556
vn 0.02682 0.9133 -0.40641
vn 0.36994 -0.83439 -0.40859
vn 0.42841 -0.82135 0.37664
vn 0.08525 0.92152 0.37886
vn 0.31618 -0.71836 -0.61967
vn 0.57632 -0.54238 -0.6113
vn 0.74308 -0.28965 -0.60327
vn 0.79998 0 -0.60003
vn 0.39241 -0.89159 -0.22602
vn 0.71016 -0.66833 -0.22138
vn 0.90951 -0.35455 -0.21698
vn 0.40081 -0.91062 -0.10061
vn 0.92737 -0.3615 -0.09644
vn 0.99542 0 -0.09562
vn 0.40208 -0.91352 -0.06181
vn 0.7263 -0.68353 -0.07263
vn 0.9286 -0.36198 -0.08167
vn 0.99637 0 -0.08514
vn 0.38084 -0.91943 0.09799
vn 0.38246 -0.92333 -0.03444
vn 0.7037 -0.7037 0.098
vn 0.70636 -0.70636 -0.04584
vn 0.91943 -0.38084 0.098
vn 0.92244 -0.38209 -0.0558
vn 0.99518 0 0.09804
vn 0.99821 0 -0.05976
vn 0.38936 -0.91881 -0.06473
vn 0.7129 -0.69684 -0.0787
vn 0.92309 -0.37374 -0.09071
vn 0.99544 0 -0.09542
vn -0.70019 -0.64166 -0.31305
vn -0.40541 0.85967 -0.31083
vn -0.93011 0.36257 -0.05857
vn -0.99818 0 -0.06037
vn -0.72754 0.68378 -0.05595
vn -0.72714 0.68431 -0.05455
vn -0.37057 0.92731 -0.05264
vn -0.4023 0.91404 -0.05179
vn 0.31617 0.71836 -0.61967
vn 0.57632 0.54238 -0.6113
vn 0.74308 0.28966 -0.60327
vn 0.39242 0.89158 -0.22602
vn 0.71016 0.66833 -0.22137
vn 0.90951 0.35456 -0.21698
vn 0.40079 0.91063 -0.10061
vn 0.92737 0.36151 -0.09644
vn 0.40207 0.91352 -0.06181
vn 0.7263 0.68353 -0.07263
vn 0.9286 0.36198 -0.08167
vn 0.38084 0.91943 0.098
vn 0.38246 0.92333 -0.03444
vn 0.7037 0.7037 0.098
vn 0.70636 0.70637 -0.04584
vn 0.91943 0.38084 0.09802
vn 0.92243 0.3821 -0.0558
vn 0.38936 0.91881 -0.06473
vn 0.7129 0.69684 -0.0787
vn 0.92309 0.37374 -0.09072
vn -0.31618 -0.71836 -0.61967
vn -0.57633 -0.54237 -0.6113
vn -0.74307 -0.28967 -0.60327
vn -0.79999 0 -0.60001
vn -0.39241 -0.89159 -0.22602
vn -0.71016 -0.66833 -0.22139
vn -0.90951 -0.35453 -0.217
vn -0.4008 -0.91062 -0.10061
vn -0.92737 -0.3615 -0.09643
vn -0.99542 0 -0.09564
vn -0.4023 -0.91404 -0.05179
vn -0.72714 -0.68431 -0.05455
vn -0.93012 -0.36257 -0.05857
vn -0.38084 -0.91943 0.09802
vn -0.38257 -0.9236 -0.02453
vn -0.7037 -0.7037 0.09805
vn -0.70684 -0.70684 -0.02752
vn -0.91942 -0.38085 0.09805
vn -0.92341 -0.38248 -0.03191
vn -0.99519 0 0.09798
vn -0.47399 -0.81083 0.34335
vn -0.38964 -0.91947 -0.05237
vn -0.71399 -0.6979 -0.0561
vn -0.92516 -0.37457 -0.06148
vn -0.31617 0.71836 -0.61967
vn -0.57633 0.54237 -0.6113
vn -0.74307 0.28967 -0.60327
vn -0.39241 0.89159 -0.22602
vn -0.71016 0.66833 -0.22138
vn -0.90951 0.35454 -0.217
vn -0.40079 0.91063 -0.10061
vn -0.92737 0.36151 -0.09643
vn -0.38084 0.91943 0.09802
vn -0.34044 0.94008 -0.01863
vn -0.7037 0.7037 0.09805
vn -0.73912 0.67326 -0.02063
vn -0.91942 0.38085 0.09808
vn -0.13085 0.92923 0.34556
vn -0.02682 0.9133 -0.40641
vn -0.36994 -0.83439 -0.40859
vn -0.42841 -0.82135 0.37664
vn -0.08525 0.92152 0.37886
vn -0.69769 0.59801 0.39448
vn -0.72176 0.56015 -0.40656
vn 0.81391 -0.42344 0.39781
vn 0.79027 -0.46137 -0.40325
vn -0.79027 -0.46137 -0.40325
vn 0.72176 0.56015 -0.40656
vn -0.81391 -0.42344 0.39781
vn 0.69769 0.59801 0.39448
vn 0.80719 -0.43509 0.39894
vn 0.78261 -0.47455 -0.4029
vn -0.7311 0.54816 -0.40622
vn -0.70601 0.5874 0.3956
vn -0.80719 -0.43509 0.39894
vn 0.70601 0.5874 0.3956
vn 0.7311 0.54816 -0.40622
vn -0.78261 -0.47455 -0.4029
vn -0 0 1
vn -0.20866 0.64219 0.7376
vn -0.20866 0.64219 0.7376
vn -0.67524 -0 0.7376
vn -0.67524 -0 0.7376
vn -0.20866 -0.64219 0.7376
vn -0.20866 -0.64219 0.7376
vn 0.54628 -0.39689 0.7376
vn 0.54628 -0.39689 0.7376
vn 0.54628 0.3969 0.7376
vn 0.54628 0.3969 0.7376
vn -0.29015 0.89298 0.34411
vn -0.29015 0.89298 0.34411
vn -0.93893 0 0.34411
vn -0.93893 0 0.34411
vn -0.29015 -0.89298 0.34411
vn -0.29015 -0.89298 0.34411
vn 0.75961 -0.55189 0.34411
vn 0.75961 -0.55189 0.34411
vn 0.75961 0.55189 0.34411
vn 0.75961 0.55189 0.34411
vn -0.30593 0.94157 0.14092
vn -0.30593 0.94157 0.14092
vn -0.99002 0 0.14092
vn -0.30593 -0.94157 0.14092
vn -0.30593 -0.94157 0.14092
vn 0.80094 -0.58192 0.14092
vn 0.80094 -0.58192 0.14092
vn 0.80094 0.58192 0.14092
vn 0.80094 0.58192 0.14092
vn -0.30874 0.95019 0.04262
vn -0.30874 0.95019 0.04262
vn -0.99909 0 0.04262
vn -0.30874 -0.95019 0.04262
vn -0.30874 -0.95019 0.04262
vn 0.80828 -0.58725 0.04262
vn 0.80828 -0.58725 0.04262
vn 0.80828 0.58725 0.04262
vn 0.80828 0.58725 0.04262
vn -0.30799 0.94788 -0.08168
vn -0.30799 0.94788 -0.08168
vn -0.99666 0 -0.08168
vn -0.30799 -0.94788 -0.08168
vn -0.30799 -0.94788 -0.08168
vn 0.80631 -0.58582 -0.08168
vn 0.80631 -0.58582 -0.08168
vn 0.80631 0.58582 -0.08168
vn 0.80631 0.58582 -0.08168
vn -0.30288 0.93216 -0.19837
vn -0.30288 0.93216 -0.19837
vn -0.98013 0 -0.19837
vn -0.30288 -0.93216 -0.19837
vn -0.30288 -0.93216 -0.19837
vn 0.79294 -0.5761 -0.19837
vn 0.79294 -0.5761 -0.19837
vn 0.79294 0.5761 -0.19837
vn 0.79294 0.5761 -0.19837
vn -0.28914 0.88988 -0.35287
vn -0.28914 0.88988 -0.35287
vn -0.93567 0 -0.35287
vn -0.28914 -0.88988 -0.35287
vn -0.28914 -0.88988 -0.35287
vn 0.75697 -0.54997 -0.35288
vn 0.75697 -0.54997 -0.35287
vn 0.75697 0.54997 -0.35287
vn 0.75697 0.54997 -0.35288
vn -0.25538 0.78598 -0.56304
vn -0.25538 0.78598 -0.56304
vn -0.82643 0 -0.56304
vn -0.25538 -0.78598 -0.56304
vn -0.25538 -0.78598 -0.56304
vn 0.6686 -0.48576 -0.56304
vn 0.6686 -0.48576 -0.56304
vn 0.6686 0.48576 -0.56304
vn 0.6686 0.48576 -0.56304
vn 0 0 -1
vn 0.38266 0 0.92389
vn 0.55556 0 0.83148
vn 0.51327 0.21261 0.83147
vn 0.35354 0.14645 0.92388
vn 0.39284 0.39283 0.83148
vn 0.27058 0.27058 0.92389
vn 0.21259 0.51328 0.83147
vn 0.14645 0.35354 0.92389
vn 0 0.55556 0.83148
vn 0 0.38268 0.92388
vn -0.35354 -0.85355 0.3827
vn -0.3662 -0.8841 0.29029
vn 0 -0.95694 0.2903
vn 0 -0.92388 0.38268
vn -0.65328 -0.65328 0.38269
vn -0.67666 -0.67666 0.29028
vn -0.85355 -0.35354 0.3827
vn -0.88409 -0.3662 0.29032
vn -0.92388 0 0.38268
vn -0.95694 0 0.29029
vn -0.3182 -0.76819 0.55555
vn 0 -0.83148 0.55555
vn -0.58793 -0.58793 0.55558
vn -0.7682 -0.3182 0.55554
vn -0.83147 0 0.55557
vn -0.27062 -0.65329 0.70709
vn 0 -0.70711 0.70711
vn -0.50001 -0.50001 0.7071
vn -0.6533 -0.27061 0.70709
vn -0.70711 0 0.70711
vn -0.21259 -0.51327 0.83148
vn 0 -0.55555 0.83148
vn -0.39285 -0.39285 0.83146
vn -0.51326 -0.2126 0.83149
vn -0.55556 0 0.83148
vn -0.14643 -0.35355 0.92389
vn 0 -0.38268 0.92388
vn -0.2706 -0.27058 0.92389
vn -0.35354 -0.14642 0.92389
vn -0.38268 0 0.92388
vn -0.07466 -0.18024 0.98078
vn 0 -0.1951 0.98078
vn -0.13795 -0.13795 0.98078
vn -0.18025 -0.07466 0.98078
vn -0.1951 0 0.98078
vn 0.70712 0 0.70709
vn 0.65328 0.2706 0.7071
vn 0.50001 0.50001 0.70709
vn 0.2706 0.6533 0.70709
vn 0 0.70711 0.70711
vn -0.35354 0.85355 0.3827
vn 0 0.92388 0.38268
vn 0 0.95694 0.29029
vn -0.3662 0.8841 0.29029
vn -0.65328 0.65328 0.38269
vn -0.67666 0.67666 0.29028
vn -0.85355 0.35355 0.3827
vn -0.88409 0.3662 0.29032
vn -0.3182 0.76819 0.55555
vn 0 0.83148 0.55555
vn -0.58794 0.58794 0.55557
vn -0.76819 0.3182 0.55554
vn -0.2706 0.6533 0.70709
vn -0.50001 0.50001 0.7071
vn -0.6533 0.27061 0.70709
vn -0.21259 0.51327 0.83148
vn -0.39284 0.39285 0.83147
vn -0.51326 0.2126 0.83148
vn -0.14644 0.35354 0.92389
vn -0.27059 0.27059 0.92389
vn -0.35354 0.14643 0.92389
vn -0.07466 0.18025 0.98078
vn 0 0.1951 0.98078
vn -0.13796 0.13796 0.98078
vn -0.18025 0.07467 0.98078
vn 0.18025 0.07467 0.98078
vn 0.1951 0 0.98078
vn 0.13796 0.13796 0.98078
vn 0.07467 0.18025 0.98078
vn 0.83147 0 0.55557
vn 0.76818 0.3182 0.55556
vn 0.58795 0.58795 0.55555
vn 0.3182 0.76818 0.55556
vn 0.35355 -0.85355 0.38269
vn 0.36621 -0.8841 0.29027
vn 0.65328 -0.65328 0.38269
vn 0.67666 -0.67666 0.29028
vn 0.85355 -0.35356 0.38267
vn 0.8841 -0.36622 0.29027
vn 0.92387 0 0.3827
vn 0.95694 0 0.29029
vn 0.3182 -0.76818 0.55556
vn 0.58794 -0.58794 0.55557
vn 0.76818 -0.31819 0.55556
vn 0.27062 -0.65329 0.70709
vn 0.50001 -0.50001 0.70709
vn 0.65328 -0.2706 0.7071
vn 0.21259 -0.51328 0.83147
vn 0.39285 -0.39284 0.83147
vn 0.51327 -0.2126 0.83148
vn 0.14643 -0.35354 0.92389
vn 0.27059 -0.27057 0.92389
vn 0.35355 -0.14644 0.92388
vn 0.07467 -0.18024 0.98078
vn 0.13796 -0.13796 0.98078
vn 0.18025 -0.07466 0.98078
vn 0.85355 0.35357 0.38267
vn 0.65328 0.65328 0.38269
vn 0.35355 0.85355 0.38269
vn 0.36621 0.8841 0.29027
vn 0.67666 0.67666 0.29028
vn 0.88409 0.36622 0.29027
vn -0.38266 0 0.92389
vn -0.35354 0.14645 0.92388
vn -0.51327 0.21261 0.83147
vn -0.27058 0.27058 0.92389
vn -0.39284 0.39283 0.83148
vn -0.14645 0.35354 0.92389
vn -0.21259 0.51328 0.83147
vn 0.35354 -0.85355 0.3827
vn 0.3662 -0.8841 0.29029
vn 0.67666 -0.67666 0.29028
vn 0.85355 -0.35354 0.3827
vn 0.88409 -0.3662 0.29032
vn 0.92388 0 0.38268
vn 0.3182 -0.76819 0.55555
vn 0.58793 -0.58793 0.55558
vn 0.7682 -0.3182 0.55554
vn 0.50001 -0.50001 0.7071
vn 0.6533 -0.27061 0.70709
vn 0.70711 0 0.70711
vn 0.21259 -0.51327 0.83148
vn 0.39285 -0.39285 0.83146
vn 0.51326 -0.2126 0.83149
vn 0.14643 -0.35355 0.92389
vn 0.2706 -0.27058 0.92389
vn 0.35354 -0.14642 0.92389
vn 0.38268 0 0.92388
vn 0.07466 -0.18024 0.98078
vn 0.13795 -0.13795 0.98078
vn 0.18025 -0.07466 0.98078
vn -0.65328 0.2706 0.7071
vn -0.70712 0 0.70709
vn -0.50001 0.50001 0.70709
vn 0.35354 0.85355 0.3827
vn 0.3662 0.8841 0.29029
vn 0.67666 0.67666 0.29028
vn 0.85355 0.35355 0.3827
vn 0.88409 0.3662 0.29032
vn 0.3182 0.76819 0.55555
vn 0.58794 0.58794 0.55557
vn 0.76819 0.3182 0.55554
vn 0.50001 0.50001 0.7071
vn 0.6533 0.27061 0.70709
vn 0.21259 0.51327 0.83148
vn 0.39284 0.39285 0.83147
vn 0.51326 0.2126 0.83148
vn 0.14644 0.35354 0.92389
vn 0.27059 0.27059 0.92389
vn 0.35354 0.14643 0.92389
vn 0.07466 0.18025 0.98078
vn 0.13796 0.13796 0.98078
vn 0.18025 0.07467 0.98078
vn -0.18025 0.07467 0.98078
vn -0.13796 0.13796 0.98078
vn -0.07467 0.18025 0.98078
vn -0.76818 0.3182 0.55556
vn -0.58795 0.58795 0.55555
vn -0.3182 0.76818 0.55556
vn -0.35355 -0.85355 0.38269
vn -0.36621 -0.8841 0.29027
vn -0.67666 -0.67666 0.29028
vn -0.85355 -0.35356 0.38267
vn -0.8841 -0.36622 0.29027
vn -0.92387 0 0.3827
vn -0.3182 -0.76818 0.55556
vn -0.58794 -0.58794 0.55557
vn -0.76818 -0.31819 0.55556
vn -0.50001 -0.50001 0.70709
vn -0.65328 -0.2706 0.7071
vn -0.21259 -0.51328 0.83147
vn -0.39285 -0.39284 0.83147
vn -0.51327 -0.2126 0.83148
vn -0.14643 -0.35354 0.92389
vn -0.27059 -0.27057 0.92389
vn -0.35355 -0.14644 0.92388
vn -0.07467 -0.18024 0.98078
vn -0.13796 -0.13796 0.98078
vn -0.18025 -0.07466 0.98078
vn -0.85355 0.35357 0.38267
vn -0.35355 0.85355 0.38269
vn -0.36621 0.8841 0.29027
vn -0.67666 0.67666 0.29028
vn -0.88409 0.36622 0.29027
vt 0.31122 0.96331
vt 0.31007 0.96414
vt 0.31011 0.96259
vt 0.31099 0.9622
vt 0.31209 0.96116
vt 0.31113 0.96062
vt 0.31105 0.95782
vt 0.31017 0.9587
vt 0.30917 0.95975
vt 0.30796 0.95869
vt 0.30842 0.95755
vt 0.30645 0.95841
vt 0.30691 0.95762
vt 0.30779 0.95656
vt 0.30445 0.95641
vt 0.30526 0.95464
vt 0.31386 0.96379
vt 0.31154 0.96887
vt 0.31052 0.96781
vt 0.31204 0.96451
vt 0.30109 0.95774
vt 0.30007 0.95663
vt 0.30354 0.95739
vt 0.30568 0.95732
vt 0.30491 0.95832
vt 0.30313 0.95881
vt 0.30154 0.96009
vt 0.3014 0.95877
vt 0.30334 0.96015
vt 0.30475 0.95961
vt 0.30604 0.95955
vt 0.30725 0.95986
vt 0.30817 0.96075
vt 0.31012 0.96107
vt 0.30887 0.96176
vt 0.30897 0.96303
vt 0.311 0.96538
vt 0.30946 0.96582
vt 0.3054 0.96759
vt 0.30628 0.96836
vt 0.30403 0.96866
vt 0.30351 0.96765
vt 0.30947 0.96739
vt 0.30805 0.96726
vt 0.30718 0.96924
vt 0.30772 0.9684
vt 0.30634 0.97055
vt 0.30085 0.96735
vt 0.30156 0.9665
vt 0.29979 0.96407
vt 0.29805 0.96167
vt 0.29941 0.96087
vt 0.30025 0.96054
vt 0.30047 0.96181
vt 0.30092 0.96441
vt 0.30122 0.96262
vt 0.30209 0.96116
vt 0.30877 0.96433
vt 0.30803 0.96568
vt 0.30688 0.96683
vt 0.30678 0.96195
vt 0.30678 0.96422
vt 0.30585 0.96579
vt 0.30396 0.96628
vt 0.3025 0.96473
vt 0.30288 0.96259
vt 0.30442 0.96139
vt 0.3045 0.9639
vt 0.31973 0.96102
vt 0.31926 0.9611
vt 0.31893 0.96054
vt 0.31936 0.96035
vt 0.32013 0.96167
vt 0.3196 0.96165
vt 0.32053 0.96229
vt 0.31994 0.96219
vt 0.3209 0.96285
vt 0.32025 0.96271
vt 0.32123 0.96333
vt 0.32051 0.96319
vt 0.32149 0.96372
vt 0.32069 0.96363
vt 0.3217 0.96405
vt 0.32078 0.96401
vt 0.32186 0.96434
vt 0.32077 0.96433
vt 0.32197 0.96464
vt 0.32062 0.96457
vt 0.322 0.96499
vt 0.3203 0.96471
vt 0.32579 0.96308
vt 0.32654 0.9624
vt 0.32667 0.96287
vt 0.3257 0.96367
vt 0.32589 0.9624
vt 0.32648 0.96183
vt 0.32598 0.96162
vt 0.32648 0.96117
vt 0.32607 0.96077
vt 0.32653 0.96046
vt 0.32616 0.95986
vt 0.3266 0.95972
vt 0.32623 0.95892
vt 0.32669 0.95897
vt 0.32096 0.96045
vt 0.32067 0.95975
vt 0.32126 0.9611
vt 0.32158 0.96171
vt 0.32189 0.96224
vt 0.32219 0.96268
vt 0.32248 0.96303
vt 0.32277 0.96329
vt 0.32307 0.96346
vt 0.32343 0.96357
vt 0.32392 0.9636
vt 0.32426 0.96298
vt 0.32452 0.96229
vt 0.32468 0.96154
vt 0.32478 0.96074
vt 0.32483 0.9599
vt 0.32484 0.95905
vt 0.3174 0.96133
vt 0.32833 0.95918
vt 0.31706 0.94251
vt 0.31687 0.94342
vt 0.31633 0.94331
vt 0.31654 0.94255
vt 0.31732 0.94161
vt 0.31677 0.94177
vt 0.31767 0.94073
vt 0.31702 0.94101
vt 0.3181 0.9399
vt 0.31727 0.94028
vt 0.31868 0.93914
vt 0.31746 0.93962
vt 0.31948 0.93845
vt 0.31755 0.93906
vt 0.32005 0.93851
vt 0.32178 0.93765
vt 0.32161 0.93794
vt 0.32053 0.93866
vt 0.32165 0.93825
vt 0.32098 0.93888
vt 0.32183 0.9386
vt 0.32141 0.93915
vt 0.32212 0.93898
vt 0.32185 0.93949
vt 0.32249 0.9394
vt 0.32231 0.9399
vt 0.32292 0.93986
vt 0.32279 0.94039
vt 0.32337 0.94034
vt 0.32328 0.94093
vt 0.32381 0.94083
vt 0.32374 0.94152
vt 0.32423 0.94133
vt 0.32415 0.94212
vt 0.32462 0.94184
vt 0.31825 0.94274
vt 0.31818 0.94351
vt 0.31839 0.94198
vt 0.31859 0.94127
vt 0.31885 0.94063
vt 0.31917 0.94011
vt 0.31952 0.93974
vt 0.31988 0.93964
vt 0.32022 0.93967
vt 0.32056 0.93979
vt 0.3209 0.94
vt 0.32125 0.94028
vt 0.32162 0.94065
vt 0.32199 0.94109
vt 0.32234 0.9416
vt 0.32267 0.94217
vt 0.32295 0.94278
vt 0.31437 0.94298
vt 0.32633 0.94067
vt 0.32671 0.95086
vt 0.3261 0.95093
vt 0.32892 0.95062
vt 0.31703 0.95274
vt 0.3148 0.95308
vt 0.31764 0.95263
vt 0.32474 0.95124
vt 0.319 0.95232
vt 0.32111 0.95962
vt 0.32133 0.96018
vt 0.32157 0.96072
vt 0.32183 0.96121
vt 0.3221 0.96165
vt 0.32238 0.96203
vt 0.32267 0.96232
vt 0.32296 0.96253
vt 0.32326 0.96262
vt 0.32355 0.9626
vt 0.3238 0.96241
vt 0.32401 0.96206
vt 0.32418 0.9616
vt 0.32429 0.96104
vt 0.32436 0.96042
vt 0.32439 0.95976
vt 0.32438 0.95909
vt 0.31963 0.95222
vt 0.31871 0.94352
vt 0.32188 0.95184
vt 0.32275 0.95928
vt 0.32413 0.95138
vt 0.3206 0.94341
vt 0.32245 0.94297
vt 0.32225 0.94247
vt 0.32201 0.94201
vt 0.32173 0.9416
vt 0.32144 0.94123
vt 0.32113 0.94092
vt 0.32082 0.94069
vt 0.3205 0.94054
vt 0.32019 0.94047
vt 0.31988 0.9405
vt 0.3196 0.94065
vt 0.31935 0.94093
vt 0.31913 0.94132
vt 0.31874 0.94292
vt 0.31883 0.94233
vt 0.31896 0.94179
vt 0.94207 0.8094
vt 0.94253 0.80936
vt 0.94285 0.81002
vt 0.94242 0.81017
vt 0.94165 0.80863
vt 0.94217 0.80871
vt 0.94119 0.8079
vt 0.94179 0.80808
vt 0.94069 0.80724
vt 0.94143 0.80747
vt 0.94015 0.80669
vt 0.94112 0.80691
vt 0.93955 0.80626
vt 0.9409 0.80642
vt 0.93888 0.80596
vt 0.94081 0.80603
vt 0.93843 0.80617
vt 0.9368 0.80616
vt 0.93662 0.80593
vt 0.93801 0.80642
vt 0.93682 0.80649
vt 0.93761 0.80675
vt 0.93673 0.80691
vt 0.93723 0.80718
vt 0.93654 0.80741
vt 0.93687 0.80773
vt 0.93629 0.80799
vt 0.93652 0.80839
vt 0.93599 0.8086
vt 0.93617 0.80912
vt 0.93568 0.80925
vt 0.93584 0.80991
vt 0.93539 0.80991
vt 0.93556 0.81075
vt 0.93512 0.81057
vt 0.94087 0.80994
vt 0.94109 0.81067
vt 0.94061 0.80924
vt 0.94032 0.80861
vt 0.94 0.80806
vt 0.93967 0.80763
vt 0.93934 0.80732
vt 0.93902 0.80716
vt 0.93875 0.80718
vt 0.93848 0.80732
vt 0.93822 0.80756
vt 0.93796 0.8079
vt 0.93771 0.80835
vt 0.93747 0.80891
vt 0.93726 0.80955
vt 0.93707 0.81024
vt 0.93693 0.81095
vt 0.94446 0.80944
vt 0.93358 0.80988
vt 0.94234 0.82787
vt 0.94256 0.82716
vt 0.9431 0.82734
vt 0.94287 0.82793
vt 0.94208 0.82855
vt 0.94264 0.82851
vt 0.94181 0.82918
vt 0.9424 0.82908
vt 0.94155 0.82976
vt 0.94218 0.82963
vt 0.94132 0.83028
vt 0.94198 0.83015
vt 0.94111 0.83072
vt 0.94183 0.83063
vt 0.94094 0.8311
vt 0.94175 0.83106
vt 0.9408 0.83145
vt 0.94174 0.83143
vt 0.9407 0.83178
vt 0.94183 0.83174
vt 0.94065 0.83214
vt 0.94206 0.83196
vt 0.94069 0.83257
vt 0.9425 0.83205
vt 0.93606 0.8311
vt 0.93634 0.83179
vt 0.93518 0.83131
vt 0.93517 0.83071
vt 0.93578 0.83033
vt 0.93505 0.83003
vt 0.93549 0.82951
vt 0.93486 0.82933
vt 0.9352 0.82865
vt 0.93464 0.82862
vt 0.93493 0.8278
vt 0.9344 0.82791
vt 0.94108 0.82764
vt 0.9412 0.82699
vt 0.94092 0.82827
vt 0.94073 0.82886
vt 0.94053 0.8294
vt 0.94032 0.82988
vt 0.94011 0.83028
vt 0.93988 0.83062
vt 0.93963 0.8309
vt 0.93932 0.83113
vt 0.93889 0.83132
vt 0.93821 0.83142
vt 0.93759 0.83072
vt 0.93712 0.82997
vt 0.93676 0.82918
vt 0.93648 0.82835
vt 0.93626 0.8275
vt 0.94498 0.82813
vt 0.93239 0.82827
vt 0.93387 0.81857
vt 0.93449 0.81862
vt 0.93164 0.81838
vt 0.94373 0.81808
vt 0.946 0.81802
vt 0.9431 0.81811
vt 0.93587 0.81856
vt 0.94171 0.81827
vt 0.94064 0.81077
vt 0.9405 0.8102
vt 0.94031 0.80966
vt 0.9401 0.80916
vt 0.93987 0.80874
vt 0.93963 0.8084
vt 0.93937 0.80816
vt 0.93911 0.80802
vt 0.93885 0.80801
vt 0.9386 0.8081
vt 0.93836 0.80829
vt 0.93814 0.80858
vt 0.93794 0.80895
vt 0.93776 0.8094
vt 0.9376 0.8099
vt 0.93748 0.81044
vt 0.93739 0.811
vt 0.94108 0.81829
vt 0.94065 0.82696
vt 0.93877 0.8184
vt 0.93903 0.81102
vt 0.93649 0.81852
vt 0.93867 0.8271
vt 0.93678 0.82741
vt 0.93695 0.82809
vt 0.93717 0.82874
vt 0.93743 0.82933
vt 0.93773 0.82984
vt 0.93808 0.83023
vt 0.93844 0.83042
vt 0.93879 0.83041
vt 0.93911 0.83029
vt 0.93941 0.83007
vt 0.93967 0.82977
vt 0.93991 0.8294
vt 0.94012 0.82898
vt 0.94057 0.82749
vt 0.94045 0.82802
vt 0.9403 0.82851
vt 0.9539 0.79665
vt 0.95398 0.79713
vt 0.95343 0.79749
vt 0.95323 0.79708
vt 0.95456 0.79623
vt 0.95453 0.79678
vt 0.95519 0.79583
vt 0.95507 0.79647
vt 0.95577 0.7955
vt 0.95559 0.7962
vt 0.95628 0.79524
vt 0.95607 0.79601
vt 0.95672 0.79506
vt 0.9565 0.79591
vt 0.9571 0.79495
vt 0.95687 0.7959
vt 0.95746 0.79491
vt 0.95718 0.79601
vt 0.95784 0.79491
vt 0.95739 0.79624
vt 0.95514 0.78981
vt 0.9543 0.78924
vt 0.95458 0.78897
vt 0.95559 0.78967
vt 0.95463 0.78994
vt 0.9539 0.78946
vt 0.95403 0.79007
vt 0.9534 0.78965
vt 0.95332 0.79019
vt 0.9528 0.78979
vt 0.95253 0.79029
vt 0.95214 0.7899
vt 0.95168 0.79039
vt 0.95145 0.78998
vt 0.95077 0.7905
vt 0.95074 0.79003
vt 0.95328 0.79544
vt 0.95255 0.79584
vt 0.95398 0.79504
vt 0.95463 0.79466
vt 0.95521 0.79432
vt 0.95571 0.79402
vt 0.95613 0.79378
vt 0.9565 0.79359
vt 0.95685 0.79345
vt 0.95717 0.79325
vt 0.95546 0.79129
vt 0.95592 0.79122
vt 0.95494 0.79136
vt 0.95433 0.79142
vt 0.95362 0.79149
vt 0.95285 0.79158
vt 0.95202 0.7917
vt 0.95119 0.79185
vt 0.95427 0.79896
vt 0.95066 0.78838
vt 0.93602 0.80203
vt 0.93688 0.80198
vt 0.93691 0.80254
vt 0.9362 0.80254
vt 0.93517 0.80204
vt 0.93549 0.80256
vt 0.93437 0.80204
vt 0.93481 0.80259
vt 0.93361 0.80204
vt 0.93417 0.80264
vt 0.93293 0.80204
vt 0.93361 0.80275
vt 0.93233 0.80207
vt 0.93314 0.80292
vt 0.93181 0.80215
vt 0.93279 0.80318
vt 0.93043 0.79827
vt 0.93006 0.79859
vt 0.92961 0.79732
vt 0.92998 0.79711
vt 0.93072 0.79788
vt 0.93034 0.79664
vt 0.93102 0.79749
vt 0.93081 0.79651
vt 0.9314 0.79709
vt 0.93132 0.79627
vt 0.93187 0.79666
vt 0.93186 0.79593
vt 0.93243 0.7962
vt 0.93242 0.79554
vt 0.93305 0.79571
vt 0.93298 0.79512
vt 0.93371 0.79523
vt 0.93355 0.7947
vt 0.93438 0.79477
vt 0.93411 0.79429
vt 0.93582 0.80076
vt 0.93661 0.80066
vt 0.93504 0.80081
vt 0.93427 0.80081
vt 0.93354 0.80076
vt 0.93287 0.80063
vt 0.93224 0.8004
vt 0.93166 0.80003
vt 0.93165 0.79946
vt 0.93176 0.79896
vt 0.93196 0.7985
vt 0.93227 0.79805
vt 0.93267 0.79762
vt 0.93317 0.79718
vt 0.93374 0.79675
vt 0.93438 0.79634
vt 0.93506 0.79596
vt 0.93698 0.80453
vt 0.93265 0.80354
vt 0.93263 0.80394
vt 0.93306 0.79251
vt 0.9428 0.79122
vt 0.94294 0.79181
vt 0.9423 0.78905
vt 0.946 0.8004
vt 0.94667 0.80255
vt 0.94581 0.79981
vt 0.94342 0.7931
vt 0.9453 0.79852
vt 0.95239 0.79541
vt 0.95298 0.79509
vt 0.95356 0.79476
vt 0.9541 0.79442
vt 0.95459 0.79408
vt 0.955 0.79372
vt 0.95532 0.79337
vt 0.95552 0.79302
vt 0.95593 0.79282
vt 0.95617 0.79257
vt 0.95527 0.79236
vt 0.95491 0.79217
vt 0.95446 0.79204
vt 0.95391 0.79199
vt 0.9533 0.792
vt 0.95265 0.79206
vt 0.95198 0.79216
vt 0.95132 0.79229
vt 0.94511 0.79793
vt 0.93649 0.80014
vt 0.9444 0.7958
vt 0.95183 0.79385
vt 0.94364 0.79368
vt 0.93595 0.79828
vt 0.93527 0.79646
vt 0.93472 0.79674
vt 0.93421 0.79707
vt 0.93374 0.79742
vt 0.93333 0.79779
vt 0.93301 0.79818
vt 0.93278 0.79857
vt 0.93265 0.79896
vt 0.93265 0.79933
vt 0.93278 0.79967
vt 0.93308 0.79992
vt 0.93351 0.80011
vt 0.93403 0.80023
vt 0.95546 0.79267
vt 0.93585 0.80024
vt 0.93522 0.80028
vt 0.9346 0.80028
vt 0.516 0.85265
vt 0.5166 0.85361
vt 0.51569 0.85394
vt 0.51458 0.85286
vt 0.51811 0.85358
vt 0.5178 0.85464
vt 0.5197 0.8567
vt 0.51846 0.85669
vt 0.51801 0.85874
vt 0.51688 0.85823
vt 0.51701 0.85663
vt 0.51599 0.85949
vt 0.51688 0.85973
vt 0.51825 0.85988
vt 0.51777 0.86302
vt 0.51596 0.86232
vt 0.51755 0.85047
vt 0.51574 0.85122
vt 0.51235 0.84992
vt 0.51234 0.84845
vt 0.51266 0.86522
vt 0.51262 0.86371
vt 0.51462 0.86225
vt 0.5162 0.86081
vt 0.51496 0.86063
vt 0.51334 0.86153
vt 0.51212 0.86276
vt 0.51131 0.86171
vt 0.51256 0.86041
vt 0.51394 0.85981
vt 0.5149 0.85896
vt 0.51556 0.85789
vt 0.5156 0.85662
vt 0.51677 0.85502
vt 0.51539 0.8554
vt 0.51458 0.85443
vt 0.51439 0.85133
vt 0.51298 0.85208
vt 0.50884 0.85364
vt 0.50744 0.85492
vt 0.50711 0.85384
vt 0.50893 0.85248
vt 0.51096 0.85204
vt 0.51189 0.85096
vt 0.50994 0.85145
vt 0.50896 0.85122
vt 0.50575 0.85699
vt 0.50745 0.85087
vt 0.50685 0.85711
vt 0.50728 0.86009
vt 0.50923 0.86264
vt 0.50771 0.86302
vt 0.51007 0.86229
vt 0.50934 0.86123
vt 0.50785 0.85905
vt 0.50931 0.86013
vt 0.51095 0.86056
vt 0.51352 0.85363
vt 0.51206 0.85318
vt 0.51043 0.85316
vt 0.51376 0.85672
vt 0.51217 0.8551
vt 0.51041 0.85463
vt 0.50872 0.85559
vt 0.50876 0.85772
vt 0.51052 0.85899
vt 0.51246 0.85878
vt 0.51077 0.85692
vt 0.34243 0.92874
vt 0.34318 0.92861
vt 0.3433 0.92907
vt 0.34266 0.92916
vt 0.34166 0.92884
vt 0.34202 0.92924
vt 0.34093 0.92892
vt 0.34138 0.92931
vt 0.34026 0.92898
vt 0.34078 0.9294
vt 0.33969 0.92902
vt 0.34024 0.9295
vt 0.33921 0.92907
vt 0.33979 0.92963
vt 0.33883 0.92911
vt 0.33944 0.9298
vt 0.3385 0.92917
vt 0.3392 0.93001
vt 0.3382 0.92927
vt 0.3391 0.93028
vt 0.33791 0.92946
vt 0.33919 0.93061
vt 0.33703 0.92531
vt 0.33662 0.92575
vt 0.33664 0.92449
vt 0.33709 0.9243
vt 0.33749 0.92481
vt 0.33757 0.92399
vt 0.33804 0.92425
vt 0.33808 0.92357
vt 0.33865 0.92365
vt 0.33861 0.92309
vt 0.3393 0.92301
vt 0.33914 0.92257
vt 0.34 0.92237
vt 0.33966 0.92203
vt 0.34211 0.92743
vt 0.34283 0.92722
vt 0.3414 0.9276
vt 0.34073 0.92774
vt 0.34012 0.92783
vt 0.33959 0.92787
vt 0.33913 0.92786
vt 0.33876 0.9278
vt 0.33843 0.92767
vt 0.33812 0.92746
vt 0.3378 0.92709
vt 0.33806 0.92644
vt 0.33843 0.92581
vt 0.33891 0.92521
vt 0.33948 0.92463
vt 0.34011 0.92407
vt 0.34076 0.92353
vt 0.34364 0.93076
vt 0.33848 0.92089
vt 0.35854 0.91924
vt 0.35883 0.91967
vt 0.35836 0.92031
vt 0.35794 0.91996
vt 0.35907 0.91847
vt 0.35928 0.919
vt 0.35954 0.91765
vt 0.35972 0.91833
vt 0.35991 0.91679
vt 0.36014 0.91768
vt 0.36014 0.91586
vt 0.36053 0.91712
vt 0.36018 0.91481
vt 0.36091 0.91669
vt 0.35977 0.9144
vt 0.35925 0.91283
vt 0.35937 0.91252
vt 0.35935 0.91412
vt 0.35898 0.913
vt 0.35891 0.91391
vt 0.3586 0.91307
vt 0.35843 0.91374
vt 0.35812 0.91309
vt 0.35789 0.91361
vt 0.35755 0.91306
vt 0.35727 0.91351
vt 0.35693 0.91301
vt 0.35659 0.91344
vt 0.35627 0.91296
vt 0.35587 0.9134
vt 0.35561 0.91292
vt 0.35512 0.91341
vt 0.35496 0.91291
vt 0.35439 0.91347
vt 0.35432 0.91293
vt 0.35761 0.91845
vt 0.35705 0.91899
vt 0.35811 0.91787
vt 0.35854 0.91727
vt 0.35887 0.91667
vt 0.35908 0.91609
vt 0.35915 0.91559
vt 0.359 0.91525
vt 0.35876 0.915
vt 0.35845 0.91481
vt 0.35808 0.91467
vt 0.35764 0.91457
vt 0.35713 0.91452
vt 0.35655 0.91451
vt 0.35593 0.91455
vt 0.35528 0.91465
vt 0.35463 0.91481
vt 0.35985 0.92164
vt 0.35416 0.91086
vt 0.34597 0.91694
vt 0.34631 0.91746
vt 0.34478 0.91507
vt 0.35058 0.92567
vt 0.35171 0.92762
vt 0.35027 0.92513
vt 0.34691 0.91871
vt 0.34966 0.92387
vt 0.34208 0.92698
vt 0.34265 0.92679
vt 0.34151 0.92712
vt 0.34096 0.92723
vt 0.34045 0.9273
vt 0.33998 0.92731
vt 0.33957 0.92727
vt 0.33923 0.92717
vt 0.33896 0.927
vt 0.3388 0.92676
vt 0.3388 0.92644
vt 0.33893 0.92606
vt 0.33919 0.92564
vt 0.33956 0.9252
vt 0.34 0.92476
vt 0.34049 0.92433
vt 0.34102 0.92391
vt 0.34935 0.92332
vt 0.35671 0.91859
vt 0.34189 0.92531
vt 0.34824 0.92132
vt 0.34719 0.91928
vt 0.3548 0.91532
vt 0.35561 0.91705
vt 0.35531 0.91517
vt 0.35582 0.91507
vt 0.35631 0.91502
vt 0.35678 0.91502
vt 0.35722 0.91507
vt 0.3576 0.91517
vt 0.35792 0.91532
vt 0.35816 0.91552
vt 0.35833 0.91578
vt 0.35839 0.9161
vt 0.35833 0.91647
vt 0.35816 0.91688
vt 0.35716 0.91818
vt 0.35756 0.91775
vt 0.3579 0.91731
vt 0.97036 0.81245
vt 0.96963 0.81201
vt 0.96983 0.81159
vt 0.97044 0.81199
vt 0.97107 0.81295
vt 0.97104 0.81242
vt 0.97174 0.81349
vt 0.97164 0.81287
vt 0.97234 0.81406
vt 0.9722 0.81329
vt 0.97283 0.81466
vt 0.97272 0.81367
vt 0.97318 0.8153
vt 0.97318 0.81394
vt 0.9734 0.816
vt 0.97356 0.81407
vt 0.97315 0.81643
vt 0.97317 0.81825
vt 0.97297 0.81805
vt 0.97285 0.81682
vt 0.97265 0.81799
vt 0.97248 0.81718
vt 0.97222 0.81803
vt 0.97201 0.81751
vt 0.9717 0.81816
vt 0.97142 0.8178
vt 0.9711 0.81835
vt 0.97072 0.81807
vt 0.97045 0.81857
vt 0.96995 0.81834
vt 0.96977 0.81881
vt 0.96913 0.81858
vt 0.96908 0.81902
vt 0.96827 0.81875
vt 0.96839 0.81921
vt 0.96968 0.81357
vt 0.96897 0.81327
vt 0.97034 0.81391
vt 0.97094 0.81427
vt 0.97144 0.81465
vt 0.97184 0.81503
vt 0.97211 0.81539
vt 0.97223 0.81572
vt 0.97217 0.816
vt 0.97201 0.81624
vt 0.97174 0.81648
vt 0.97137 0.81669
vt 0.97089 0.81689
vt 0.97032 0.81706
vt 0.96966 0.8172
vt 0.96895 0.81731
vt 0.96822 0.81737
vt 0.97059 0.81006
vt 0.96891 0.82082
vt 0.95203 0.81006
vt 0.95204 0.80953
vt 0.95265 0.80937
vt 0.95276 0.80992
vt 0.95133 0.81024
vt 0.95144 0.80969
vt 0.95067 0.81044
vt 0.95084 0.80986
vt 0.95006 0.81063
vt 0.95027 0.81003
vt 0.94953 0.81081
vt 0.94973 0.81016
vt 0.94907 0.81096
vt 0.94924 0.81025
vt 0.94867 0.81108
vt 0.9488 0.81029
vt 0.94831 0.81119
vt 0.94843 0.81025
vt 0.94796 0.81125
vt 0.94814 0.81013
vt 0.9476 0.81126
vt 0.94794 0.80988
vt 0.94718 0.81117
vt 0.9479 0.80943
vt 0.94811 0.81593
vt 0.9484 0.81686
vt 0.9478 0.81678
vt 0.94745 0.81558
vt 0.94884 0.8163
vt 0.94905 0.81706
vt 0.94963 0.81668
vt 0.94973 0.81733
vt 0.95044 0.81706
vt 0.95041 0.81763
vt 0.95126 0.81743
vt 0.95109 0.81795
vt 0.95212 0.81134
vt 0.95278 0.8113
vt 0.95148 0.81143
vt 0.95086 0.81155
vt 0.9503 0.81169
vt 0.94981 0.81184
vt 0.94938 0.81201
vt 0.94902 0.8122
vt 0.94872 0.81241
vt 0.94845 0.81269
vt 0.94822 0.8131
vt 0.94803 0.81376
vt 0.94866 0.81446
vt 0.94935 0.81501
vt 0.9501 0.81546
vt 0.95089 0.81583
vt 0.95171 0.81615
vt 0.95208 0.80741
vt 0.9505 0.8199
vt 0.96031 0.81954
vt 0.96033 0.81892
vt 0.96024 0.82177
vt 0.96192 0.8098
vt 0.96224 0.80756
vt 0.96182 0.81042
vt 0.96055 0.81756
vt 0.9615 0.81179
vt 0.96938 0.81391
vt 0.96883 0.8137
vt 0.9699 0.81416
vt 0.97036 0.81442
vt 0.97076 0.8147
vt 0.97107 0.81498
vt 0.97128 0.81526
vt 0.97138 0.81554
vt 0.97137 0.8158
vt 0.97125 0.81603
vt 0.97103 0.81625
vt 0.97072 0.81644
vt 0.97032 0.8166
vt 0.96986 0.81673
vt 0.96935 0.81682
vt 0.9688 0.81688
vt 0.96823 0.81691
vt 0.96141 0.81241
vt 0.95275 0.81185
vt 0.9684 0.81527
vt 0.96104 0.81469
vt 0.96065 0.81694
vt 0.95185 0.81564
vt 0.95238 0.8138
vt 0.9512 0.8154
vt 0.95058 0.81511
vt 0.95002 0.81478
vt 0.94955 0.81441
vt 0.9492 0.81403
vt 0.94906 0.81365
vt 0.9491 0.8133
vt 0.94927 0.813
vt 0.94952 0.81273
vt 0.94985 0.8125
vt 0.95024 0.81231
vt 0.95068 0.81215
vt 0.95221 0.81186
vt 0.95167 0.81192
vt 0.95116 0.81202
vt 0.55006 0.88554
vt 0.55055 0.88491
vt 0.55094 0.88516
vt 0.55053 0.88567
vt 0.54957 0.88615
vt 0.55013 0.88618
vt 0.54912 0.88674
vt 0.54976 0.88669
vt 0.54873 0.88729
vt 0.54945 0.88717
vt 0.54842 0.88777
vt 0.54921 0.88763
vt 0.5482 0.88819
vt 0.54907 0.88805
vt 0.54805 0.88856
vt 0.54902 0.88843
vt 0.54797 0.88891
vt 0.5491 0.88874
vt 0.54794 0.88929
vt 0.5493 0.88897
vt 0.54313 0.8861
vt 0.54294 0.88653
vt 0.54235 0.88546
vt 0.54264 0.88521
vt 0.54331 0.8856
vt 0.5429 0.88484
vt 0.54349 0.88502
vt 0.54314 0.88435
vt 0.54368 0.88433
vt 0.54334 0.88377
vt 0.54387 0.88355
vt 0.54351 0.88313
vt 0.54405 0.88271
vt 0.54366 0.88244
vt 0.54424 0.88182
vt 0.54378 0.88174
vt 0.54891 0.88481
vt 0.54938 0.88412
vt 0.54845 0.88546
vt 0.54801 0.88607
vt 0.54761 0.88661
vt 0.54726 0.88708
vt 0.54698 0.88748
vt 0.54676 0.88783
vt 0.54658 0.88816
vt 0.54635 0.88846
vt 0.54457 0.88657
vt 0.54446 0.88702
vt 0.54469 0.88605
vt 0.54481 0.88545
vt 0.54495 0.88476
vt 0.54512 0.88399
vt 0.54532 0.88318
vt 0.54555 0.88237
vt 0.55232 0.88614
vt 0.54215 0.8815
vt 0.55717 0.86827
vt 0.55767 0.8685
vt 0.55759 0.86921
vt 0.55704 0.86913
vt 0.55727 0.86744
vt 0.55775 0.86781
vt 0.55735 0.86663
vt 0.55785 0.86713
vt 0.55742 0.86588
vt 0.55797 0.8665
vt 0.55749 0.86521
vt 0.55813 0.86595
vt 0.55757 0.86461
vt 0.55835 0.8655
vt 0.55771 0.8641
vt 0.55863 0.86518
vt 0.55398 0.86234
vt 0.55287 0.86178
vt 0.55312 0.86143
vt 0.55434 0.86201
vt 0.55357 0.8626
vt 0.55237 0.86209
vt 0.55315 0.86285
vt 0.5522 0.86255
vt 0.55271 0.86319
vt 0.5519 0.86303
vt 0.55224 0.86362
vt 0.55152 0.86354
vt 0.55172 0.86413
vt 0.55107 0.86405
vt 0.55118 0.8647
vt 0.5506 0.86457
vt 0.55063 0.86531
vt 0.55013 0.86509
vt 0.55011 0.86593
vt 0.54966 0.86561
vt 0.55593 0.86796
vt 0.55576 0.86873
vt 0.55606 0.86718
vt 0.55614 0.86642
vt 0.55615 0.86569
vt 0.55609 0.865
vt 0.55592 0.86436
vt 0.55562 0.86374
vt 0.55505 0.86367
vt 0.55454 0.86373
vt 0.55406 0.86389
vt 0.55359 0.86415
vt 0.55311 0.86451
vt 0.55263 0.86496
vt 0.55214 0.86549
vt 0.55167 0.86608
vt 0.55123 0.86672
vt 0.55957 0.86948
vt 0.55901 0.86507
vt 0.55941 0.8651
vt 0.548 0.8644
vt 0.54575 0.87396
vt 0.54632 0.87416
vt 0.54364 0.87325
vt 0.55457 0.87805
vt 0.55665 0.87893
vt 0.554 0.8778
vt 0.54756 0.87476
vt 0.55277 0.87717
vt 0.5486 0.88447
vt 0.54897 0.88391
vt 0.54822 0.88501
vt 0.54782 0.88552
vt 0.54743 0.88597
vt 0.54704 0.88635
vt 0.54666 0.88663
vt 0.54629 0.8868
vt 0.54605 0.88719
vt 0.54578 0.8874
vt 0.5455 0.88611
vt 0.54566 0.88648
vt 0.54542 0.88564
vt 0.54542 0.88509
vt 0.54549 0.88449
vt 0.54561 0.88385
vt 0.54577 0.88319
vt 0.54598 0.88254
vt 0.5522 0.87692
vt 0.55525 0.86856
vt 0.54748 0.8832
vt 0.55015 0.876
vt 0.54812 0.87503
vt 0.5517 0.86699
vt 0.55345 0.86784
vt 0.55204 0.86647
vt 0.55241 0.86598
vt 0.55281 0.86555
vt 0.55322 0.86519
vt 0.55364 0.8649
vt 0.55406 0.86471
vt 0.55445 0.86463
vt 0.55482 0.86466
vt 0.55514 0.86482
vt 0.55537 0.86515
vt 0.55551 0.86559
vt 0.55558 0.86612
vt 0.54595 0.8867
vt 0.55541 0.86793
vt 0.55551 0.86731
vt 0.55557 0.8667
vt 0.00195 0.1713
vt 0.03623 0.16207
vt 0.03557 0.18297
vt 0.00195 0.3737
vt 0.03623 0.36447
vt 0.03557 0.38536
vt 0.00195 0.23736
vt 0.03623 0.22813
vt 0.03557 0.24902
vt 0.00195 0.30445
vt 0.03623 0.29522
vt 0.03557 0.31612
vt 0.00195 0.03254
vt 0.03623 0.02331
vt 0.03557 0.0442
vt 0.0831 0.19228
vt 0.08394 0.15555
vt 0.0831 0.39467
vt 0.08394 0.35794
vt 0.0831 0.25833
vt 0.08394 0.2216
vt 0.0831 0.32542
vt 0.08394 0.2887
vt 0.0831 0.05351
vt 0.08394 0.01678
vt 0.17579 0.2015
vt 0.17628 0.14953
vt 0.17579 0.4039
vt 0.17628 0.35192
vt 0.17579 0.26755
vt 0.17628 0.21558
vt 0.17579 0.33465
vt 0.17628 0.28268
vt 0.17579 0.06274
vt 0.17628 0.01076
vt 0.34075 0.20617
vt 0.34073 0.14587
vt 0.34075 0.40857
vt 0.34073 0.34826
vt 0.34075 0.27223
vt 0.34073 0.21192
vt 0.34075 0.33932
vt 0.34073 0.27902
vt 0.34075 0.06741
vt 0.34073 0.0071
vt 0.47416 0.20537
vt 0.47402 0.14507
vt 0.47416 0.40777
vt 0.47402 0.34747
vt 0.47416 0.27143
vt 0.47402 0.21112
vt 0.47416 0.33852
vt 0.47402 0.27822
vt 0.47416 0.06661
vt 0.47403 0.00631
vt 0.68776 0.19602
vt 0.68794 0.15414
vt 0.68776 0.39842
vt 0.68794 0.35653
vt 0.68776 0.26207
vt 0.68794 0.22019
vt 0.68776 0.32917
vt 0.68794 0.28729
vt 0.68776 0.05726
vt 0.68794 0.01537
vt 0.78494 0.18599
vt 0.78524 0.16567
vt 0.78494 0.38839
vt 0.78523 0.36807
vt 0.78494 0.25204
vt 0.78524 0.23172
vt 0.78494 0.31914
vt 0.78524 0.29882
vt 0.78494 0.04723
vt 0.78524 0.02691
vt 0.8341 0.18127
vt 0.83444 0.17304
vt 0.83409 0.38366
vt 0.83443 0.37543
vt 0.83409 0.24732
vt 0.83444 0.23909
vt 0.8341 0.31442
vt 0.83444 0.30619
vt 0.8341 0.04251
vt 0.83444 0.03428
vt 0.84696 0.17787
vt 0.84696 0.38027
vt 0.84696 0.24392
vt 0.84696 0.31102
vt 0.84696 0.03911
vt 0.09443 0.77605
vt 0.08843 0.7664
vt 0.14079 0.75483
vt 0.14342 0.76155
vt 0.19245 0.8253
vt 0.14189 0.8544
vt 0.10355 0.66955
vt 0.1627 0.67745
vt 0.1652 0.66885
vt 0.10324 0.66132
vt 0.22468 0.7446
vt 0.21956 0.73745
vt 0.21974 0.70149
vt 0.22593 0.69623
vt 0.23848 0.78006
vt 0.10055 0.68127
vt 0.09822 0.67347
vt 0.08902 0.75395
vt 0.09924 0.78681
vt 0.09099 0.78381
vt 0.13499 0.84527
vt 0.13094 0.84793
vt 0.09636 0.79265
vt 0.08784 0.78767
vt 0.08347 0.7524
vt 0.096 0.68067
vt 0.0968 0.67062
vt 0.12571 0.85154
vt 0.09796 0.79684
vt 0.0763 0.75047
vt 0.09002 0.68085
vt 0.09943 0.80251
vt 0.08052 0.79903
vt 0.08632 0.79636
vt 0.09452 0.7974
vt 0.07865 0.78811
vt 0.08914 0.67438
vt 0.08861 0.66892
vt 0.09263 0.67016
vt 0.09365 0.67515
vt 0.08976 0.66205
vt 0.05981 0.73868
vt 0.05373 0.7362
vt 0.06446 0.67201
vt 0.07009 0.67542
vt 0.03456 0.73584
vt 0.04346 0.66894
vt 0.05758 0.74628
vt 0.05283 0.74459
vt 0.0427 0.74931
vt 0.0545 0.75455
vt 0.06603 0.67031
vt 0.0701 0.67476
vt 0.06582 0.66939
vt 0.79917 0.8021
vt 0.8006 0.79947
vt 0.83121 0.81036
vt 0.82662 0.81612
vt 0.79955 0.88237
vt 0.74659 0.85389
vt 0.85522 0.72566
vt 0.88795 0.7858
vt 0.79898 0.89034
vt 0.73999 0.85876
vt 0.85803 0.85942
vt 0.86143 0.85608
vt 0.88444 0.85856
vt 0.87353 0.86183
vt 0.74269 0.84888
vt 0.75198 0.84669
vt 0.80523 0.78981
vt 0.8473 0.7337
vt 0.79314 0.8071
vt 0.74698 0.84335
vt 0.78643 0.79688
vt 0.79685 0.78222
vt 0.8435 0.72863
vt 0.73846 0.84825
vt 0.74133 0.83809
vt 0.77656 0.78928
vt 0.78966 0.77074
vt 0.83899 0.7225
vt 0.77833 0.7798
vt 0.78051 0.77395
vt 0.78581 0.78013
vt 0.78583 0.78704
vt 0.73101 0.84367
vt 0.73479 0.84042
vt 0.73915 0.84247
vt 0.73702 0.84533
vt 0.72674 0.84779
vt 0.74186 0.75878
vt 0.74917 0.76536
vt 0.71895 0.82428
vt 0.71222 0.81993
vt 0.76657 0.74056
vt 0.82556 0.70368
vt 0.75554 0.74814
vt 0.75628 0.75678
vt 0.71837 0.82494
vt 0.71328 0.82965
vt 0.71232 0.82988
vt 0.71739 0.82438
vt 0.31765 0.68102
vt 0.31671 0.67213
vt 0.38077 0.68118
vt 0.3762 0.68865
vt 0.3646 0.77214
vt 0.3186 0.77918
vt 0.36976 0.85949
vt 0.30972 0.8595
vt 0.31942 0.7831
vt 0.36444 0.78068
vt 0.43447 0.76323
vt 0.43329 0.78221
vt 0.4125 0.77942
vt 0.41125 0.7756
vt 0.44127 0.75724
vt 0.31715 0.79107
vt 0.31722 0.76794
vt 0.30923 0.84961
vt 0.31649 0.693
vt 0.31364 0.68596
vt 0.31113 0.76771
vt 0.31122 0.6917
vt 0.31306 0.68452
vt 0.24675 0.69156
vt 0.25812 0.76063
vt 0.2517 0.76008
vt 0.24191 0.6922
vt 0.3086 0.77952
vt 0.30495 0.76414
vt 0.30455 0.69123
vt 0.25302 0.69091
vt 0.26484 0.75911
vt 0.30001 0.67967
vt 0.29853 0.67231
vt 0.30578 0.67373
vt 0.30477 0.67985
vt 0.24579 0.67991
vt 0.25202 0.67932
vt 0.28108 0.76701
vt 0.2918 0.76708
vt 0.29432 0.77027
vt 0.28583 0.77324
vt 0.27451 0.68937
vt 0.28174 0.69043
vt 0.28818 0.75405
vt 0.28199 0.75395
vt 0.27481 0.67671
vt 0.2799 0.68065
vt 0.28829 0.75471
vt 0.28255 0.75465
vt 0.22331 0.89316
vt 0.22475 0.89054
vt 0.25536 0.90143
vt 0.25076 0.90719
vt 0.2237 0.97344
vt 0.17074 0.94496
vt 0.27937 0.81673
vt 0.3121 0.87687
vt 0.22312 0.98141
vt 0.16413 0.94983
vt 0.28218 0.95049
vt 0.28558 0.94715
vt 0.30858 0.94963
vt 0.29768 0.9529
vt 0.16684 0.93995
vt 0.17612 0.93776
vt 0.22938 0.88088
vt 0.27145 0.82477
vt 0.21728 0.89817
vt 0.17112 0.93442
vt 0.21058 0.88795
vt 0.221 0.87329
vt 0.26765 0.8197
vt 0.16261 0.93932
vt 0.16548 0.92916
vt 0.20071 0.88035
vt 0.21381 0.86181
vt 0.26313 0.81356
vt 0.20247 0.87087
vt 0.20465 0.86502
vt 0.20996 0.8712
vt 0.20997 0.87811
vt 0.15516 0.93474
vt 0.15894 0.93149
vt 0.16329 0.93354
vt 0.16117 0.9364
vt 0.15089 0.93886
vt 0.16601 0.84985
vt 0.17332 0.85643
vt 0.14309 0.91535
vt 0.13637 0.911
vt 0.19072 0.83163
vt 0.24971 0.79475
vt 0.17969 0.83921
vt 0.18042 0.84785
vt 0.14251 0.91601
vt 0.13743 0.92072
vt 0.13646 0.92095
vt 0.14154 0.91545
vt 0.57381 0.77509
vt 0.53648 0.83487
vt 0.52897 0.82915
vt 0.52781 0.82783
vt 0.56442 0.78365
vt 0.5194 0.81384
vt 0.51856 0.81212
vt 0.51872 0.80298
vt 0.52294 0.79388
vt 0.52352 0.79258
vt 0.56819 0.77604
vt 0.53297 0.77222
vt 0.53364 0.7707
vt 0.53983 0.75778
vt 0.54602 0.74544
vt 0.5527 0.73517
vt 0.55838 0.72626
vt 0.5628 0.71847
vt 0.56936 0.71398
vt 0.57834 0.71237
vt 0.58695 0.71246
vt 0.59509 0.71426
vt 0.60268 0.71779
vt 0.60961 0.72309
vt 0.61581 0.73018
vt 0.61814 0.73814
vt 0.61658 0.74733
vt 0.61513 0.75859
vt 0.61288 0.77207
vt 0.60671 0.78744
vt 0.59833 0.80225
vt 0.5973 0.80394
vt 0.57574 0.77997
vt 0.58238 0.82483
vt 0.58141 0.8261
vt 0.57466 0.83478
vt 0.56604 0.83935
vt 0.564 0.83959
vt 0.57039 0.7871
vt 0.54705 0.83896
vt 0.54525 0.83867
vt 0.51374 0.8407
vt 0.52646 0.85024
vt 0.51196 0.83859
vt 0.50056 0.81484
vt 0.52298 0.8215
vt 0.5053 0.82738
vt 0.50061 0.79878
vt 0.50004 0.81206
vt 0.50308 0.78517
vt 0.50347 0.78338
vt 0.51359 0.75903
vt 0.52802 0.783
vt 0.50859 0.77159
vt 0.52142 0.74333
vt 0.51432 0.75731
vt 0.5279 0.7278
vt 0.53804 0.71745
vt 0.54747 0.70905
vt 0.55632 0.70267
vt 0.56559 0.6985
vt 0.57698 0.69613
vt 0.58792 0.69625
vt 0.59837 0.69848
vt 0.60827 0.70275
vt 0.61748 0.70923
vt 0.62561 0.71816
vt 0.63101 0.72764
vt 0.63479 0.7393
vt 0.6376 0.75335
vt 0.63884 0.76981
vt 0.63021 0.79052
vt 0.6209 0.80916
vt 0.61939 0.8107
vt 0.60023 0.83687
vt 0.58952 0.81537
vt 0.60994 0.82436
vt 0.58697 0.848
vt 0.59866 0.83845
vt 0.57435 0.85565
vt 0.57151 0.85607
vt 0.54368 0.85777
vt 0.55513 0.84018
vt 0.55738 0.85825
vt 0.54113 0.85672
vt 0.498 0.84714
vt 0.49918 0.84873
vt 0.48816 0.77871
vt 0.48815 0.78014
vt 0.53186 0.70269
vt 0.52065 0.70949
vt 0.54257 0.69573
vt 0.55271 0.69026
vt 0.56294 0.68646
vt 0.57581 0.68392
vt 0.58859 0.68399
vt 0.60097 0.68653
vt 0.61272 0.69146
vt 0.62357 0.69882
vt 0.63306 0.70866
vt 0.63955 0.71826
vt 0.64501 0.72943
vt 0.6505 0.74227
vt 0.65887 0.75457
vt 0.62568 0.82377
vt 0.62718 0.82358
vt 0.56956 0.87102
vt 0.57136 0.8719
vt 0.7666 0.70822
vt 0.77323 0.72613
vt 0.7638 0.73002
vt 0.75614 0.71294
vt 0.76851 0.7073
vt 0.77493 0.72522
vt 0.78541 0.69896
vt 0.79054 0.71709
vt 0.78253 0.72099
vt 0.77688 0.7032
vt 0.79522 0.69302
vt 0.8001 0.71055
vt 0.79236 0.71619
vt 0.78733 0.69805
vt 0.80362 0.688
vt 0.80893 0.70561
vt 0.80476 0.68729
vt 0.81019 0.70485
vt 0.8214 0.67646
vt 0.82881 0.69278
vt 0.81901 0.6989
vt 0.81279 0.68207
vt 0.83207 0.66814
vt 0.84096 0.68321
vt 0.83022 0.69191
vt 0.82254 0.67562
vt 0.84159 0.66056
vt 0.85151 0.6743
vt 0.52586 0.68575
vt 0.51491 0.69085
vt 0.53652 0.67994
vt 0.54708 0.67494
vt 0.55831 0.67107
vt 0.57334 0.66809
vt 0.58894 0.66801
vt 0.60442 0.67097
vt 0.61913 0.67693
vt 0.63246 0.68568
vt 0.64378 0.69683
vt 0.65114 0.70676
vt 0.65702 0.71728
vt 0.66193 0.72816
vt 0.66684 0.73702
vt 0.6749 0.73961
vt 0.67552 0.75595
vt 0.68538 0.73844
vt 0.69056 0.75473
vt 0.68662 0.73813
vt 0.69232 0.75447
vt 0.70488 0.733
vt 0.7144 0.74869
vt 0.7039 0.75114
vt 0.69588 0.7357
vt 0.71523 0.72957
vt 0.72531 0.7441
vt 0.71586 0.74833
vt 0.70614 0.73261
vt 0.72431 0.72642
vt 0.73449 0.74221
vt 0.72629 0.72564
vt 0.73639 0.74146
vt 0.7438 0.71836
vt 0.75271 0.73517
vt 0.74462 0.73791
vt 0.73506 0.72207
vt 0.75452 0.7345
vt 0.74579 0.71764
vt 0.50075 0.7499
vt 0.50023 0.75134
vt 0.72195 0.76312
vt 0.72048 0.7633
vt 0.48398 0.8152
vt 0.48465 0.81713
vt 0.53355 0.8707
vt 0.53497 0.87205
vt 0.5139 0.75556
vt 0.51975 0.74244
vt 0.84214 0.68463
vt 0.83213 0.69268
vt 0.50157 0.74826
vt 0.52599 0.7277
vt 0.5189 0.71027
vt 0.85286 0.67567
vt 0.64041 0.77098
vt 0.63191 0.79135
vt 0.67568 0.75783
vt 0.65957 0.75637
vt 0.62282 0.8093
vt 0.62901 0.82313
vt 0.69063 0.75664
vt 0.5069 0.77084
vt 0.5119 0.75972
vt 0.49923 0.75297
vt 0.82977 0.69445
vt 0.82002 0.7005
vt 0.71881 0.76407
vt 0.71341 0.75023
vt 0.70445 0.75296
vt 0.50289 0.78163
vt 0.8115 0.70631
vt 0.48853 0.7769
vt 0.61897 0.81225
vt 0.6116 0.8253
vt 0.69313 0.75626
vt 0.62398 0.82445
vt 0.49828 0.80999
vt 0.49829 0.79847
vt 0.80139 0.71272
vt 0.79434 0.71821
vt 0.48332 0.81269
vt 0.50102 0.78676
vt 0.48732 0.78272
vt 0.81006 0.70817
vt 0.5998 0.84113
vt 0.58823 0.85005
vt 0.72606 0.74643
vt 0.71834 0.74903
vt 0.72444 0.76206
vt 0.57677 0.85704
vt 0.57388 0.87276
vt 0.73484 0.74494
vt 0.50384 0.82803
vt 0.49994 0.81637
vt 0.48486 0.81884
vt 0.79118 0.71871
vt 0.78327 0.72252
vt 0.55748 0.85986
vt 0.54467 0.8592
vt 0.53632 0.87311
vt 0.75317 0.73684
vt 0.74526 0.73948
vt 0.51048 0.83785
vt 0.77599 0.72664
vt 0.49706 0.84576
vt 0.57018 0.85684
vt 0.73736 0.74295
vt 0.56791 0.87076
vt 0.52564 0.85162
vt 0.51381 0.8424
vt 0.49995 0.85026
vt 0.77379 0.72778
vt 0.7645 0.73157
vt 0.53954 0.85692
vt 0.75553 0.73596
vt 0.5321 0.86987
vt 0.93322 0.78191
vt 0.90783 0.72495
vt 0.94274 0.77696
vt 0.93129 0.78243
vt 0.91057 0.73593
vt 0.91369 0.78496
vt 0.91168 0.78501
vt 0.90366 0.78115
vt 0.89827 0.77347
vt 0.89752 0.77238
vt 0.9059 0.7298
vt 0.88631 0.75596
vt 0.8855 0.75476
vt 0.87861 0.74453
vt 0.87176 0.73428
vt 0.86524 0.72443
vt 0.85932 0.71537
vt 0.85426 0.70748
vt 0.85375 0.69861
vt 0.85825 0.68855
vt 0.86474 0.67987
vt 0.87291 0.67293
vt 0.88242 0.668
vt 0.89291 0.66528
vt 0.90394 0.6649
vt 0.91195 0.66873
vt 0.91733 0.6764
vt 0.92347 0.68532
vt 0.93012 0.6951
vt 0.93701 0.70532
vt 0.94387 0.71557
vt 0.94467 0.71678
vt 0.91305 0.725
vt 0.95559 0.73337
vt 0.95631 0.73447
vt 0.96137 0.74239
vt 0.96193 0.75127
vt 0.96114 0.75311
vt 0.91695 0.73165
vt 0.95214 0.76843
vt 0.95093 0.77002
vt 0.89215 0.76454
vt 0.95039 0.72542
vt 0.92271 0.78463
vt 0.95743 0.76133
vt 0.95367 0.77316
vt 0.94511 0.78044
vt 0.95509 0.77148
vt 0.96475 0.7551
vt 0.96068 0.76394
vt 0.96536 0.74264
vt 0.9657 0.75276
vt 0.96032 0.73368
vt 0.95958 0.73243
vt 0.94834 0.71528
vt 0.9542 0.72416
vt 0.94048 0.70354
vt 0.94751 0.71403
vt 0.93343 0.69307
vt 0.92662 0.68303
vt 0.9203 0.67376
vt 0.91381 0.66539
vt 0.90421 0.6611
vt 0.89209 0.66145
vt 0.88085 0.6644
vt 0.8707 0.66968
vt 0.86197 0.67708
vt 0.85498 0.68637
vt 0.85007 0.69755
vt 0.85054 0.70801
vt 0.85579 0.71702
vt 0.86193 0.72645
vt 0.86863 0.73657
vt 0.87564 0.74707
vt 0.8827 0.75754
vt 0.88353 0.75879
vt 0.89503 0.77567
vt 0.88952 0.76757
vt 0.90247 0.78505
vt 0.89578 0.77689
vt 0.91191 0.78904
vt 0.9143 0.78908
vt 0.93302 0.78628
vt 0.92398 0.7886
vt 0.93514 0.78564
vt 0.90153 0.85803
vt 0.88634 0.86176
vt 0.88669 0.85047
vt 0.90207 0.84757
vt 0.8873 0.83834
vt 0.90244 0.8361
vt 0.89856 0.87877
vt 0.89953 0.86273
vt 0.90881 0.8604
vt 0.90743 0.87642
vt 0.88911 0.88151
vt 0.88931 0.86583
vt 0.40124 0.3435
vt 0.40124 0.34319
vt 0.4014 0.34312
vt 0.4014 0.34357
vt 0.40157 0.34319
vt 0.40157 0.34349
vt 0.46495 0.70849
vt 0.46239 0.69754
vt 0.46426 0.6971
vt 0.46682 0.70805
vt 0.87011 0.8839
vt 0.86665 0.86894
vt 0.88018 0.86412
vt 0.88289 0.87915
vt 0.85746 0.88842
vt 0.85301 0.87404
vt 0.39585 0.34084
vt 0.39602 0.34144
vt 0.39572 0.34136
vt 0.39564 0.34104
vt 0.39614 0.3409
vt 0.39624 0.34122
vt 0.33537 0.91933
vt 0.33421 0.93458
vt 0.322 0.93593
vt 0.32409 0.92041
vt 0.31088 0.93697
vt 0.31355 0.92156
vt 0.39764 0.34153
vt 0.3981 0.34147
vt 0.39803 0.34167
vt 0.39774 0.34169
vt 0.3977 0.34136
vt 0.39799 0.34131
vt 0.39983 0.34089
vt 0.39983 0.34119
vt 0.39966 0.34127
vt 0.39967 0.34082
vt 0.3995 0.34119
vt 0.3995 0.34088
vt 0.92849 0.81154
vt 0.91214 0.81198
vt 0.91127 0.80136
vt 0.92784 0.801
vt 0.91163 0.79083
vt 0.92794 0.79032
vt 0.67598 0.77908
vt 0.67639 0.77817
vt 0.67664 0.77835
vt 0.67679 0.77863
vt 0.67682 0.77897
vt 0.67674 0.77933
vt 0.67728 0.77766
vt 0.6768 0.77731
vt 0.67758 0.77821
vt 0.67764 0.77888
vt 0.67746 0.77957
vt 0.67788 0.77706
vt 0.67718 0.77651
vt 0.67832 0.77786
vt 0.67841 0.7788
vt 0.67814 0.77978
vt 0.67842 0.77655
vt 0.67753 0.77583
vt 0.67898 0.77757
vt 0.6791 0.77876
vt 0.67874 0.77996
vt 0.67887 0.77617
vt 0.67782 0.77528
vt 0.67953 0.77736
vt 0.67968 0.77874
vt 0.67923 0.78011
vt 0.67987 0.77535
vt 0.67842 0.77422
vt 0.68077 0.77689
vt 0.681 0.77868
vt 0.68049 0.78046
vt 0.68098 0.77443
vt 0.67915 0.77309
vt 0.68216 0.77633
vt 0.6825 0.77855
vt 0.68195 0.7808
vt 0.68202 0.77361
vt 0.6799 0.77204
vt 0.68344 0.77582
vt 0.68391 0.7784
vt 0.68329 0.781
vt 0.69174 0.76638
vt 0.69044 0.76752
vt 0.68631 0.7642
vt 0.68724 0.76276
vt 0.69491 0.77134
vt 0.69333 0.77204
vt 0.69634 0.77711
vt 0.69462 0.77729
vt 0.69585 0.78309
vt 0.69413 0.78269
vt 0.68588 0.77085
vt 0.68266 0.76858
vt 0.68806 0.77405
vt 0.68895 0.77782
vt 0.6884 0.78169
vt 0.66723 0.77372
vt 0.66992 0.7762
vt 0.66877 0.77922
vt 0.66564 0.77939
vt 0.66933 0.78247
vt 0.6673 0.78505
vt 0.6714 0.78489
vt 0.66991 0.78827
vt 0.67409 0.78631
vt 0.67463 0.78943
vt 0.67592 0.78001
vt 0.6756 0.77999
vt 0.67624 0.77989
vt 0.67653 0.77965
vt 0.67588 0.78089
vt 0.67524 0.78087
vt 0.67652 0.78066
vt 0.67708 0.78019
vt 0.67588 0.78169
vt 0.67493 0.78168
vt 0.67682 0.78134
vt 0.67761 0.78068
vt 0.67592 0.78237
vt 0.67468 0.78239
vt 0.67713 0.78192
vt 0.67811 0.78109
vt 0.676 0.78292
vt 0.6745 0.78297
vt 0.67741 0.78238
vt 0.67855 0.78141
vt 0.67623 0.78406
vt 0.67422 0.78407
vt 0.67809 0.78338
vt 0.67957 0.78212
vt 0.67659 0.78524
vt 0.67407 0.78523
vt 0.67892 0.7844
vt 0.68078 0.78285
vt 0.67708 0.78622
vt 0.67982 0.78521
vt 0.68198 0.78339
vt 0.68424 0.79524
vt 0.67918 0.79634
vt 0.6786 0.79467
vt 0.68344 0.7937
vt 0.68917 0.79259
vt 0.68801 0.79129
vt 0.69322 0.78843
vt 0.69174 0.78752
vt 0.67923 0.78932
vt 0.6833 0.78784
vt 0.68646 0.78517
vt 0.67608 0.77814
vt 0.67576 0.77825
vt 0.67547 0.77848
vt 0.67526 0.77881
vt 0.67618 0.77724
vt 0.67554 0.77744
vt 0.67498 0.7779
vt 0.67458 0.77854
vt 0.67627 0.77642
vt 0.67533 0.77671
vt 0.67452 0.77735
vt 0.67396 0.77829
vt 0.67634 0.77571
vt 0.67513 0.77606
vt 0.6741 0.77687
vt 0.67342 0.77807
vt 0.67639 0.77514
vt 0.67495 0.77554
vt 0.67373 0.77648
vt 0.67298 0.77787
vt 0.67654 0.77393
vt 0.67462 0.77439
vt 0.67297 0.77558
vt 0.67191 0.77737
vt 0.67682 0.77265
vt 0.67439 0.77312
vt 0.67224 0.77454
vt 0.67077 0.77678
vt 0.6772 0.77152
vt 0.67435 0.77199
vt 0.67171 0.77356
vt 0.68203 0.76048
vt 0.68146 0.76214
vt 0.67658 0.75982
vt 0.67637 0.7616
vt 0.67159 0.76039
vt 0.67153 0.76223
vt 0.66782 0.76129
vt 0.66708 0.76305
vt 0.67876 0.76758
vt 0.67456 0.76804
vt 0.67053 0.77008
vt 0.67534 0.77982
vt 0.67519 0.77954
vt 0.67516 0.77918
vt 0.67473 0.78053
vt 0.67442 0.77996
vt 0.67437 0.77927
vt 0.67417 0.78116
vt 0.6737 0.78033
vt 0.67362 0.77933
vt 0.67369 0.78169
vt 0.67307 0.78062
vt 0.67296 0.77935
vt 0.67329 0.78211
vt 0.67254 0.78084
vt 0.67242 0.77933
vt 0.6725 0.78301
vt 0.67142 0.78133
vt 0.6712 0.77932
vt 0.6718 0.784
vt 0.67026 0.78191
vt 0.6699 0.77931
vt 0.67461 0.79651
vt 0.67389 0.79453
vt 0.659 0.78683
vt 0.66091 0.78708
vt 0.65975 0.78951
vt 0.65787 0.78904
vt 0.65757 0.78377
vt 0.65898 0.78307
vt 0.66454 0.75982
vt 0.66584 0.75861
vt 0.65892 0.77225
vt 0.66019 0.77049
vt 0.65518 0.76865
vt 0.65213 0.76954
vt 0.3433 0.87857
vt 0.34358 0.87862
vt 0.3432 0.87953
vt 0.343 0.87867
vt 0.34273 0.87889
vt 0.34253 0.8792
vt 0.34338 0.87767
vt 0.34395 0.87775
vt 0.34279 0.87784
vt 0.34227 0.87826
vt 0.34189 0.87887
vt 0.34343 0.87684
vt 0.34428 0.87694
vt 0.34257 0.87709
vt 0.34182 0.87769
vt 0.34129 0.87857
vt 0.34346 0.87613
vt 0.34457 0.87624
vt 0.34234 0.87644
vt 0.3414 0.87719
vt 0.34077 0.87829
vt 0.34345 0.87555
vt 0.34479 0.87568
vt 0.34213 0.87592
vt 0.34103 0.87679
vt 0.34034 0.87806
vt 0.34343 0.87432
vt 0.34522 0.87458
vt 0.34169 0.87475
vt 0.34022 0.87584
vt 0.33927 0.87745
vt 0.34347 0.87297
vt 0.34568 0.87338
vt 0.34126 0.87342
vt 0.33938 0.87472
vt 0.33811 0.87669
vt 0.34352 0.87174
vt 0.3461 0.87224
vt 0.34091 0.87221
vt 0.33865 0.87366
vt 0.33716 0.87593
vt 0.34412 0.8609
vt 0.35011 0.86251
vt 0.34944 0.86401
vt 0.34397 0.86256
vt 0.33793 0.86151
vt 0.33836 0.86313
vt 0.33233 0.86424
vt 0.3333 0.86563
vt 0.32799 0.86875
vt 0.32943 0.86972
vt 0.3437 0.8676
vt 0.34753 0.86861
vt 0.33978 0.86805
vt 0.33629 0.86993
vt 0.33374 0.87301
vt 0.352 0.88206
vt 0.35024 0.88654
vt 0.34789 0.88437
vt 0.34921 0.88167
vt 0.34606 0.8897
vt 0.34552 0.88633
vt 0.34265 0.8901
vt 0.34252 0.88685
vt 0.33818 0.88813
vt 0.33961 0.88623
vt 0.3428 0.88044
vt 0.34258 0.88024
vt 0.34245 0.87993
vt 0.34243 0.87957
vt 0.34198 0.88089
vt 0.34242 0.8813
vt 0.34172 0.88029
vt 0.34169 0.87958
vt 0.34142 0.88147
vt 0.34206 0.88209
vt 0.34104 0.88058
vt 0.34099 0.87957
vt 0.34091 0.88193
vt 0.34173 0.88278
vt 0.34042 0.88079
vt 0.34037 0.87952
vt 0.34047 0.88228
vt 0.34146 0.88333
vt 0.33991 0.88093
vt 0.33985 0.87945
vt 0.33953 0.88298
vt 0.3409 0.88435
vt 0.33877 0.8812
vt 0.33868 0.87927
vt 0.33852 0.88364
vt 0.34025 0.88537
vt 0.33753 0.8814
vt 0.3374 0.87898
vt 0.3376 0.88407
vt 0.33644 0.8814
vt 0.33628 0.87856
vt 0.32724 0.88616
vt 0.32892 0.88558
vt 0.33182 0.88985
vt 0.3302 0.8907
vt 0.32558 0.88057
vt 0.32732 0.88044
vt 0.32578 0.87453
vt 0.32745 0.87494
vt 0.33475 0.88498
vt 0.33282 0.88105
vt 0.3325 0.87687
vt 0.34381 0.87881
vt 0.34394 0.8791
vt 0.34396 0.87946
vt 0.34387 0.87983
vt 0.3444 0.87812
vt 0.34466 0.8787
vt 0.34471 0.87939
vt 0.34451 0.8801
vt 0.34494 0.87751
vt 0.34534 0.87834
vt 0.3454 0.87933
vt 0.3451 0.88034
vt 0.34541 0.87699
vt 0.34594 0.87805
vt 0.34602 0.87929
vt 0.34562 0.88055
vt 0.34581 0.87659
vt 0.34644 0.87783
vt 0.34654 0.87928
vt 0.34605 0.88071
vt 0.34665 0.87572
vt 0.34751 0.87733
vt 0.3477 0.87921
vt 0.34713 0.88108
vt 0.34749 0.87476
vt 0.34864 0.87675
vt 0.34893 0.87907
vt 0.34829 0.88145
vt 0.3482 0.87387
vt 0.3496 0.87618
vt 0.34998 0.8789
vt 0.35535 0.86585
vt 0.35421 0.86709
vt 0.35915 0.87081
vt 0.35764 0.87159
vt 0.36112 0.87663
vt 0.3594 0.87683
vt 0.36123 0.88261
vt 0.35946 0.88182
vt 0.3507 0.87097
vt 0.35277 0.87437
vt 0.3533 0.87831
vt 0.34309 0.88048
vt 0.3434 0.88038
vt 0.34367 0.88015
vt 0.343 0.88139
vt 0.3436 0.88119
vt 0.34413 0.88074
vt 0.34293 0.88221
vt 0.34383 0.88193
vt 0.34458 0.88127
vt 0.34289 0.88292
vt 0.34406 0.88255
vt 0.34501 0.88172
vt 0.34288 0.88349
vt 0.34427 0.88305
vt 0.34539 0.88207
vt 0.34282 0.88467
vt 0.34471 0.88414
vt 0.34623 0.88285
vt 0.34269 0.88589
vt 0.34514 0.88531
vt 0.34711 0.88369
vt 0.33343 0.89425
vt 0.33545 0.89337
vt 0.35559 0.89144
vt 0.35596 0.89467
vt 0.35401 0.89495
vt 0.35353 0.89109
vt 0.35901 0.88773
vt 0.35696 0.88537
vt 0.3525 0.88482
vt 0.35389 0.88381
vt 0.35511 0.88531
vt 0.35375 0.88556
vt 0.67157 0.79195
vt 0.6688 0.78919
vt 0.66307 0.78797
vt 0.66178 0.7888
vt 0.66689 0.78785
vt 0.34596 0.89093
vt 0.34348 0.89109
vt 0.35017 0.89209
vt 0.35139 0.89352
vt 0.33869 0.89307
vt 0.65734 0.8081
vt 0.66058 0.80873
vt 0.66172 0.80951
vt 0.65588 0.80818
vt 0.66502 0.81072
vt 0.33939 0.90532
vt 0.33936 0.90615
vt 0.33782 0.90854
vt 0.33827 0.90744
vt 0.35364 0.89681
vt 0.00195 0.50758
vt 0.03623 0.49835
vt 0.03557 0.51924
vt 0.00195 0.10238
vt 0.03623 0.09315
vt 0.03557 0.11405
vt 0.00195 0.43996
vt 0.03623 0.43073
vt 0.03557 0.45163
vt 0.00195 0.57161
vt 0.03623 0.56238
vt 0.03557 0.58327
vt 0.00195 0.63645
vt 0.03623 0.62722
vt 0.03557 0.64812
vt 0.0831 0.52855
vt 0.08394 0.49183
vt 0.0831 0.12336
vt 0.08394 0.08663
vt 0.0831 0.46093
vt 0.08394 0.42421
vt 0.0831 0.59258
vt 0.08394 0.55586
vt 0.0831 0.65743
vt 0.08394 0.6207
vt 0.17579 0.53778
vt 0.17628 0.48581
vt 0.17579 0.13258
vt 0.17628 0.08061
vt 0.17579 0.47016
vt 0.17628 0.41819
vt 0.17579 0.60181
vt 0.17627 0.54983
vt 0.17577 0.66665
vt 0.17626 0.61468
vt 0.34074 0.54245
vt 0.34073 0.48214
vt 0.34075 0.13726
vt 0.34073 0.07695
vt 0.34075 0.47483
vt 0.34073 0.41453
vt 0.34074 0.60648
vt 0.34073 0.54617
vt 0.34069 0.67133
vt 0.34067 0.61102
vt 0.47415 0.54165
vt 0.47402 0.48135
vt 0.47416 0.13645
vt 0.47402 0.07615
vt 0.47416 0.47403
vt 0.47402 0.41373
vt 0.47415 0.60568
vt 0.47402 0.54538
vt 0.47405 0.67053
vt 0.47392 0.61022
vt 0.68775 0.5323
vt 0.68794 0.49041
vt 0.68776 0.1271
vt 0.68794 0.08522
vt 0.68775 0.46468
vt 0.68794 0.42279
vt 0.68775 0.59633
vt 0.68793 0.55444
vt 0.68761 0.66118
vt 0.6878 0.61929
vt 0.78493 0.52227
vt 0.78523 0.50195
vt 0.78494 0.11707
vt 0.78524 0.09675
vt 0.78493 0.45465
vt 0.78523 0.43433
vt 0.78493 0.5863
vt 0.78523 0.56598
vt 0.7848 0.65115
vt 0.7851 0.63083
vt 0.83409 0.51754
vt 0.83443 0.50931
vt 0.8341 0.11235
vt 0.83444 0.10412
vt 0.83409 0.44993
vt 0.83443 0.4417
vt 0.83409 0.58157
vt 0.83443 0.57334
vt 0.83398 0.64642
vt 0.83432 0.63819
vt 0.84695 0.51415
vt 0.84696 0.10895
vt 0.84696 0.44653
vt 0.84695 0.57817
vt 0.84684 0.64302
vt 0.46586 0.68084
vt 0.46649 0.67931
vt 0.46809 0.6804
vt 0.46692 0.68156
vt 0.46915 0.682
vt 0.46762 0.68263
vt 0.46952 0.68389
vt 0.46787 0.68388
vt 0.46913 0.68576
vt 0.46761 0.68513
vt 0.45455 0.68388
vt 0.45274 0.68391
vt 0.45359 0.67932
vt 0.4553 0.68003
vt 0.45533 0.68772
vt 0.45367 0.68844
vt 0.45751 0.69097
vt 0.45626 0.69226
vt 0.46077 0.69313
vt 0.46009 0.69476
vt 0.4563 0.68387
vt 0.45694 0.68071
vt 0.45693 0.68705
vt 0.45873 0.68974
vt 0.46142 0.69154
vt 0.458 0.68387
vt 0.45852 0.68136
vt 0.4585 0.6864
vt 0.45993 0.68854
vt 0.46207 0.68999
vt 0.45968 0.68388
vt 0.46007 0.68201
vt 0.46005 0.68576
vt 0.46111 0.68737
vt 0.46271 0.68845
vt 0.46133 0.68388
vt 0.46159 0.68264
vt 0.46157 0.68514
vt 0.46228 0.6862
vt 0.46334 0.68692
vt 0.46297 0.68389
vt 0.4631 0.68326
vt 0.46309 0.68451
vt 0.46344 0.68505
vt 0.46397 0.6854
vt 0.4646 0.68388
vt 0.46713 0.67778
vt 0.46927 0.67923
vt 0.4707 0.68137
vt 0.47119 0.68389
vt 0.47068 0.6864
vt 0.4717 0.69099
vt 0.47389 0.68773
vt 0.4756 0.68844
vt 0.47296 0.69228
vt 0.46844 0.69315
vt 0.4691 0.69483
vt 0.4646 0.6939
vt 0.46458 0.6957
vt 0.47048 0.68975
vt 0.47226 0.68706
vt 0.46778 0.69154
vt 0.46461 0.69217
vt 0.46927 0.68854
vt 0.46713 0.68997
vt 0.46461 0.69048
vt 0.46808 0.68736
vt 0.46649 0.68843
vt 0.4646 0.68881
vt 0.46691 0.68619
vt 0.46585 0.68691
vt 0.4646 0.68716
vt 0.46575 0.68504
vt 0.4661 0.6845
vt 0.46522 0.6854
vt 0.46459 0.68552
vt 0.46576 0.68272
vt 0.46523 0.68236
vt 0.46611 0.68325
vt 0.46623 0.68388
vt 0.46777 0.67622
vt 0.47046 0.67803
vt 0.47226 0.68072
vt 0.4729 0.68389
vt 0.45749 0.67678
vt 0.45623 0.67548
vt 0.46076 0.67461
vt 0.4601 0.67294
vt 0.4646 0.67386
vt 0.46462 0.67206
vt 0.46843 0.67464
vt 0.4691 0.67301
vt 0.45872 0.67802
vt 0.46141 0.67622
vt 0.46459 0.6756
vt 0.45993 0.67922
vt 0.46206 0.67779
vt 0.46459 0.67729
vt 0.46112 0.68041
vt 0.46271 0.67933
vt 0.4646 0.67895
vt 0.46229 0.68157
vt 0.46335 0.68086
vt 0.4646 0.6806
vt 0.46345 0.68273
vt 0.46398 0.68237
vt 0.4646 0.68224
vt 0.47168 0.6768
vt 0.47387 0.68004
vt 0.47465 0.68388
vt 0.47645 0.68386
vt 0.47552 0.67933
vt 0.47294 0.67551
vt 0.98614 0.01702
vt 0.98739 0.01676
vt 0.98802 0.01828
vt 0.98614 0.01867
vt 0.98845 0.01604
vt 0.98962 0.0172
vt 0.98915 0.01498
vt 0.99068 0.0156
vt 0.98939 0.01372
vt 0.99104 0.01372
vt 0.97685 0.00988
vt 0.97607 0.01372
vt 0.97422 0.01372
vt 0.97519 0.00916
vt 0.97904 0.00663
vt 0.97779 0.00533
vt 0.9823 0.00447
vt 0.98163 0.0028
vt 0.98614 0.00372
vt 0.98614 0.00195
vt 0.97846 0.01056
vt 0.97784 0.01372
vt 0.98026 0.00787
vt 0.98296 0.00607
vt 0.98614 0.00543
vt 0.98004 0.01121
vt 0.97956 0.01372
vt 0.98146 0.00907
vt 0.98361 0.00763
vt 0.98614 0.00712
vt 0.98159 0.01184
vt 0.98123 0.01372
vt 0.98265 0.01025
vt 0.98425 0.00917
vt 0.98614 0.00878
vt 0.98312 0.01247
vt 0.98288 0.01372
vt 0.98382 0.01141
vt 0.98488 0.01069
vt 0.98614 0.01043
vt 0.98463 0.0131
vt 0.98451 0.01372
vt 0.98498 0.01256
vt 0.98551 0.01221
vt 0.98614 0.01208
vt 0.98614 0.01372
vt 0.98867 0.01981
vt 0.98614 0.02033
vt 0.99081 0.01838
vt 0.99223 0.01624
vt 0.99271 0.01372
vt 0.99542 0.00988
vt 0.99708 0.00916
vt 0.99805 0.01372
vt 0.9962 0.01372
vt 0.99323 0.00663
vt 0.99448 0.00533
vt 0.98997 0.00447
vt 0.99064 0.0028
vt 0.99381 0.01056
vt 0.99443 0.01372
vt 0.99201 0.00787
vt 0.98931 0.00607
vt 0.99223 0.01121
vt 0.99081 0.00907
vt 0.98867 0.00763
vt 0.99068 0.01184
vt 0.98962 0.01025
vt 0.98802 0.00917
vt 0.98915 0.01247
vt 0.98845 0.01141
vt 0.98739 0.01069
vt 0.98764 0.0131
vt 0.98776 0.01372
vt 0.98729 0.01256
vt 0.98676 0.01221
vt 0.98614 0.01537
vt 0.98676 0.01524
vt 0.98729 0.01488
vt 0.98764 0.01435
vt 0.98931 0.02138
vt 0.98614 0.02202
vt 0.99201 0.01958
vt 0.99381 0.01689
vt 0.97685 0.01757
vt 0.97519 0.01828
vt 0.97904 0.02082
vt 0.97779 0.02211
vt 0.9823 0.02298
vt 0.98163 0.02465
vt 0.98614 0.02373
vt 0.98614 0.02549
vt 0.97846 0.01689
vt 0.98026 0.01958
vt 0.98296 0.02138
vt 0.98004 0.01624
vt 0.98146 0.01838
vt 0.9836 0.01981
vt 0.98159 0.0156
vt 0.98265 0.0172
vt 0.98425 0.01828
vt 0.98312 0.01498
vt 0.98382 0.01604
vt 0.98488 0.01676
vt 0.98463 0.01435
vt 0.98498 0.01488
vt 0.98551 0.01524
vt 0.98997 0.02298
vt 0.99323 0.02082
vt 0.99542 0.01757
vt 0.99708 0.01828
vt 0.99448 0.02211
vt 0.99064 0.02465
usemtl mat0
f 1/1/1 2/2/2 3/3/3
f 3/3/3 4/4/4 1/1/1
f 5/5/5 1/1/1 4/4/4
f 4/4/4 6/6/6 5/5/5
f 7/7/7 5/5/5 6/6/6
f 6/6/6 8/8/8 7/7/7
f 8/8/8 9/9/9 10/10/10
f 10/10/10 11/11/11 8/8/8
f 12/12/12 13/13/13 11/11/11
f 11/11/11 10/10/10 12/12/12
f 11/11/11 14/14/14 7/7/7
f 7/7/7 8/8/8 11/11/11
f 14/14/14 15/15/15 16/16/16
f 16/16/16 7/7/7 14/14/14
f 17/17/16 18/18/17 19/19/18
f 19/19/18 20/20/19 17/17/16
f 16/16/16 15/15/15 21/21/20
f 21/21/20 22/22/17 16/16/16
f 17/17/16 20/20/19 5/5/5
f 5/5/5 7/7/7 17/17/16
f 23/23/21 15/15/15 14/14/14
f 14/14/14 24/24/22 23/23/21
f 14/14/14 11/11/11 13/13/13
f 13/13/13 24/24/22 14/14/14
f 25/25/23 24/24/22 13/13/13
f 13/13/13 12/12/12 25/25/23
f 23/23/21 24/24/22 25/25/23
f 25/25/23 26/26/24 23/23/21
f 26/26/24 27/27/25 28/28/26
f 28/28/26 23/23/21 26/26/24
f 29/29/27 26/26/24 25/25/23
f 25/25/23 30/30/28 29/29/27
f 30/30/28 25/25/23 12/12/12
f 12/12/12 31/31/29 30/30/28
f 31/31/29 12/12/12 10/10/10
f 10/10/10 32/32/30 31/31/29
f 32/32/30 10/10/10 9/9/9
f 9/9/9 33/33/31 32/32/30
f 8/8/8 6/6/6 34/34/32
f 34/34/32 9/9/9 8/8/8
f 34/34/32 6/6/6 4/4/4
f 4/4/4 3/3/3 34/34/32
f 35/35/33 34/34/32 3/3/3
f 3/3/3 36/36/34 35/35/33
f 37/37/35 38/38/36 2/2/2
f 2/2/2 1/1/1 37/37/35
f 39/39/37 40/40/38 41/41/39
f 41/41/39 42/42/40 39/39/37
f 38/38/36 37/37/35 43/43/41
f 43/43/41 44/44/42 38/38/36
f 19/19/18 45/45/43 46/46/44
f 46/46/44 43/43/41 19/19/18
f 40/40/38 44/44/42 43/43/41
f 43/43/41 46/46/44 40/40/38
f 40/40/38 46/46/44 45/45/43
f 45/45/43 41/41/39 40/40/38
f 41/41/39 45/45/43 47/47/45
f 47/47/45 48/48/46 41/41/39
f 18/18/17 47/47/45 45/45/43
f 45/45/43 19/19/18 18/18/17
f 19/19/18 43/43/41 37/37/35
f 37/37/35 20/20/19 19/19/18
f 37/37/35 1/1/1 5/5/5
f 5/5/5 20/20/19 37/37/35
f 42/42/40 41/41/39 48/48/46
f 48/48/46 49/49/47 42/42/40
f 50/50/48 48/48/46 51/51/45
f 51/51/45 52/52/49 50/50/48
f 53/53/50 54/54/51 50/50/48
f 50/50/48 52/52/49 53/53/50
f 52/52/49 21/21/20 28/28/26
f 28/28/26 53/53/50 52/52/49
f 52/52/49 51/51/45 22/22/17
f 22/22/17 21/21/20 52/52/49
f 55/55/52 50/50/48 54/54/51
f 54/54/51 56/56/53 55/55/52
f 27/27/25 54/54/51 53/53/50
f 53/53/50 28/28/26 27/27/25
f 23/23/21 28/28/26 21/21/20
f 21/21/20 15/15/15 23/23/21
f 56/56/53 54/54/51 27/27/25
f 27/27/25 57/57/54 56/56/53
f 2/2/2 58/58/55 36/36/34
f 36/36/34 3/3/3 2/2/2
f 26/26/24 29/29/27 57/57/54
f 57/57/54 27/27/25 26/26/24
f 34/34/32 35/35/33 33/33/31
f 33/33/31 9/9/9 34/34/32
f 38/38/36 59/59/56 58/58/55
f 58/58/55 2/2/2 38/38/36
f 44/44/42 60/60/57 59/59/56
f 59/59/56 38/38/36 44/44/42
f 40/40/38 39/39/37 60/60/57
f 60/60/57 44/44/42 40/40/38
f 50/50/48 55/55/52 49/49/47
f 49/49/47 48/48/46 50/50/48
f 61/61/58 33/33/31 35/35/33
f 32/32/30 33/33/31 61/61/58
f 61/61/58 35/35/33 36/36/34
f 31/31/29 32/32/30 61/61/58
f 62/62/58 36/36/34 58/58/55
f 61/61/58 36/36/34 62/62/58
f 62/62/58 58/58/55 59/59/56
f 63/63/58 59/59/56 60/60/57
f 62/62/58 59/59/56 63/63/58
f 63/63/58 60/60/57 39/39/37
f 64/64/58 39/39/37 42/42/40
f 63/63/58 39/39/37 64/64/58
f 64/64/58 42/42/40 49/49/47
f 65/65/58 49/49/47 55/55/52
f 64/64/58 49/49/47 65/65/58
f 65/65/58 55/55/52 56/56/53
f 66/66/58 56/56/53 57/57/54
f 65/65/58 56/56/53 66/66/58
f 66/66/58 57/57/54 29/29/27
f 67/67/58 29/29/27 30/30/28
f 66/66/58 29/29/27 67/67/58
f 67/67/58 30/30/28 31/31/29
f 67/67/58 31/31/29 61/61/58
f 68/68/58 61/61/58 62/62/58
f 67/67/58 61/61/58 68/68/58
f 66/66/58 67/67/58 68/68/58
f 65/65/58 66/66/58 68/68/58
f 64/64/58 65/65/58 68/68/58
f 68/68/58 62/62/58 63/63/58
f 68/68/58 63/63/58 64/64/58
f 69/69/59 70/70/60 71/71/61
f 71/71/61 72/72/62 69/69/59
f 73/73/63 74/74/64 70/70/60
f 70/70/60 69/69/59 73/73/63
f 75/75/65 76/76/66 74/74/64
f 74/74/64 73/73/63 75/75/65
f 77/77/67 78/78/68 76/76/66
f 76/76/66 75/75/65 77/77/67
f 79/79/69 80/80/70 78/78/68
f 78/78/68 77/77/67 79/79/69
f 81/81/71 82/82/72 80/80/70
f 80/80/70 79/79/69 81/81/71
f 83/83/73 84/84/74 82/82/72
f 82/82/72 81/81/71 83/83/73
f 85/85/75 86/86/76 84/84/74
f 84/84/74 83/83/73 85/85/75
f 87/87/77 88/88/78 86/86/76
f 86/86/76 85/85/75 87/87/77
f 89/89/79 90/90/80 88/88/78
f 88/88/78 87/87/77 89/89/79
f 91/91/81 92/92/82 93/93/80
f 93/93/80 94/94/79 91/91/81
f 95/95/83 96/96/84 92/92/82
f 92/92/82 91/91/81 95/95/83
f 97/97/85 98/98/86 96/96/84
f 96/96/84 95/95/83 97/97/85
f 99/99/87 100/100/88 98/98/86
f 98/98/86 97/97/85 99/99/87
f 101/101/89 102/102/90 100/100/88
f 100/100/88 99/99/87 101/101/89
f 103/103/91 104/104/92 102/102/90
f 102/102/90 101/101/89 103/103/91
f 105/105/93 69/69/59 72/72/62
f 72/72/62 106/106/94 105/105/93
f 107/107/95 73/73/63 69/69/59
f 69/69/59 105/105/93 107/107/95
f 108/108/96 75/75/65 73/73/63
f 73/73/63 107/107/95 108/108/96
f 109/109/97 77/77/67 75/75/65
f 75/75/65 108/108/96 109/109/97
f 110/110/98 79/79/69 77/77/67
f 77/77/67 109/109/97 110/110/98
f 111/111/99 81/81/71 79/79/69
f 79/79/69 110/110/98 111/111/99
f 112/112/100 83/83/73 81/81/71
f 81/81/71 111/111/99 112/112/100
f 113/113/101 85/85/75 83/83/73
f 83/83/73 112/112/100 113/113/101
f 114/114/102 87/87/77 85/85/75
f 85/85/75 113/113/101 114/114/102
f 115/115/103 89/89/79 87/87/77
f 87/87/77 114/114/102 115/115/103
f 116/116/104 91/91/81 94/94/79
f 94/94/79 115/115/103 116/116/104
f 117/117/105 95/95/83 91/91/81
f 91/91/81 116/116/104 117/117/105
f 118/118/106 97/97/85 95/95/83
f 95/95/83 117/117/105 118/118/106
f 119/119/107 99/99/87 97/97/85
f 97/97/85 118/118/106 119/119/107
f 120/120/108 101/101/89 99/99/87
f 99/99/87 119/119/107 120/120/108
f 121/121/109 103/103/91 101/101/89
f 101/101/89 120/120/108 121/121/109
f 122/122/110 71/71/61 70/70/60
f 122/122/110 70/70/60 74/74/64
f 122/122/110 74/74/64 76/76/66
f 122/122/110 76/76/66 78/78/68
f 122/122/110 78/78/68 80/80/70
f 122/122/110 80/80/70 82/82/72
f 122/122/110 82/82/72 84/84/74
f 122/122/110 84/84/74 86/86/76
f 122/122/110 86/86/76 88/88/78
f 122/122/110 88/88/78 90/90/80
f 123/123/110 93/93/80 92/92/82
f 123/123/110 92/92/82 96/96/84
f 123/123/110 96/96/84 98/98/86
f 123/123/110 98/98/86 100/100/88
f 123/123/110 100/100/88 102/102/90
f 123/123/110 102/102/90 104/104/92
f 124/124/111 125/125/112 126/126/113
f 126/126/113 127/127/114 124/124/111
f 128/128/115 124/124/111 127/127/114
f 127/127/114 129/129/116 128/128/115
f 130/130/117 128/128/115 129/129/116
f 129/129/116 131/131/118 130/130/117
f 132/132/119 130/130/117 131/131/118
f 131/131/118 133/133/120 132/132/119
f 134/134/121 132/132/119 133/133/120
f 133/133/120 135/135/122 134/134/121
f 136/136/123 134/134/121 135/135/122
f 135/135/122 137/137/124 136/136/123
f 138/138/125 136/136/123 139/139/124
f 139/139/124 140/140/126 138/138/125
f 141/141/127 138/138/125 140/140/126
f 140/140/126 142/142/128 141/141/127
f 143/143/129 141/141/127 142/142/128
f 142/142/128 144/144/130 143/143/129
f 145/145/131 143/143/129 144/144/130
f 144/144/130 146/146/132 145/145/131
f 147/147/133 145/145/131 146/146/132
f 146/146/132 148/148/134 147/147/133
f 149/149/135 147/147/133 148/148/134
f 148/148/134 150/150/136 149/149/135
f 151/151/137 149/149/135 150/150/136
f 150/150/136 152/152/138 151/151/137
f 153/153/139 151/151/137 152/152/138
f 152/152/138 154/154/140 153/153/139
f 155/155/141 153/153/139 154/154/140
f 154/154/140 156/156/142 155/155/141
f 157/157/143 155/155/141 156/156/142
f 156/156/142 158/158/144 157/157/143
f 159/159/145 160/160/146 125/125/112
f 125/125/112 124/124/111 159/159/145
f 161/161/147 159/159/145 124/124/111
f 124/124/111 128/128/115 161/161/147
f 162/162/148 161/161/147 128/128/115
f 128/128/115 130/130/117 162/162/148
f 163/163/149 162/162/148 130/130/117
f 130/130/117 132/132/119 163/163/149
f 164/164/150 163/163/149 132/132/119
f 132/132/119 134/134/121 164/164/150
f 165/165/151 164/164/150 134/134/121
f 134/134/121 136/136/123 165/165/151
f 166/166/152 165/165/151 136/136/123
f 136/136/123 138/138/125 166/166/152
f 167/167/153 166/166/152 138/138/125
f 138/138/125 141/141/127 167/167/153
f 168/168/154 167/167/153 141/141/127
f 141/141/127 143/143/129 168/168/154
f 169/169/155 168/168/154 143/143/129
f 143/143/129 145/145/131 169/169/155
f 170/170/156 169/169/155 145/145/131
f 145/145/131 147/147/133 170/170/156
f 171/171/157 170/170/156 147/147/133
f 147/147/133 149/149/135 171/171/157
f 172/172/158 171/171/157 149/149/135
f 149/149/135 151/151/137 172/172/158
f 173/173/159 172/172/158 151/151/137
f 151/151/137 153/153/139 173/173/159
f 174/174/160 173/173/159 153/153/139
f 153/153/139 155/155/141 174/174/160
f 175/175/161 174/174/160 155/155/141
f 155/155/141 157/157/143 175/175/161
f 127/127/114 126/126/113 176/176/162
f 129/129/116 127/127/114 176/176/162
f 131/131/118 129/129/116 176/176/162
f 133/133/120 131/131/118 176/176/162
f 135/135/122 133/133/120 176/176/162
f 137/137/124 135/135/122 176/176/162
f 140/140/126 139/139/124 177/177/162
f 142/142/128 140/140/126 177/177/162
f 144/144/130 142/142/128 177/177/162
f 146/146/132 144/144/130 177/177/162
f 148/148/134 146/146/132 177/177/162
f 150/150/136 148/148/134 177/177/162
f 152/152/138 150/150/136 177/177/162
f 154/154/140 152/152/138 177/177/162
f 156/156/142 154/154/140 177/177/162
f 158/158/144 156/156/142 177/177/162
f 178/178/163 104/104/92 103/103/91
f 103/103/91 179/179/164 178/178/163
f 178/178/163 158/158/144 177/177/162
f 177/177/162 180/180/165 178/178/163
f 181/181/166 71/71/61 122/122/110
f 122/122/110 182/182/165 181/181/166
f 181/181/166 126/126/113 125/125/112
f 125/125/112 183/183/167 181/181/166
f 179/179/164 103/103/91 121/121/109
f 121/121/109 184/184/168 179/179/164
f 183/183/167 125/125/112 160/160/146
f 160/160/146 185/185/169 183/183/167
f 105/105/93 106/106/94 186/186/170
f 186/186/170 187/187/171 105/105/93
f 107/107/95 105/105/93 187/187/171
f 187/187/171 188/188/172 107/107/95
f 108/108/96 107/107/95 188/188/172
f 188/188/172 189/189/173 108/108/96
f 109/109/97 108/108/96 189/189/173
f 189/189/173 190/190/174 109/109/97
f 110/110/98 109/109/97 190/190/174
f 190/190/174 191/191/175 110/110/98
f 111/111/99 110/110/98 191/191/175
f 191/191/175 192/192/176 111/111/99
f 112/112/100 111/111/99 192/192/176
f 192/192/176 193/193/177 112/112/100
f 113/113/101 112/112/100 193/193/177
f 193/193/177 194/194/178 113/113/101
f 114/114/102 113/113/101 194/194/178
f 194/194/178 195/195/179 114/114/102
f 115/115/103 114/114/102 195/195/179
f 195/195/179 196/196/180 115/115/103
f 116/116/104 115/115/103 196/196/180
f 196/196/180 197/197/181 116/116/104
f 117/117/105 116/116/104 197/197/181
f 197/197/181 198/198/182 117/117/105
f 118/118/106 117/117/105 198/198/182
f 198/198/182 199/199/183 118/118/106
f 119/119/107 118/118/106 199/199/183
f 199/199/183 200/200/184 119/119/107
f 120/120/108 119/119/107 200/200/184
f 200/200/184 201/201/185 120/120/108
f 121/121/109 120/120/108 201/201/185
f 201/201/185 202/202/186 121/121/109
f 203/203/187 185/185/169 160/160/146
f 160/160/146 204/204/188 203/203/187
f 203/203/187 205/205/189 206/206/190
f 206/206/190 186/186/170 203/203/187
f 207/207/191 205/205/189 208/208/192
f 208/208/192 209/209/193 207/207/191
f 207/207/191 184/184/168 121/121/109
f 121/121/109 202/202/186 207/207/191
f 208/208/192 210/210/194 209/209/193
f 208/208/192 211/211/195 210/210/194
f 208/208/192 212/212/196 211/211/195
f 208/208/192 213/213/197 212/212/196
f 208/208/192 214/214/198 213/213/197
f 208/208/192 215/215/199 214/214/198
f 208/208/192 216/216/200 215/215/199
f 208/208/192 217/217/201 216/216/200
f 208/208/192 218/218/202 217/217/201
f 208/208/192 219/219/203 218/218/202
f 208/208/192 220/220/204 219/219/203
f 208/208/192 221/221/205 220/220/204
f 187/187/171 186/186/170 206/206/190
f 188/188/172 187/187/171 206/206/190
f 189/189/173 188/188/172 206/206/190
f 190/190/174 189/189/173 206/206/190
f 191/191/175 190/190/174 206/206/190
f 192/192/176 191/191/175 206/206/190
f 193/193/177 192/192/176 206/206/190
f 194/194/178 193/193/177 206/206/190
f 195/195/179 194/194/178 206/206/190
f 196/196/180 195/195/179 206/206/190
f 197/197/181 196/196/180 206/206/190
f 198/198/182 197/197/181 206/206/190
f 199/199/183 198/198/182 206/206/190
f 200/200/184 199/199/183 206/206/190
f 201/201/185 200/200/184 206/206/190
f 202/202/186 201/201/185 206/206/190
f 159/159/145 222/222/206 204/204/188
f 204/204/188 160/160/146 159/159/145
f 161/161/147 223/223/207 222/222/206
f 222/222/206 159/159/145 161/161/147
f 162/162/148 224/224/208 223/223/207
f 223/223/207 161/161/147 162/162/148
f 163/163/149 221/221/205 224/224/208
f 224/224/208 162/162/148 163/163/149
f 164/164/150 220/220/204 221/221/205
f 221/221/205 163/163/149 164/164/150
f 165/165/151 219/219/203 220/220/204
f 220/220/204 164/164/150 165/165/151
f 166/166/152 218/218/202 219/219/203
f 219/219/203 165/165/151 166/166/152
f 167/167/153 217/217/201 218/218/202
f 218/218/202 166/166/152 167/167/153
f 168/168/154 216/216/200 217/217/201
f 217/217/201 167/167/153 168/168/154
f 169/169/155 215/215/199 216/216/200
f 216/216/200 168/168/154 169/169/155
f 170/170/156 214/214/198 215/215/199
f 215/215/199 169/169/155 170/170/156
f 171/171/157 213/213/197 214/214/198
f 214/214/198 170/170/156 171/171/157
f 172/172/158 212/212/196 213/213/197
f 213/213/197 171/171/157 172/172/158
f 173/173/159 211/211/195 212/212/196
f 212/212/196 172/172/158 173/173/159
f 174/174/160 210/210/194 211/211/195
f 211/211/195 173/173/159 174/174/160
f 175/175/161 209/209/193 210/210/194
f 210/210/194 174/174/160 175/175/161
f 208/208/192 224/224/208 221/221/205
f 208/208/192 223/223/207 224/224/208
f 208/208/192 222/222/206 223/223/207
f 208/208/192 204/204/188 222/222/206
f 158/158/144 178/178/163 179/179/164
f 179/179/164 157/157/143 158/158/144
f 104/104/92 178/178/163 180/180/165
f 180/180/165 123/123/110 104/104/92
f 126/126/113 181/181/166 182/182/165
f 182/182/165 176/176/162 126/126/113
f 71/71/61 181/181/166 183/183/167
f 183/183/167 72/72/62 71/71/61
f 157/157/143 179/179/164 184/184/168
f 184/184/168 175/175/161 157/157/143
f 72/72/62 183/183/167 185/185/169
f 185/185/169 106/106/94 72/72/62
f 186/186/170 106/106/94 185/185/169
f 185/185/169 203/203/187 186/186/170
f 204/204/188 208/208/192 205/205/189
f 205/205/189 203/203/187 204/204/188
f 202/202/186 206/206/190 205/205/189
f 205/205/189 207/207/191 202/202/186
f 209/209/193 175/175/161 184/184/168
f 184/184/168 207/207/191 209/209/193
f 225/225/209 226/226/210 227/227/211
f 227/227/211 228/228/212 225/225/209
f 229/229/213 230/230/214 226/226/210
f 226/226/210 225/225/209 229/229/213
f 231/231/215 232/232/216 230/230/214
f 230/230/214 229/229/213 231/231/215
f 233/233/217 234/234/218 232/232/216
f 232/232/216 231/231/215 233/233/217
f 235/235/219 236/236/220 234/234/218
f 234/234/218 233/233/217 235/235/219
f 237/237/221 238/238/222 236/236/220
f 236/236/220 235/235/219 237/237/221
f 239/239/223 240/240/224 238/238/222
f 238/238/222 237/237/221 239/239/223
f 241/241/225 242/242/226 243/243/224
f 243/243/224 239/239/223 241/241/225
f 244/244/227 245/245/228 242/242/226
f 242/242/226 241/241/225 244/244/227
f 246/246/229 247/247/230 245/245/228
f 245/245/228 244/244/227 246/246/229
f 248/248/231 249/249/232 247/247/230
f 247/247/230 246/246/229 248/248/231
f 250/250/233 251/251/234 249/249/232
f 249/249/232 248/248/231 250/250/233
f 252/252/235 253/253/236 251/251/234
f 251/251/234 250/250/233 252/252/235
f 254/254/237 255/255/238 253/253/236
f 253/253/236 252/252/235 254/254/237
f 256/256/239 257/257/240 255/255/238
f 255/255/238 254/254/237 256/256/239
f 258/258/241 259/259/242 257/257/240
f 257/257/240 256/256/239 258/258/241
f 260/260/243 225/225/209 228/228/212
f 228/228/212 261/261/244 260/260/243
f 262/262/245 229/229/213 225/225/209
f 225/225/209 260/260/243 262/262/245
f 263/263/246 231/231/215 229/229/213
f 229/229/213 262/262/245 263/263/246
f 264/264/247 233/233/217 231/231/215
f 231/231/215 263/263/246 264/264/247
f 265/265/248 235/235/219 233/233/217
f 233/233/217 264/264/247 265/265/248
f 266/266/249 237/237/221 235/235/219
f 235/235/219 265/265/248 266/266/249
f 267/267/250 239/239/223 237/237/221
f 237/237/221 266/266/249 267/267/250
f 268/268/251 241/241/225 239/239/223
f 239/239/223 267/267/250 268/268/251
f 269/269/252 244/244/227 241/241/225
f 241/241/225 268/268/251 269/269/252
f 270/270/253 246/246/229 244/244/227
f 244/244/227 269/269/252 270/270/253
f 271/271/254 248/248/231 246/246/229
f 246/246/229 270/270/253 271/271/254
f 272/272/255 250/250/233 248/248/231
f 248/248/231 271/271/254 272/272/255
f 273/273/256 252/252/235 250/250/233
f 250/250/233 272/272/255 273/273/256
f 274/274/257 254/254/237 252/252/235
f 252/252/235 273/273/256 274/274/257
f 275/275/258 256/256/239 254/254/237
f 254/254/237 274/274/257 275/275/258
f 276/276/259 258/258/241 256/256/239
f 256/256/239 275/275/258 276/276/259
f 277/277/260 227/227/211 226/226/210
f 277/277/260 226/226/210 230/230/214
f 277/277/260 230/230/214 232/232/216
f 277/277/260 232/232/216 234/234/218
f 277/277/260 234/234/218 236/236/220
f 277/277/260 236/236/220 238/238/222
f 277/277/260 238/238/222 240/240/224
f 278/278/260 243/243/224 242/242/226
f 278/278/260 242/242/226 245/245/228
f 278/278/260 245/245/228 247/247/230
f 278/278/260 247/247/230 249/249/232
f 278/278/260 249/249/232 251/251/234
f 278/278/260 251/251/234 253/253/236
f 278/278/260 253/253/236 255/255/238
f 278/278/260 255/255/238 257/257/240
f 278/278/260 257/257/240 259/259/242
f 279/279/261 280/280/262 281/281/263
f 281/281/263 282/282/264 279/279/261
f 283/283/265 279/279/261 282/282/264
f 282/282/264 284/284/266 283/283/265
f 285/285/267 283/283/265 284/284/266
f 284/284/266 286/286/268 285/285/267
f 287/287/269 285/285/267 286/286/268
f 286/286/268 288/288/270 287/287/269
f 289/289/271 287/287/269 288/288/270
f 288/288/270 290/290/272 289/289/271
f 291/291/273 289/289/271 290/290/272
f 290/290/272 292/292/274 291/291/273
f 293/293/275 291/291/273 292/292/274
f 292/292/274 294/294/276 293/293/275
f 295/295/277 293/293/275 294/294/276
f 294/294/276 296/296/278 295/295/277
f 297/297/279 295/295/277 296/296/278
f 296/296/278 298/298/280 297/297/279
f 299/299/281 297/297/279 298/298/280
f 298/298/280 300/300/282 299/299/281
f 301/301/283 299/299/281 300/300/282
f 300/300/282 302/302/284 301/301/283
f 303/303/285 304/304/283 305/305/284
f 305/305/284 306/306/286 303/303/285
f 307/307/287 303/303/285 306/306/286
f 306/306/286 308/308/288 307/307/287
f 309/309/289 307/307/287 308/308/288
f 308/308/288 310/310/290 309/309/289
f 311/311/291 309/309/289 310/310/290
f 310/310/290 312/312/292 311/311/291
f 313/313/293 311/311/291 312/312/292
f 312/312/292 314/314/294 313/313/293
f 315/315/295 316/316/296 280/280/262
f 280/280/262 279/279/261 315/315/295
f 317/317/297 315/315/295 279/279/261
f 279/279/261 283/283/265 317/317/297
f 318/318/298 317/317/297 283/283/265
f 283/283/265 285/285/267 318/318/298
f 319/319/299 318/318/298 285/285/267
f 285/285/267 287/287/269 319/319/299
f 320/320/300 319/319/299 287/287/269
f 287/287/269 289/289/271 320/320/300
f 321/321/301 320/320/300 289/289/271
f 289/289/271 291/291/273 321/321/301
f 322/322/302 321/321/301 291/291/273
f 291/291/273 293/293/275 322/322/302
f 323/323/303 322/322/302 293/293/275
f 293/293/275 295/295/277 323/323/303
f 324/324/304 323/323/303 295/295/277
f 295/295/277 297/297/279 324/324/304
f 325/325/305 324/324/304 297/297/279
f 297/297/279 299/299/281 325/325/305
f 326/326/306 325/325/305 299/299/281
f 299/299/281 301/301/283 326/326/306
f 327/327/307 326/326/306 304/304/283
f 304/304/283 303/303/285 327/327/307
f 328/328/308 327/327/307 303/303/285
f 303/303/285 307/307/287 328/328/308
f 329/329/309 328/328/308 307/307/287
f 307/307/287 309/309/289 329/329/309
f 330/330/310 329/329/309 309/309/289
f 309/309/289 311/311/291 330/330/310
f 331/331/311 330/330/310 311/311/291
f 311/311/291 313/313/293 331/331/311
f 282/282/264 281/281/263 332/332/312
f 284/284/266 282/282/264 332/332/312
f 286/286/268 284/284/266 332/332/312
f 288/288/270 286/286/268 332/332/312
f 290/290/272 288/288/270 332/332/312
f 292/292/274 290/290/272 332/332/312
f 294/294/276 292/292/274 332/332/312
f 296/296/278 294/294/276 332/332/312
f 298/298/280 296/296/278 332/332/312
f 300/300/282 298/298/280 332/332/312
f 302/302/284 300/300/282 332/332/312
f 306/306/286 305/305/284 333/333/312
f 308/308/288 306/306/286 333/333/312
f 310/310/290 308/308/288 333/333/312
f 312/312/292 310/310/290 333/333/312
f 314/314/294 312/312/292 333/333/312
f 334/334/313 259/259/242 258/258/241
f 258/258/241 335/335/314 334/334/313
f 334/334/313 314/314/294 333/333/312
f 333/333/312 336/336/315 334/334/313
f 337/337/316 227/227/211 277/277/260
f 277/277/260 338/338/315 337/337/316
f 337/337/316 281/281/263 280/280/262
f 280/280/262 339/339/317 337/337/316
f 335/335/314 258/258/241 276/276/259
f 276/276/259 340/340/318 335/335/314
f 339/339/317 280/280/262 316/316/296
f 316/316/296 341/341/319 339/339/317
f 260/260/243 261/261/244 342/342/320
f 342/342/320 343/343/321 260/260/243
f 262/262/245 260/260/243 343/343/321
f 343/343/321 344/344/322 262/262/245
f 263/263/246 262/262/245 344/344/322
f 344/344/322 345/345/323 263/263/246
f 264/264/247 263/263/246 345/345/323
f 345/345/323 346/346/324 264/264/247
f 265/265/248 264/264/247 346/346/324
f 346/346/324 347/347/325 265/265/248
f 266/266/249 265/265/248 347/347/325
f 347/347/325 348/348/326 266/266/249
f 267/267/250 266/266/249 348/348/326
f 348/348/326 349/349/327 267/267/250
f 268/268/251 267/267/250 349/349/327
f 349/349/327 350/350/328 268/268/251
f 269/269/252 268/268/251 350/350/328
f 350/350/328 351/351/329 269/269/252
f 270/270/253 269/269/252 351/351/329
f 351/351/329 352/352/330 270/270/253
f 271/271/254 270/270/253 352/352/330
f 352/352/330 353/353/331 271/271/254
f 272/272/255 271/271/254 353/353/331
f 353/353/331 354/354/332 272/272/255
f 273/273/256 272/272/255 354/354/332
f 354/354/332 355/355/333 273/273/256
f 274/274/257 273/273/256 355/355/333
f 355/355/333 356/356/334 274/274/257
f 275/275/258 274/274/257 356/356/334
f 356/356/334 357/357/335 275/275/258
f 276/276/259 275/275/258 357/357/335
f 357/357/335 358/358/336 276/276/259
f 359/359/337 341/341/319 316/316/296
f 316/316/296 360/360/338 359/359/337
f 359/359/337 361/361/339 362/362/340
f 362/362/340 342/342/320 359/359/337
f 363/363/341 361/361/339 364/364/342
f 364/364/342 365/365/343 363/363/341
f 363/363/341 340/340/318 276/276/259
f 276/276/259 358/358/336 363/363/341
f 364/364/342 366/366/344 365/365/343
f 364/364/342 367/367/345 366/366/344
f 364/364/342 368/368/346 367/367/345
f 364/364/342 369/369/347 368/368/346
f 364/364/342 370/370/348 369/369/347
f 364/364/342 371/371/349 370/370/348
f 364/364/342 372/372/350 371/371/349
f 364/364/342 373/373/351 372/372/350
f 364/364/342 374/374/352 373/373/351
f 364/364/342 375/375/353 374/374/352
f 364/364/342 376/376/354 375/375/353
f 364/364/342 377/377/355 376/376/354
f 343/343/321 342/342/320 362/362/340
f 344/344/322 343/343/321 362/362/340
f 345/345/323 344/344/322 362/362/340
f 346/346/324 345/345/323 362/362/340
f 347/347/325 346/346/324 362/362/340
f 348/348/326 347/347/325 362/362/340
f 349/349/327 348/348/326 362/362/340
f 350/350/328 349/349/327 362/362/340
f 351/351/329 350/350/328 362/362/340
f 352/352/330 351/351/329 362/362/340
f 353/353/331 352/352/330 362/362/340
f 354/354/332 353/353/331 362/362/340
f 355/355/333 354/354/332 362/362/340
f 356/356/334 355/355/333 362/362/340
f 357/357/335 356/356/334 362/362/340
f 358/358/336 357/357/335 362/362/340
f 315/315/295 378/378/356 360/360/338
f 360/360/338 316/316/296 315/315/295
f 317/317/297 379/379/357 378/378/356
f 378/378/356 315/315/295 317/317/297
f 318/318/298 380/380/358 379/379/357
f 379/379/357 317/317/297 318/318/298
f 319/319/299 377/377/355 380/380/358
f 380/380/358 318/318/298 319/319/299
f 320/320/300 376/376/354 377/377/355
f 377/377/355 319/319/299 320/320/300
f 321/321/301 375/375/353 376/376/354
f 376/376/354 320/320/300 321/321/301
f 322/322/302 374/374/352 375/375/353
f 375/375/353 321/321/301 322/322/302
f 323/323/303 373/373/351 374/374/352
f 374/374/352 322/322/302 323/323/303
f 324/324/304 372/372/350 373/373/351
f 373/373/351 323/323/303 324/324/304
f 325/325/305 371/371/349 372/372/350
f 372/372/350 324/324/304 325/325/305
f 326/326/306 370/370/348 371/371/349
f 371/371/349 325/325/305 326/326/306
f 327/327/307 369/369/347 370/370/348
f 370/370/348 326/326/306 327/327/307
f 328/328/308 368/368/346 369/369/347
f 369/369/347 327/327/307 328/328/308
f 329/329/309 367/367/345 368/368/346
f 368/368/346 328/328/308 329/329/309
f 330/330/310 366/366/344 367/367/345
f 367/367/345 329/329/309 330/330/310
f 331/331/311 365/365/343 366/366/344
f 366/366/344 330/330/310 331/331/311
f 364/364/342 380/380/358 377/377/355
f 364/364/342 379/379/357 380/380/358
f 364/364/342 378/378/356 379/379/357
f 364/364/342 360/360/338 378/378/356
f 314/314/294 334/334/313 335/335/314
f 335/335/314 313/313/293 314/314/294
f 259/259/242 334/334/313 336/336/315
f 336/336/315 278/278/260 259/259/242
f 281/281/263 337/337/316 338/338/315
f 338/338/315 332/332/312 281/281/263
f 227/227/211 337/337/316 339/339/317
f 339/339/317 228/228/212 227/227/211
f 313/313/293 335/335/314 340/340/318
f 340/340/318 331/331/311 313/313/293
f 228/228/212 339/339/317 341/341/319
f 341/341/319 261/261/244 228/228/212
f 342/342/320 261/261/244 341/341/319
f 341/341/319 359/359/337 342/342/320
f 360/360/338 364/364/342 361/361/339
f 361/361/339 359/359/337 360/360/338
f 358/358/336 362/362/340 361/361/339
f 361/361/339 363/363/341 358/358/336
f 365/365/343 331/331/311 340/340/318
f 340/340/318 363/363/341 365/365/343
f 381/381/359 382/382/360 383/383/361
f 383/383/361 384/384/362 381/381/359
f 385/385/363 386/386/364 382/382/360
f 382/382/360 381/381/359 385/385/363
f 387/387/365 388/388/366 386/386/364
f 386/386/364 385/385/363 387/387/365
f 389/389/367 390/390/368 388/388/366
f 388/388/366 387/387/365 389/389/367
f 391/391/369 392/392/370 390/390/368
f 390/390/368 389/389/367 391/391/369
f 393/393/371 394/394/372 392/392/370
f 392/392/370 391/391/369 393/393/371
f 395/395/373 396/396/374 394/394/372
f 394/394/372 393/393/371 395/395/373
f 397/397/375 398/398/376 396/396/374
f 396/396/374 395/395/373 397/397/375
f 399/399/377 400/400/378 398/398/376
f 398/398/376 397/397/375 399/399/377
f 401/401/379 402/402/380 403/403/378
f 403/403/378 404/404/377 401/401/379
f 405/405/381 406/406/382 402/402/380
f 402/402/380 401/401/379 405/405/381
f 407/407/383 408/408/384 406/406/382
f 406/406/382 405/405/381 407/407/383
f 409/409/385 410/410/386 408/408/384
f 408/408/384 407/407/383 409/409/385
f 411/411/387 412/412/388 410/410/386
f 410/410/386 409/409/385 411/411/387
f 413/413/389 414/414/390 412/412/388
f 412/412/388 411/411/387 413/413/389
f 415/415/391 416/416/392 414/414/390
f 414/414/390 413/413/389 415/415/391
f 417/417/393 381/381/359 384/384/362
f 384/384/362 418/418/394 417/417/393
f 419/419/395 385/385/363 381/381/359
f 381/381/359 417/417/393 419/419/395
f 420/420/396 387/387/365 385/385/363
f 385/385/363 419/419/395 420/420/396
f 421/421/397 389/389/367 387/387/365
f 387/387/365 420/420/396 421/421/397
f 422/422/398 391/391/369 389/389/367
f 389/389/367 421/421/397 422/422/398
f 423/423/399 393/393/371 391/391/369
f 391/391/369 422/422/398 423/423/399
f 424/424/400 395/395/373 393/393/371
f 393/393/371 423/423/399 424/424/400
f 425/425/401 397/397/375 395/395/373
f 395/395/373 424/424/400 425/425/401
f 426/426/402 399/399/377 397/397/375
f 397/397/375 425/425/401 426/426/402
f 427/427/403 401/401/379 404/404/377
f 404/404/377 428/428/402 427/427/403
f 429/429/404 405/405/381 401/401/379
f 401/401/379 427/427/403 429/429/404
f 430/430/405 407/407/383 405/405/381
f 405/405/381 429/429/404 430/430/405
f 431/431/406 409/409/385 407/407/383
f 407/407/383 430/430/405 431/431/406
f 432/432/407 411/411/387 409/409/385
f 409/409/385 431/431/406 432/432/407
f 433/433/408 413/413/389 411/411/387
f 411/411/387 432/432/407 433/433/408
f 434/434/409 415/415/391 413/413/389
f 413/413/389 433/433/408 434/434/409
f 435/435/410 383/383/361 382/382/360
f 435/435/410 382/382/360 386/386/364
f 435/435/410 386/386/364 388/388/366
f 435/435/410 388/388/366 390/390/368
f 435/435/410 390/390/368 392/392/370
f 435/435/410 392/392/370 394/394/372
f 435/435/410 394/394/372 396/396/374
f 435/435/410 396/396/374 398/398/376
f 435/435/410 398/398/376 400/400/378
f 436/436/410 403/403/378 402/402/380
f 436/436/410 402/402/380 406/406/382
f 436/436/410 406/406/382 408/408/384
f 436/436/410 408/408/384 410/410/386
f 436/436/410 410/410/386 412/412/388
f 436/436/410 412/412/388 414/414/390
f 436/436/410 414/414/390 416/416/392
f 437/437/411 438/438/412 439/439/413
f 439/439/413 440/440/414 437/437/411
f 441/441/415 437/437/411 440/440/414
f 440/440/414 442/442/416 441/441/415
f 443/443/417 441/441/415 442/442/416
f 442/442/416 444/444/418 443/443/417
f 445/445/419 443/443/417 444/444/418
f 444/444/418 446/446/420 445/445/419
f 447/447/421 445/445/419 446/446/420
f 446/446/420 448/448/422 447/447/421
f 449/449/423 447/447/421 448/448/422
f 448/448/422 450/450/424 449/449/423
f 451/451/425 449/449/423 450/450/424
f 450/450/424 452/452/426 451/451/425
f 453/453/427 454/454/425 455/455/426
f 455/455/426 456/456/428 453/453/427
f 457/457/429 453/453/427 456/456/428
f 456/456/428 458/458/430 457/457/429
f 459/459/431 457/457/429 458/458/430
f 458/458/430 460/460/432 459/459/431
f 461/461/433 459/459/431 460/460/432
f 460/460/432 462/462/434 461/461/433
f 463/463/435 461/461/433 462/462/434
f 462/462/434 464/464/436 463/463/435
f 465/465/437 463/463/435 464/464/436
f 464/464/436 466/466/438 465/465/437
f 467/467/439 465/465/437 466/466/438
f 466/466/438 468/468/440 467/467/439
f 469/469/441 467/467/439 468/468/440
f 468/468/440 470/470/442 469/469/441
f 471/471/443 469/469/441 470/470/442
f 470/470/442 472/472/444 471/471/443
f 473/473/445 474/474/446 438/438/412
f 438/438/412 437/437/411 473/473/445
f 475/475/447 473/473/445 437/437/411
f 437/437/411 441/441/415 475/475/447
f 476/476/448 475/475/447 441/441/415
f 441/441/415 443/443/417 476/476/448
f 477/477/449 476/476/448 443/443/417
f 443/443/417 445/445/419 477/477/449
f 478/478/450 477/477/449 445/445/419
f 445/445/419 447/447/421 478/478/450
f 479/479/451 478/478/450 447/447/421
f 447/447/421 449/449/423 479/479/451
f 480/480/452 479/479/451 449/449/423
f 449/449/423 451/451/425 480/480/452
f 481/481/453 480/480/452 454/454/425
f 454/454/425 453/453/427 481/481/453
f 482/482/454 481/481/453 453/453/427
f 453/453/427 457/457/429 482/482/454
f 483/483/455 482/482/454 457/457/429
f 457/457/429 459/459/431 483/483/455
f 484/484/456 483/483/455 459/459/431
f 459/459/431 461/461/433 484/484/456
f 485/485/457 484/484/456 461/461/433
f 461/461/433 463/463/435 485/485/457
f 486/486/458 485/485/457 463/463/435
f 463/463/435 465/465/437 486/486/458
f 487/487/459 486/486/458 465/465/437
f 465/465/437 467/467/439 487/487/459
f 488/488/460 487/487/459 467/467/439
f 467/467/439 469/469/441 488/488/460
f 489/489/461 488/488/460 469/469/441
f 469/469/441 471/471/443 489/489/461
f 440/440/414 439/439/413 490/490/462
f 442/442/416 440/440/414 490/490/462
f 444/444/418 442/442/416 490/490/462
f 446/446/420 444/444/418 490/490/462
f 448/448/422 446/446/420 490/490/462
f 450/450/424 448/448/422 490/490/462
f 452/452/426 450/450/424 490/490/462
f 491/491/428 452/452/426 490/490/462
f 492/492/430 491/491/428 490/490/462
f 460/460/432 458/458/430 493/493/462
f 462/462/434 460/460/432 493/493/462
f 464/464/436 462/462/434 493/493/462
f 466/466/438 464/464/436 493/493/462
f 468/468/440 466/466/438 493/493/462
f 470/470/442 468/468/440 493/493/462
f 472/472/444 470/470/442 493/493/462
f 494/494/463 416/416/392 415/415/391
f 415/415/391 495/495/464 494/494/463
f 494/494/463 472/472/444 493/493/462
f 493/493/462 496/496/465 494/494/463
f 497/497/466 383/383/361 435/435/410
f 435/435/410 498/498/465 497/497/466
f 497/497/466 439/439/413 438/438/412
f 438/438/412 499/499/467 497/497/466
f 495/495/464 415/415/391 434/434/409
f 434/434/409 500/500/468 495/495/464
f 499/499/467 438/438/412 474/474/446
f 474/474/446 501/501/469 499/499/467
f 417/417/393 418/418/394 502/502/470
f 502/502/470 503/503/471 417/417/393
f 419/419/395 417/417/393 503/503/471
f 503/503/471 504/504/472 419/419/395
f 420/420/396 419/419/395 504/504/472
f 504/504/472 505/505/473 420/420/396
f 421/421/397 420/420/396 505/505/473
f 505/505/473 506/506/474 421/421/397
f 422/422/398 421/421/397 506/506/474
f 506/506/474 507/507/475 422/422/398
f 423/423/399 422/422/398 507/507/475
f 507/507/475 508/508/476 423/423/399
f 424/424/400 423/423/399 508/508/476
f 508/508/476 509/509/477 424/424/400
f 425/425/401 424/424/400 509/509/477
f 509/509/477 510/510/478 425/425/401
f 426/426/402 425/425/401 510/510/478
f 510/510/478 511/511/479 426/426/402
f 427/427/403 428/428/402 512/512/479
f 512/512/479 513/513/480 427/427/403
f 429/429/404 427/427/403 513/513/480
f 513/513/480 514/514/481 429/429/404
f 430/430/405 429/429/404 514/514/481
f 514/514/481 515/515/482 430/430/405
f 431/431/406 430/430/405 515/515/482
f 515/515/482 516/516/483 431/431/406
f 432/432/407 431/431/406 516/516/483
f 516/516/483 517/517/484 432/432/407
f 433/433/408 432/432/407 517/517/484
f 517/517/484 518/518/485 433/433/408
f 434/434/409 433/433/408 518/518/485
f 518/518/485 519/519/486 434/434/409
f 520/520/487 501/501/469 474/474/446
f 474/474/446 521/521/488 520/520/487
f 520/520/487 522/522/489 523/523/490
f 523/523/490 502/502/470 520/520/487
f 524/524/491 522/522/489 525/525/492
f 525/525/492 526/526/493 524/524/491
f 524/524/491 500/500/468 434/434/409
f 434/434/409 519/519/486 524/524/491
f 525/525/492 527/527/494 526/526/493
f 525/525/492 528/528/495 527/527/494
f 525/525/492 529/529/496 528/528/495
f 525/525/492 530/530/497 529/529/496
f 525/525/492 531/531/498 530/530/497
f 525/525/492 532/532/499 531/531/498
f 525/525/492 533/533/500 532/532/499
f 525/525/492 534/534/501 533/533/500
f 525/525/492 535/535/502 534/534/501
f 525/525/492 536/536/503 535/535/502
f 525/525/492 537/537/504 536/536/503
f 525/525/492 538/538/505 537/537/504
f 503/503/471 502/502/470 523/523/490
f 504/504/472 503/503/471 523/523/490
f 505/505/473 504/504/472 523/523/490
f 506/506/474 505/505/473 523/523/490
f 507/507/475 506/506/474 523/523/490
f 508/508/476 507/507/475 523/523/490
f 509/509/477 508/508/476 523/523/490
f 539/539/478 509/509/477 523/523/490
f 512/512/479 539/539/478 523/523/490
f 513/513/480 512/512/479 523/523/490
f 514/514/481 513/513/480 523/523/490
f 515/515/482 514/514/481 523/523/490
f 516/516/483 515/515/482 523/523/490
f 517/517/484 516/516/483 523/523/490
f 518/518/485 517/517/484 523/523/490
f 519/519/486 518/518/485 523/523/490
f 473/473/445 540/540/506 521/521/488
f 521/521/488 474/474/446 473/473/445
f 475/475/447 541/541/507 540/540/506
f 540/540/506 473/473/445 475/475/447
f 476/476/448 542/542/508 541/541/507
f 541/541/507 475/475/447 476/476/448
f 477/477/449 538/538/505 542/542/508
f 542/542/508 476/476/448 477/477/449
f 478/478/450 537/537/504 538/538/505
f 538/538/505 477/477/449 478/478/450
f 479/479/451 536/536/503 537/537/504
f 537/537/504 478/478/450 479/479/451
f 480/480/452 535/535/502 536/536/503
f 536/536/503 479/479/451 480/480/452
f 481/481/453 534/534/501 535/535/502
f 535/535/502 480/480/452 481/481/453
f 482/482/454 533/533/500 534/534/501
f 534/534/501 481/481/453 482/482/454
f 483/483/455 532/532/499 533/533/500
f 533/533/500 482/482/454 483/483/455
f 484/484/456 531/531/498 532/532/499
f 532/532/499 483/483/455 484/484/456
f 485/485/457 530/530/497 531/531/498
f 531/531/498 484/484/456 485/485/457
f 486/486/458 529/529/496 530/530/497
f 530/530/497 485/485/457 486/486/458
f 487/487/459 528/528/495 529/529/496
f 529/529/496 486/486/458 487/487/459
f 488/488/460 527/527/494 528/528/495
f 528/528/495 487/487/459 488/488/460
f 489/489/461 526/526/493 527/527/494
f 527/527/494 488/488/460 489/489/461
f 525/525/492 542/542/508 538/538/505
f 525/525/492 541/541/507 542/542/508
f 525/525/492 540/540/506 541/541/507
f 525/525/492 521/521/488 540/540/506
f 472/472/444 494/494/463 495/495/464
f 495/495/464 471/471/443 472/472/444
f 416/416/392 494/494/463 496/496/465
f 496/496/465 436/436/410 416/416/392
f 439/439/413 497/497/466 498/498/465
f 498/498/465 490/490/462 439/439/413
f 383/383/361 497/497/466 499/499/467
f 499/499/467 384/384/362 383/383/361
f 471/471/443 495/495/464 500/500/468
f 500/500/468 489/489/461 471/471/443
f 384/384/362 499/499/467 501/501/469
f 501/501/469 418/418/394 384/384/362
f 502/502/470 418/418/394 501/501/469
f 501/501/469 520/520/487 502/502/470
f 521/521/488 525/525/492 522/522/489
f 522/522/489 520/520/487 521/521/488
f 519/519/486 523/523/490 522/522/489
f 522/522/489 524/524/491 519/519/486
f 526/526/493 489/489/461 500/500/468
f 500/500/468 524/524/491 526/526/493
f 543/543/509 544/544/510 545/545/511
f 545/545/511 546/546/512 543/543/509
f 547/547/513 548/548/514 544/544/510
f 544/544/510 543/543/509 547/547/513
f 549/549/515 550/550/516 548/548/514
f 548/548/514 547/547/513 549/549/515
f 550/550/516 551/551/517 552/552/518
f 552/552/518 553/553/519 550/550/516
f 554/554/520 552/552/518 551/551/517
f 551/551/517 555/555/521 554/554/520
f 551/551/517 550/550/516 549/549/515
f 549/549/515 556/556/522 551/551/517
f 556/556/522 549/549/515 557/557/16
f 557/557/16 558/558/523 556/556/522
f 559/559/16 560/560/524 561/561/525
f 561/561/525 562/562/526 559/559/16
f 557/557/16 563/563/526 564/564/527
f 564/564/527 558/558/523 557/557/16
f 559/559/16 549/549/515 547/547/513
f 547/547/513 560/560/524 559/559/16
f 565/565/528 566/566/529 556/556/522
f 556/556/522 558/558/523 565/565/528
f 556/556/522 566/566/529 555/555/521
f 555/555/521 551/551/517 556/556/522
f 567/567/530 554/554/520 555/555/521
f 555/555/521 566/566/529 567/567/530
f 565/565/528 568/568/531 567/567/530
f 567/567/530 566/566/529 565/565/528
f 568/568/531 565/565/528 569/569/532
f 569/569/532 570/570/533 568/568/531
f 571/571/534 572/572/535 567/567/530
f 567/567/530 568/568/531 571/571/534
f 572/572/535 573/573/536 554/554/520
f 554/554/520 567/567/530 572/572/535
f 573/573/536 574/574/537 552/552/518
f 552/552/518 554/554/520 573/573/536
f 574/574/537 575/575/538 553/553/519
f 553/553/519 552/552/518 574/574/537
f 550/550/516 553/553/519 576/576/539
f 576/576/539 548/548/514 550/550/516
f 576/576/539 545/545/511 544/544/510
f 544/544/510 548/548/514 576/576/539
f 577/577/540 578/578/541 545/545/511
f 545/545/511 576/576/539 577/577/540
f 579/579/542 543/543/509 546/546/512
f 546/546/512 580/580/543 579/579/542
f 581/581/544 582/582/545 583/583/546
f 583/583/546 584/584/547 581/581/544
f 580/580/543 585/585/548 586/586/549
f 586/586/549 579/579/542 580/580/543
f 561/561/525 586/586/549 587/587/550
f 587/587/550 588/588/551 561/561/525
f 584/584/547 587/587/550 586/586/549
f 586/586/549 585/585/548 584/584/547
f 584/584/547 583/583/546 588/588/551
f 588/588/551 587/587/550 584/584/547
f 583/583/546 589/589/552 590/590/553
f 590/590/553 588/588/551 583/583/546
f 562/562/526 561/561/525 588/588/551
f 588/588/551 590/590/553 562/562/526
f 561/561/525 560/560/524 579/579/542
f 579/579/542 586/586/549 561/561/525
f 579/579/542 560/560/524 547/547/513
f 547/547/513 543/543/509 579/579/542
f 582/582/545 591/591/554 589/589/552
f 589/589/552 583/583/546 582/582/545
f 592/592/555 593/593/556 594/594/553
f 594/594/553 589/589/552 592/592/555
f 595/595/557 593/593/556 592/592/555
f 592/592/555 596/596/558 595/595/557
f 593/593/556 595/595/557 569/569/532
f 569/569/532 564/564/527 593/593/556
f 593/593/556 564/564/527 563/563/526
f 563/563/526 594/594/553 593/593/556
f 597/597/559 598/598/560 596/596/558
f 596/596/558 592/592/555 597/597/559
f 570/570/533 569/569/532 595/595/557
f 595/595/557 596/596/558 570/570/533
f 565/565/528 558/558/523 564/564/527
f 564/564/527 569/569/532 565/565/528
f 598/598/560 599/599/561 570/570/533
f 570/570/533 596/596/558 598/598/560
f 546/546/512 545/545/511 578/578/541
f 578/578/541 600/600/562 546/546/512
f 568/568/531 570/570/533 599/599/561
f 599/599/561 571/571/534 568/568/531
f 576/576/539 553/553/519 575/575/538
f 575/575/538 577/577/540 576/576/539
f 580/580/543 546/546/512 600/600/562
f 600/600/562 601/601/563 580/580/543
f 585/585/548 580/580/543 601/601/563
f 601/601/563 602/602/564 585/585/548
f 584/584/547 585/585/548 602/602/564
f 602/602/564 581/581/544 584/584/547
f 592/592/555 589/589/552 591/591/554
f 591/591/554 597/597/559 592/592/555
f 577/577/540 575/575/538 603/603/58
f 603/603/58 575/575/538 574/574/537
f 578/578/541 577/577/540 603/603/58
f 603/603/58 574/574/537 573/573/536
f 600/600/562 578/578/541 604/604/58
f 604/604/58 578/578/541 603/603/58
f 601/601/563 600/600/562 604/604/58
f 602/602/564 601/601/563 605/605/58
f 605/605/58 601/601/563 604/604/58
f 581/581/544 602/602/564 605/605/58
f 582/582/545 581/581/544 606/606/58
f 606/606/58 581/581/544 605/605/58
f 591/591/554 582/582/545 606/606/58
f 597/597/559 591/591/554 607/607/58
f 607/607/58 591/591/554 606/606/58
f 598/598/560 597/597/559 607/607/58
f 599/599/561 598/598/560 608/608/58
f 608/608/58 598/598/560 607/607/58
f 571/571/534 599/599/561 608/608/58
f 572/572/535 571/571/534 609/609/58
f 609/609/58 571/571/534 608/608/58
f 573/573/536 572/572/535 609/609/58
f 603/603/58 573/573/536 609/609/58
f 604/604/58 603/603/58 610/610/58
f 610/610/58 603/603/58 609/609/58
f 610/610/58 609/609/58 608/608/58
f 610/610/58 608/608/58 607/607/58
f 610/610/58 607/607/58 606/606/58
f 605/605/58 604/604/58 610/610/58
f 606/606/58 605/605/58 610/610/58
f 611/611/565 612/612/566 613/613/567
f 613/613/567 614/614/568 611/611/565
f 615/615/569 611/611/565 614/614/568
f 614/614/568 616/616/570 615/615/569
f 617/617/571 615/615/569 616/616/570
f 616/616/570 618/618/572 617/617/571
f 619/619/573 617/617/571 618/618/572
f 618/618/572 620/620/574 619/619/573
f 621/621/575 619/619/573 620/620/574
f 620/620/574 622/622/576 621/621/575
f 623/623/577 621/621/575 622/622/576
f 622/622/576 624/624/578 623/623/577
f 625/625/579 623/623/577 624/624/578
f 624/624/578 626/626/580 625/625/579
f 627/627/581 625/625/579 626/626/580
f 626/626/580 628/628/582 627/627/581
f 629/629/583 627/627/581 628/628/582
f 628/628/582 630/630/584 629/629/583
f 631/631/585 629/629/583 630/630/584
f 630/630/584 632/632/586 631/631/585
f 633/633/587 634/634/585 635/635/586
f 635/635/586 636/636/588 633/633/587
f 637/637/589 633/633/587 636/636/588
f 636/636/588 638/638/590 637/637/589
f 639/639/591 637/637/589 638/638/590
f 638/638/590 640/640/592 639/639/591
f 641/641/593 639/639/591 640/640/592
f 640/640/592 642/642/594 641/641/593
f 643/643/595 641/641/593 642/642/594
f 642/642/594 644/644/596 643/643/595
f 645/645/597 643/643/595 644/644/596
f 644/644/596 646/646/598 645/645/597
f 647/647/599 648/648/600 612/612/566
f 612/612/566 611/611/565 647/647/599
f 649/649/601 647/647/599 611/611/565
f 611/611/565 615/615/569 649/649/601
f 650/650/602 649/649/601 615/615/569
f 615/615/569 617/617/571 650/650/602
f 651/651/603 650/650/602 617/617/571
f 617/617/571 619/619/573 651/651/603
f 652/652/604 651/651/603 619/619/573
f 619/619/573 621/621/575 652/652/604
f 653/653/605 652/652/604 621/621/575
f 621/621/575 623/623/577 653/653/605
f 654/654/606 653/653/605 623/623/577
f 623/623/577 625/625/579 654/654/606
f 655/655/607 654/654/606 625/625/579
f 625/625/579 627/627/581 655/655/607
f 656/656/608 655/655/607 627/627/581
f 627/627/581 629/629/583 656/656/608
f 657/657/609 656/656/608 629/629/583
f 629/629/583 631/631/585 657/657/609
f 658/658/610 657/657/609 634/634/585
f 634/634/585 633/633/587 658/658/610
f 659/659/611 658/658/610 633/633/587
f 633/633/587 637/637/589 659/659/611
f 660/660/612 659/659/611 637/637/589
f 637/637/589 639/639/591 660/660/612
f 661/661/613 660/660/612 639/639/591
f 639/639/591 641/641/593 661/661/613
f 662/662/614 661/661/613 641/641/593
f 641/641/593 643/643/595 662/662/614
f 663/663/615 662/662/614 643/643/595
f 643/643/595 645/645/597 663/663/615
f 614/614/568 613/613/567 664/664/616
f 616/616/570 614/614/568 664/664/616
f 618/618/572 616/616/570 664/664/616
f 620/620/574 618/618/572 664/664/616
f 622/622/576 620/620/574 664/664/616
f 624/624/578 622/622/576 664/664/616
f 626/626/580 624/624/578 664/664/616
f 628/628/582 626/626/580 664/664/616
f 630/630/584 628/628/582 664/664/616
f 632/632/586 630/630/584 664/664/616
f 636/636/588 635/635/586 665/665/616
f 638/638/590 636/636/588 665/665/616
f 640/640/592 638/638/590 665/665/616
f 642/642/594 640/640/592 665/665/616
f 644/644/596 642/642/594 665/665/616
f 646/646/598 644/644/596 665/665/616
f 666/666/617 667/667/618 668/668/619
f 668/668/619 669/669/620 666/666/617
f 670/670/621 671/671/622 667/667/618
f 667/667/618 666/666/617 670/670/621
f 672/672/623 673/673/624 671/671/622
f 671/671/622 670/670/621 672/672/623
f 674/674/625 675/675/626 673/673/624
f 673/673/624 672/672/623 674/674/625
f 676/676/627 677/677/628 675/675/626
f 675/675/626 674/674/625 676/676/627
f 678/678/629 679/679/630 677/677/628
f 677/677/628 676/676/627 678/678/629
f 680/680/631 681/681/632 682/682/630
f 682/682/630 678/678/629 680/680/631
f 683/683/633 684/684/634 681/681/632
f 681/681/632 680/680/631 683/683/633
f 685/685/635 686/686/636 684/684/634
f 684/684/634 683/683/633 685/685/635
f 687/687/637 688/688/638 686/686/636
f 686/686/636 685/685/635 687/687/637
f 689/689/639 690/690/640 688/688/638
f 688/688/638 687/687/637 689/689/639
f 691/691/641 692/692/642 690/690/640
f 690/690/640 689/689/639 691/691/641
f 693/693/643 694/694/644 692/692/642
f 692/692/642 691/691/641 693/693/643
f 695/695/645 696/696/646 694/694/644
f 694/694/644 693/693/643 695/695/645
f 697/697/647 698/698/648 696/696/646
f 696/696/646 695/695/645 697/697/647
f 699/699/649 700/700/650 698/698/648
f 698/698/648 697/697/647 699/699/649
f 701/701/651 666/666/617 669/669/620
f 669/669/620 702/702/652 701/701/651
f 703/703/653 670/670/621 666/666/617
f 666/666/617 701/701/651 703/703/653
f 704/704/654 672/672/623 670/670/621
f 670/670/621 703/703/653 704/704/654
f 705/705/655 674/674/625 672/672/623
f 672/672/623 704/704/654 705/705/655
f 706/706/656 676/676/627 674/674/625
f 674/674/625 705/705/655 706/706/656
f 707/707/657 678/678/629 676/676/627
f 676/676/627 706/706/656 707/707/657
f 708/708/658 680/680/631 678/678/629
f 678/678/629 707/707/657 708/708/658
f 709/709/659 683/683/633 680/680/631
f 680/680/631 708/708/658 709/709/659
f 710/710/660 685/685/635 683/683/633
f 683/683/633 709/709/659 710/710/660
f 711/711/661 687/687/637 685/685/635
f 685/685/635 710/710/660 711/711/661
f 712/712/662 689/689/639 687/687/637
f 687/687/637 711/711/661 712/712/662
f 713/713/663 691/691/641 689/689/639
f 689/689/639 712/712/662 713/713/663
f 714/714/664 693/693/643 691/691/641
f 691/691/641 713/713/663 714/714/664
f 715/715/665 695/695/645 693/693/643
f 693/693/643 714/714/664 715/715/665
f 716/716/666 697/697/647 695/695/645
f 695/695/645 715/715/665 716/716/666
f 717/717/667 699/699/649 697/697/647
f 697/697/647 716/716/666 717/717/667
f 718/718/668 668/668/619 667/667/618
f 718/718/668 667/667/618 671/671/622
f 718/718/668 671/671/622 673/673/624
f 718/718/668 673/673/624 675/675/626
f 718/718/668 675/675/626 677/677/628
f 718/718/668 677/677/628 679/679/630
f 719/719/668 682/682/630 681/681/632
f 719/719/668 681/681/632 684/684/634
f 719/719/668 684/684/634 686/686/636
f 719/719/668 686/686/636 688/688/638
f 719/719/668 688/688/638 690/690/640
f 719/719/668 690/690/640 692/692/642
f 719/719/668 692/692/642 694/694/644
f 719/719/668 694/694/644 696/696/646
f 719/719/668 696/696/646 698/698/648
f 719/719/668 698/698/648 700/700/650
f 720/720/669 721/721/670 645/645/597
f 645/645/597 646/646/598 720/720/669
f 720/720/669 722/722/671 719/719/668
f 719/719/668 700/700/650 720/720/669
f 723/723/672 724/724/671 664/664/616
f 664/664/616 613/613/567 723/723/672
f 723/723/672 725/725/673 669/669/620
f 669/669/620 668/668/619 723/723/672
f 721/721/670 726/726/674 663/663/615
f 663/663/615 645/645/597 721/721/670
f 725/725/673 727/727/675 702/702/652
f 702/702/652 669/669/620 725/725/673
f 647/647/599 728/728/676 729/729/677
f 729/729/677 648/648/600 647/647/599
f 649/649/601 730/730/678 728/728/676
f 728/728/676 647/647/599 649/649/601
f 650/650/602 731/731/679 730/730/678
f 730/730/678 649/649/601 650/650/602
f 651/651/603 732/732/680 731/731/679
f 731/731/679 650/650/602 651/651/603
f 652/652/604 733/733/681 732/732/680
f 732/732/680 651/651/603 652/652/604
f 653/653/605 734/734/682 733/733/681
f 733/733/681 652/652/604 653/653/605
f 654/654/606 735/735/683 734/734/682
f 734/734/682 653/653/605 654/654/606
f 655/655/607 736/736/684 735/735/683
f 735/735/683 654/654/606 655/655/607
f 656/656/608 737/737/685 736/736/684
f 736/736/684 655/655/607 656/656/608
f 657/657/609 738/738/686 737/737/685
f 737/737/685 656/656/608 657/657/609
f 658/658/610 739/739/687 738/738/686
f 738/738/686 657/657/609 658/658/610
f 659/659/611 740/740/688 739/739/687
f 739/739/687 658/658/610 659/659/611
f 660/660/612 741/741/689 740/740/688
f 740/740/688 659/659/611 660/660/612
f 661/661/613 742/742/690 741/741/689
f 741/741/689 660/660/612 661/661/613
f 662/662/614 743/743/691 742/742/690
f 742/742/690 661/661/613 662/662/614
f 663/663/615 744/744/692 743/743/691
f 743/743/691 662/662/614 663/663/615
f 745/745/693 746/746/694 702/702/652
f 702/702/652 727/727/675 745/745/693
f 745/745/693 729/729/677 747/747/695
f 747/747/695 748/748/696 745/745/693
f 749/749/697 750/750/698 751/751/699
f 751/751/699 748/748/696 749/749/697
f 749/749/697 744/744/692 663/663/615
f 663/663/615 726/726/674 749/749/697
f 750/750/698 752/752/700 751/751/699
f 752/752/700 753/753/701 751/751/699
f 753/753/701 754/754/702 751/751/699
f 754/754/702 755/755/703 751/751/699
f 755/755/703 756/756/704 751/751/699
f 756/756/704 757/757/705 751/751/699
f 757/757/705 758/758/706 751/751/699
f 758/758/706 759/759/707 751/751/699
f 759/759/707 760/760/708 751/751/699
f 760/760/708 761/761/709 751/751/699
f 761/761/709 762/762/710 751/751/699
f 762/762/710 763/763/711 751/751/699
f 747/747/695 729/729/677 728/728/676
f 747/747/695 728/728/676 730/730/678
f 747/747/695 730/730/678 731/731/679
f 747/747/695 731/731/679 732/732/680
f 747/747/695 732/732/680 733/733/681
f 747/747/695 733/733/681 734/734/682
f 747/747/695 734/734/682 735/735/683
f 747/747/695 735/735/683 736/736/684
f 747/747/695 736/736/684 737/737/685
f 747/747/695 737/737/685 738/738/686
f 747/747/695 738/738/686 739/739/687
f 747/747/695 739/739/687 740/740/688
f 747/747/695 740/740/688 741/741/689
f 747/747/695 741/741/689 742/742/690
f 747/747/695 742/742/690 743/743/691
f 747/747/695 743/743/691 744/744/692
f 701/701/651 702/702/652 746/746/694
f 746/746/694 764/764/712 701/701/651
f 703/703/653 701/701/651 764/764/712
f 764/764/712 765/765/713 703/703/653
f 704/704/654 703/703/653 765/765/713
f 765/765/713 766/766/714 704/704/654
f 705/705/655 704/704/654 766/766/714
f 766/766/714 763/763/711 705/705/655
f 706/706/656 705/705/655 763/763/711
f 763/763/711 762/762/710 706/706/656
f 707/707/657 706/706/656 762/762/710
f 762/762/710 761/761/709 707/707/657
f 708/708/658 707/707/657 761/761/709
f 761/761/709 760/760/708 708/708/658
f 709/709/659 708/708/658 760/760/708
f 760/760/708 759/759/707 709/709/659
f 710/710/660 709/709/659 759/759/707
f 759/759/707 758/758/706 710/710/660
f 711/711/661 710/710/660 758/758/706
f 758/758/706 757/757/705 711/711/661
f 712/712/662 711/711/661 757/757/705
f 757/757/705 756/756/704 712/712/662
f 713/713/663 712/712/662 756/756/704
f 756/756/704 755/755/703 713/713/663
f 714/714/664 713/713/663 755/755/703
f 755/755/703 754/754/702 714/714/664
f 715/715/665 714/714/664 754/754/702
f 754/754/702 753/753/701 715/715/665
f 716/716/666 715/715/665 753/753/701
f 753/753/701 752/752/700 716/716/666
f 717/717/667 716/716/666 752/752/700
f 752/752/700 750/750/698 717/717/667
f 763/763/711 766/766/714 751/751/699
f 766/766/714 765/765/713 751/751/699
f 765/765/713 764/764/712 751/751/699
f 764/764/712 746/746/694 751/751/699
f 700/700/650 699/699/649 721/721/670
f 721/721/670 720/720/669 700/700/650
f 646/646/598 665/665/616 722/722/671
f 722/722/671 720/720/669 646/646/598
f 668/668/619 718/718/668 724/724/671
f 724/724/671 723/723/672 668/668/619
f 613/613/567 612/612/566 725/725/673
f 725/725/673 723/723/672 613/613/567
f 699/699/649 717/717/667 726/726/674
f 726/726/674 721/721/670 699/699/649
f 612/612/566 648/648/600 727/727/675
f 727/727/675 725/725/673 612/612/566
f 729/729/677 745/745/693 727/727/675
f 727/727/675 648/648/600 729/729/677
f 746/746/694 745/745/693 748/748/696
f 748/748/696 751/751/699 746/746/694
f 744/744/692 749/749/697 748/748/696
f 748/748/696 747/747/695 744/744/692
f 750/750/698 749/749/697 726/726/674
f 726/726/674 717/717/667 750/750/698
f 767/767/715 768/768/716 769/769/717
f 769/769/717 770/770/718 767/767/715
f 771/771/719 767/767/715 770/770/718
f 770/770/718 772/772/720 771/771/719
f 773/773/721 771/771/719 772/772/720
f 772/772/720 774/774/722 773/773/721
f 775/775/723 773/773/721 774/774/722
f 774/774/722 776/776/724 775/775/723
f 777/777/725 775/775/723 776/776/724
f 776/776/724 778/778/726 777/777/725
f 779/779/727 777/777/725 778/778/726
f 778/778/726 780/780/728 779/779/727
f 781/781/729 779/779/727 780/780/728
f 780/780/728 782/782/730 781/781/729
f 783/783/731 781/781/729 784/784/730
f 784/784/730 785/785/732 783/783/731
f 786/786/733 783/783/731 785/785/732
f 785/785/732 787/787/734 786/786/733
f 788/788/735 786/786/733 787/787/734
f 787/787/734 789/789/736 788/788/735
f 790/790/737 788/788/735 789/789/736
f 789/789/736 791/791/738 790/790/737
f 792/792/739 790/790/737 791/791/738
f 791/791/738 793/793/740 792/792/739
f 794/794/741 792/792/739 793/793/740
f 793/793/740 795/795/742 794/794/741
f 796/796/743 794/794/741 795/795/742
f 795/795/742 797/797/744 796/796/743
f 798/798/745 796/796/743 797/797/744
f 797/797/744 799/799/746 798/798/745
f 800/800/747 798/798/745 799/799/746
f 799/799/746 801/801/748 800/800/747
f 802/802/749 803/803/750 768/768/716
f 768/768/716 767/767/715 802/802/749
f 804/804/751 802/802/749 767/767/715
f 767/767/715 771/771/719 804/804/751
f 805/805/752 804/804/751 771/771/719
f 771/771/719 773/773/721 805/805/752
f 806/806/753 805/805/752 773/773/721
f 773/773/721 775/775/723 806/806/753
f 807/807/754 806/806/753 775/775/723
f 775/775/723 777/777/725 807/807/754
f 808/808/755 807/807/754 777/777/725
f 777/777/725 779/779/727 808/808/755
f 809/809/756 808/808/755 779/779/727
f 779/779/727 781/781/729 809/809/756
f 810/810/757 809/809/756 781/781/729
f 781/781/729 783/783/731 810/810/757
f 811/811/758 810/810/757 783/783/731
f 783/783/731 786/786/733 811/811/758
f 812/812/759 811/811/758 786/786/733
f 786/786/733 788/788/735 812/812/759
f 813/813/760 812/812/759 788/788/735
f 788/788/735 790/790/737 813/813/760
f 814/814/761 813/813/760 790/790/737
f 790/790/737 792/792/739 814/814/761
f 815/815/762 814/814/761 792/792/739
f 792/792/739 794/794/741 815/815/762
f 816/816/763 815/815/762 794/794/741
f 794/794/741 796/796/743 816/816/763
f 817/817/764 816/816/763 796/796/743
f 796/796/743 798/798/745 817/817/764
f 818/818/765 817/817/764 798/798/745
f 798/798/745 800/800/747 818/818/765
f 770/770/718 769/769/717 819/819/766
f 772/772/720 770/770/718 819/819/766
f 774/774/722 772/772/720 819/819/766
f 776/776/724 774/774/722 819/819/766
f 778/778/726 776/776/724 819/819/766
f 780/780/728 778/778/726 819/819/766
f 782/782/730 780/780/728 819/819/766
f 785/785/732 784/784/730 820/820/766
f 787/787/734 785/785/732 820/820/766
f 789/789/736 787/787/734 820/820/766
f 791/791/738 789/789/736 820/820/766
f 793/793/740 791/791/738 820/820/766
f 795/795/742 793/793/740 820/820/766
f 797/797/744 795/795/742 820/820/766
f 799/799/746 797/797/744 820/820/766
f 801/801/748 799/799/746 820/820/766
f 821/821/767 822/822/768 823/823/769
f 823/823/769 824/824/770 821/821/767
f 825/825/771 826/826/772 822/822/768
f 822/822/768 821/821/767 825/825/771
f 827/827/773 828/828/774 826/826/772
f 826/826/772 825/825/771 827/827/773
f 829/829/775 830/830/776 828/828/774
f 828/828/774 827/827/773 829/829/775
f 831/831/777 832/832/778 830/830/776
f 830/830/776 829/829/775 831/831/777
f 833/833/779 834/834/780 832/832/778
f 832/832/778 831/831/777 833/833/779
f 835/835/781 836/836/782 834/834/780
f 834/834/780 833/833/779 835/835/781
f 837/837/783 838/838/784 836/836/782
f 836/836/782 835/835/781 837/837/783
f 839/839/785 840/840/786 838/838/784
f 838/838/784 837/837/783 839/839/785
f 841/841/787 842/842/788 840/840/786
f 840/840/786 839/839/785 841/841/787
f 843/843/789 844/844/790 842/842/788
f 842/842/788 841/841/787 843/843/789
f 845/845/791 846/846/792 847/847/790
f 847/847/790 848/848/789 845/845/791
f 849/849/793 850/850/794 846/846/792
f 846/846/792 845/845/791 849/849/793
f 851/851/795 852/852/796 850/850/794
f 850/850/794 849/849/793 851/851/795
f 853/853/797 854/854/798 852/852/796
f 852/852/796 851/851/795 853/853/797
f 855/855/799 856/856/800 854/854/798
f 854/854/798 853/853/797 855/855/799
f 857/857/801 821/821/767 824/824/770
f 824/824/770 858/858/802 857/857/801
f 859/859/803 825/825/771 821/821/767
f 821/821/767 857/857/801 859/859/803
f 860/860/804 827/827/773 825/825/771
f 825/825/771 859/859/803 860/860/804
f 861/861/805 829/829/775 827/827/773
f 827/827/773 860/860/804 861/861/805
f 862/862/806 831/831/777 829/829/775
f 829/829/775 861/861/805 862/862/806
f 863/863/807 833/833/779 831/831/777
f 831/831/777 862/862/806 863/863/807
f 864/864/808 835/835/781 833/833/779
f 833/833/779 863/863/807 864/864/808
f 865/865/809 837/837/783 835/835/781
f 835/835/781 864/864/808 865/865/809
f 866/866/810 839/839/785 837/837/783
f 837/837/783 865/865/809 866/866/810
f 867/867/811 841/841/787 839/839/785
f 839/839/785 866/866/810 867/867/811
f 868/868/812 843/843/789 841/841/787
f 841/841/787 867/867/811 868/868/812
f 869/869/813 845/845/791 848/848/789
f 848/848/789 868/868/812 869/869/813
f 870/870/814 849/849/793 845/845/791
f 845/845/791 869/869/813 870/870/814
f 871/871/815 851/851/795 849/849/793
f 849/849/793 870/870/814 871/871/815
f 872/872/816 853/853/797 851/851/795
f 851/851/795 871/871/815 872/872/816
f 873/873/817 855/855/799 853/853/797
f 853/853/797 872/872/816 873/873/817
f 874/874/818 823/823/769 822/822/768
f 874/874/818 822/822/768 826/826/772
f 874/874/818 826/826/772 828/828/774
f 874/874/818 828/828/774 830/830/776
f 874/874/818 830/830/776 832/832/778
f 874/874/818 832/832/778 834/834/780
f 874/874/818 834/834/780 836/836/782
f 874/874/818 836/836/782 838/838/784
f 874/874/818 838/838/784 840/840/786
f 874/874/818 840/840/786 842/842/788
f 874/874/818 842/842/788 844/844/790
f 875/875/818 847/847/790 846/846/792
f 875/875/818 846/846/792 850/850/794
f 875/875/818 850/850/794 852/852/796
f 875/875/818 852/852/796 854/854/798
f 875/875/818 854/854/798 856/856/800
f 876/876/819 877/877/820 800/800/747
f 800/800/747 801/801/748 876/876/819
f 876/876/819 878/878/821 875/875/818
f 875/875/818 856/856/800 876/876/819
f 879/879/822 880/880/821 819/819/766
f 819/819/766 769/769/717 879/879/822
f 879/879/822 881/881/823 824/824/770
f 824/824/770 823/823/769 879/879/822
f 877/877/820 882/882/824 818/818/765
f 818/818/765 800/800/747 877/877/820
f 881/881/823 883/883/825 858/858/802
f 858/858/802 824/824/770 881/881/823
f 802/802/749 884/884/826 885/885/827
f 885/885/827 803/803/750 802/802/749
f 804/804/751 886/886/828 884/884/826
f 884/884/826 802/802/749 804/804/751
f 805/805/752 887/887/829 886/886/828
f 886/886/828 804/804/751 805/805/752
f 806/806/753 888/888/830 887/887/829
f 887/887/829 805/805/752 806/806/753
f 807/807/754 889/889/831 888/888/830
f 888/888/830 806/806/753 807/807/754
f 808/808/755 890/890/832 889/889/831
f 889/889/831 807/807/754 808/808/755
f 809/809/756 891/891/833 890/890/832
f 890/890/832 808/808/755 809/809/756
f 810/810/757 892/892/834 891/891/833
f 891/891/833 809/809/756 810/810/757
f 811/811/758 893/893/835 892/892/834
f 892/892/834 810/810/757 811/811/758
f 812/812/759 894/894/836 893/893/835
f 893/893/835 811/811/758 812/812/759
f 813/813/760 895/895/837 894/894/836
f 894/894/836 812/812/759 813/813/760
f 814/814/761 896/896/838 895/895/837
f 895/895/837 813/813/760 814/814/761
f 815/815/762 897/897/839 896/896/838
f 896/896/838 814/814/761 815/815/762
f 816/816/763 898/898/840 897/897/839
f 897/897/839 815/815/762 816/816/763
f 817/817/764 899/899/841 898/898/840
f 898/898/840 816/816/763 817/817/764
f 818/818/765 900/900/842 899/899/841
f 899/899/841 817/817/764 818/818/765
f 901/901/843 902/902/844 858/858/802
f 858/858/802 883/883/825 901/901/843
f 901/901/843 885/885/827 903/903/845
f 903/903/845 904/904/846 901/901/843
f 905/905/847 906/906/848 907/907/849
f 907/907/849 904/904/846 905/905/847
f 905/905/847 900/900/842 818/818/765
f 818/818/765 882/882/824 905/905/847
f 906/906/848 908/908/850 907/907/849
f 908/908/850 909/909/851 907/907/849
f 909/909/851 910/910/852 907/907/849
f 910/910/852 911/911/853 907/907/849
f 911/911/853 912/912/854 907/907/849
f 912/912/854 913/913/855 907/907/849
f 913/913/855 914/914/856 907/907/849
f 914/914/856 915/915/857 907/907/849
f 915/915/857 916/916/858 907/907/849
f 916/916/858 917/917/859 907/907/849
f 917/917/859 918/918/860 907/907/849
f 918/918/860 919/919/861 907/907/849
f 903/903/845 885/885/827 884/884/826
f 903/903/845 884/884/826 886/886/828
f 903/903/845 886/886/828 887/887/829
f 903/903/845 887/887/829 888/888/830
f 903/903/845 888/888/830 889/889/831
f 903/903/845 889/889/831 890/890/832
f 903/903/845 890/890/832 891/891/833
f 903/903/845 891/891/833 892/892/834
f 903/903/845 892/892/834 893/893/835
f 903/903/845 893/893/835 894/894/836
f 903/903/845 894/894/836 895/895/837
f 903/903/845 895/895/837 896/896/838
f 903/903/845 896/896/838 897/897/839
f 903/903/845 897/897/839 898/898/840
f 903/903/845 898/898/840 899/899/841
f 903/903/845 899/899/841 900/900/842
f 857/857/801 858/858/802 902/902/844
f 902/902/844 920/920/862 857/857/801
f 859/859/803 857/857/801 920/920/862
f 920/920/862 921/921/863 859/859/803
f 860/860/804 859/859/803 921/921/863
f 921/921/863 922/922/864 860/860/804
f 861/861/805 860/860/804 922/922/864
f 922/922/864 919/919/861 861/861/805
f 862/862/806 861/861/805 919/919/861
f 919/919/861 918/918/860 862/862/806
f 863/863/807 862/862/806 918/918/860
f 918/918/860 917/917/859 863/863/807
f 864/864/808 863/863/807 917/917/859
f 917/917/859 916/916/858 864/864/808
f 865/865/809 864/864/808 916/916/858
f 916/916/858 915/915/857 865/865/809
f 866/866/810 865/865/809 915/915/857
f 915/915/857 914/914/856 866/866/810
f 867/867/811 866/866/810 914/914/856
f 914/914/856 913/913/855 867/867/811
f 868/868/812 867/867/811 913/913/855
f 913/913/855 912/912/854 868/868/812
f 869/869/813 868/868/812 912/912/854
f 912/912/854 911/911/853 869/869/813
f 870/870/814 869/869/813 911/911/853
f 911/911/853 910/910/852 870/870/814
f 871/871/815 870/870/814 910/910/852
f 910/910/852 909/909/851 871/871/815
f 872/872/816 871/871/815 909/909/851
f 909/909/851 908/908/850 872/872/816
f 873/873/817 872/872/816 908/908/850
f 908/908/850 906/906/848 873/873/817
f 919/919/861 922/922/864 907/907/849
f 922/922/864 921/921/863 907/907/849
f 921/921/863 920/920/862 907/907/849
f 920/920/862 902/902/844 907/907/849
f 856/856/800 855/855/799 877/877/820
f 877/877/820 876/876/819 856/856/800
f 801/801/748 820/820/766 878/878/821
f 878/878/821 876/876/819 801/801/748
f 823/823/769 874/874/818 880/880/821
f 880/880/821 879/879/822 823/823/769
f 769/769/717 768/768/716 881/881/823
f 881/881/823 879/879/822 769/769/717
f 855/855/799 873/873/817 882/882/824
f 882/882/824 877/877/820 855/855/799
f 768/768/716 803/803/750 883/883/825
f 883/883/825 881/881/823 768/768/716
f 885/885/827 901/901/843 883/883/825
f 883/883/825 803/803/750 885/885/827
f 902/902/844 901/901/843 904/904/846
f 904/904/846 907/907/849 902/902/844
f 900/900/842 905/905/847 904/904/846
f 904/904/846 903/903/845 900/900/842
f 906/906/848 905/905/847 882/882/824
f 882/882/824 873/873/817 906/906/848
f 923/923/865 924/924/866 925/925/867
f 925/925/867 926/926/868 923/923/865
f 927/927/869 923/923/865 926/926/868
f 926/926/868 928/928/870 927/927/869
f 929/929/871 927/927/869 928/928/870
f 928/928/870 930/930/872 929/929/871
f 931/931/873 929/929/871 930/930/872
f 930/930/872 932/932/874 931/931/873
f 933/933/875 931/931/873 932/932/874
f 932/932/874 934/934/876 933/933/875
f 935/935/877 933/933/875 934/934/876
f 934/934/876 936/936/878 935/935/877
f 937/937/879 935/935/877 936/936/878
f 936/936/878 938/938/880 937/937/879
f 939/939/881 937/937/879 938/938/880
f 938/938/880 940/940/882 939/939/881
f 941/941/883 939/939/881 940/940/882
f 940/940/882 942/942/884 941/941/883
f 943/943/885 944/944/883 945/945/884
f 945/945/884 946/946/886 943/943/885
f 947/947/887 943/943/885 946/946/886
f 946/946/886 948/948/888 947/947/887
f 949/949/889 947/947/887 948/948/888
f 948/948/888 950/950/890 949/949/889
f 951/951/891 949/949/889 950/950/890
f 950/950/890 952/952/892 951/951/891
f 953/953/893 951/951/891 952/952/892
f 952/952/892 954/954/894 953/953/893
f 955/955/895 953/953/893 954/954/894
f 954/954/894 956/956/896 955/955/895
f 957/957/897 955/955/895 956/956/896
f 956/956/896 958/958/898 957/957/897
f 959/959/899 960/960/900 924/924/866
f 924/924/866 923/923/865 959/959/899
f 961/961/901 959/959/899 923/923/865
f 923/923/865 927/927/869 961/961/901
f 962/962/902 961/961/901 927/927/869
f 927/927/869 929/929/871 962/962/902
f 963/963/903 962/962/902 929/929/871
f 929/929/871 931/931/873 963/963/903
f 964/964/904 963/963/903 931/931/873
f 931/931/873 933/933/875 964/964/904
f 965/965/905 964/964/904 933/933/875
f 933/933/875 935/935/877 965/965/905
f 966/966/906 965/965/905 935/935/877
f 935/935/877 937/937/879 966/966/906
f 967/967/907 966/966/906 937/937/879
f 937/937/879 939/939/881 967/967/907
f 968/968/908 967/967/907 939/939/881
f 939/939/881 941/941/883 968/968/908
f 969/969/909 970/970/908 944/944/883
f 944/944/883 943/943/885 969/969/909
f 971/971/910 969/969/909 943/943/885
f 943/943/885 947/947/887 971/971/910
f 972/972/911 971/971/910 947/947/887
f 947/947/887 949/949/889 972/972/911
f 973/973/912 972/972/911 949/949/889
f 949/949/889 951/951/891 973/973/912
f 974/974/913 973/973/912 951/951/891
f 951/951/891 953/953/893 974/974/913
f 975/975/914 974/974/913 953/953/893
f 953/953/893 955/955/895 975/975/914
f 976/976/915 975/975/914 955/955/895
f 955/955/895 957/957/897 976/976/915
f 926/926/868 925/925/867 977/977/916
f 928/928/870 926/926/868 977/977/916
f 930/930/872 928/928/870 977/977/916
f 932/932/874 930/930/872 977/977/916
f 934/934/876 932/932/874 977/977/916
f 936/936/878 934/934/876 977/977/916
f 938/938/880 936/936/878 977/977/916
f 940/940/882 938/938/880 977/977/916
f 942/942/884 940/940/882 977/977/916
f 946/946/886 945/945/884 978/978/916
f 948/948/888 946/946/886 978/978/916
f 950/950/890 948/948/888 978/978/916
f 952/952/892 950/950/890 978/978/916
f 954/954/894 952/952/892 978/978/916
f 956/956/896 954/954/894 978/978/916
f 958/958/898 956/956/896 978/978/916
f 979/979/917 980/980/918 981/981/919
f 981/981/919 982/982/920 979/979/917
f 983/983/921 984/984/922 980/980/918
f 980/980/918 979/979/917 983/983/921
f 985/985/923 986/986/924 984/984/922
f 984/984/922 983/983/921 985/985/923
f 987/987/925 988/988/926 986/986/924
f 986/986/924 985/985/923 987/987/925
f 989/989/927 990/990/928 988/988/926
f 988/988/926 987/987/925 989/989/927
f 991/991/929 992/992/930 990/990/928
f 990/990/928 989/989/927 991/991/929
f 993/993/931 994/994/932 992/992/930
f 992/992/930 991/991/929 993/993/931
f 995/995/933 996/996/934 997/997/932
f 997/997/932 998/998/931 995/995/933
f 999/999/935 1000/1000/936 996/996/934
f 996/996/934 995/995/933 999/999/935
f 1001/1001/937 1002/1002/938 1000/1000/936
f 1000/1000/936 999/999/935 1001/1001/937
f 1003/1003/939 1004/1004/940 1002/1002/938
f 1002/1002/938 1001/1001/937 1003/1003/939
f 1005/1005/941 1006/1006/942 1004/1004/940
f 1004/1004/940 1003/1003/939 1005/1005/941
f 1007/1007/943 1008/1008/944 1006/1006/942
f 1006/1006/942 1005/1005/941 1007/1007/943
f 1009/1009/945 1010/1010/946 1008/1008/944
f 1008/1008/944 1007/1007/943 1009/1009/945
f 1011/1011/947 1012/1012/948 1010/1010/946
f 1010/1010/946 1009/1009/945 1011/1011/947
f 1013/1013/949 1014/1014/950 1012/1012/948
f 1012/1012/948 1011/1011/947 1013/1013/949
f 1015/1015/951 979/979/917 982/982/920
f 982/982/920 1016/1016/952 1015/1015/951
f 1017/1017/953 983/983/921 979/979/917
f 979/979/917 1015/1015/951 1017/1017/953
f 1018/1018/954 985/985/923 983/983/921
f 983/983/921 1017/1017/953 1018/1018/954
f 1019/1019/955 987/987/925 985/985/923
f 985/985/923 1018/1018/954 1019/1019/955
f 1020/1020/956 989/989/927 987/987/925
f 987/987/925 1019/1019/955 1020/1020/956
f 1021/1021/957 991/991/929 989/989/927
f 989/989/927 1020/1020/956 1021/1021/957
f 1022/1022/958 993/993/931 991/991/929
f 991/991/929 1021/1021/957 1022/1022/958
f 1023/1023/959 995/995/933 998/998/931
f 998/998/931 1022/1022/958 1023/1023/959
f 1024/1024/960 999/999/935 995/995/933
f 995/995/933 1023/1023/959 1024/1024/960
f 1025/1025/961 1001/1001/937 999/999/935
f 999/999/935 1024/1024/960 1025/1025/961
f 1026/1026/962 1003/1003/939 1001/1001/937
f 1001/1001/937 1025/1025/961 1026/1026/962
f 1027/1027/963 1005/1005/941 1003/1003/939
f 1003/1003/939 1026/1026/962 1027/1027/963
f 1028/1028/964 1007/1007/943 1005/1005/941
f 1005/1005/941 1027/1027/963 1028/1028/964
f 1029/1029/965 1009/1009/945 1007/1007/943
f 1007/1007/943 1028/1028/964 1029/1029/965
f 1030/1030/966 1011/1011/947 1009/1009/945
f 1009/1009/945 1029/1029/965 1030/1030/966
f 1031/1031/967 1013/1013/949 1011/1011/947
f 1011/1011/947 1030/1030/966 1031/1031/967
f 1032/1032/968 981/981/919 980/980/918
f 1032/1032/968 980/980/918 984/984/922
f 1032/1032/968 984/984/922 986/986/924
f 1032/1032/968 986/986/924 988/988/926
f 1032/1032/968 988/988/926 990/990/928
f 1032/1032/968 990/990/928 992/992/930
f 1032/1032/968 992/992/930 994/994/932
f 1032/1032/968 994/994/932 1033/1033/934
f 1032/1032/968 1033/1033/934 1034/1034/936
f 1035/1035/968 1000/1000/936 1002/1002/938
f 1035/1035/968 1002/1002/938 1004/1004/940
f 1035/1035/968 1004/1004/940 1006/1006/942
f 1035/1035/968 1006/1006/942 1008/1008/944
f 1035/1035/968 1008/1008/944 1010/1010/946
f 1035/1035/968 1010/1010/946 1012/1012/948
f 1035/1035/968 1012/1012/948 1014/1014/950
f 1036/1036/969 1037/1037/970 957/957/897
f 957/957/897 958/958/898 1036/1036/969
f 1036/1036/969 1038/1038/971 1035/1035/968
f 1035/1035/968 1014/1014/950 1036/1036/969
f 1039/1039/972 1040/1040/971 977/977/916
f 977/977/916 925/925/867 1039/1039/972
f 1039/1039/972 1041/1041/973 982/982/920
f 982/982/920 981/981/919 1039/1039/972
f 1037/1037/970 1042/1042/974 976/976/915
f 976/976/915 957/957/897 1037/1037/970
f 1041/1041/973 1043/1043/975 1016/1016/952
f 1016/1016/952 982/982/920 1041/1041/973
f 959/959/899 1044/1044/976 1045/1045/977
f 1045/1045/977 960/960/900 959/959/899
f 961/961/901 1046/1046/978 1044/1044/976
f 1044/1044/976 959/959/899 961/961/901
f 962/962/902 1047/1047/979 1046/1046/978
f 1046/1046/978 961/961/901 962/962/902
f 963/963/903 1048/1048/980 1047/1047/979
f 1047/1047/979 962/962/902 963/963/903
f 964/964/904 1049/1049/981 1048/1048/980
f 1048/1048/980 963/963/903 964/964/904
f 965/965/905 1050/1050/982 1049/1049/981
f 1049/1049/981 964/964/904 965/965/905
f 966/966/906 1051/1051/983 1050/1050/982
f 1050/1050/982 965/965/905 966/966/906
f 967/967/907 1052/1052/984 1051/1051/983
f 1051/1051/983 966/966/906 967/967/907
f 968/968/908 1053/1053/985 1052/1052/984
f 1052/1052/984 967/967/907 968/968/908
f 969/969/909 1054/1054/986 1055/1055/985
f 1055/1055/985 970/970/908 969/969/909
f 971/971/910 1056/1056/987 1054/1054/986
f 1054/1054/986 969/969/909 971/971/910
f 972/972/911 1057/1057/988 1056/1056/987
f 1056/1056/987 971/971/910 972/972/911
f 973/973/912 1058/1058/989 1057/1057/988
f 1057/1057/988 972/972/911 973/973/912
f 974/974/913 1059/1059/990 1058/1058/989
f 1058/1058/989 973/973/912 974/974/913
f 975/975/914 1060/1060/991 1059/1059/990
f 1059/1059/990 974/974/913 975/975/914
f 976/976/915 1061/1061/992 1060/1060/991
f 1060/1060/991 975/975/914 976/976/915
f 1062/1062/993 1063/1063/994 1016/1016/952
f 1016/1016/952 1043/1043/975 1062/1062/993
f 1062/1062/993 1045/1045/977 1064/1064/995
f 1064/1064/995 1065/1065/996 1062/1062/993
f 1066/1066/997 1067/1067/998 1068/1068/999
f 1068/1068/999 1065/1065/996 1066/1066/997
f 1066/1066/997 1061/1061/992 976/976/915
f 976/976/915 1042/1042/974 1066/1066/997
f 1067/1067/998 1069/1069/1000 1068/1068/999
f 1069/1069/1000 1070/1070/1001 1068/1068/999
f 1070/1070/1001 1071/1071/1002 1068/1068/999
f 1071/1071/1002 1072/1072/1003 1068/1068/999
f 1072/1072/1003 1073/1073/1004 1068/1068/999
f 1073/1073/1004 1074/1074/1005 1068/1068/999
f 1074/1074/1005 1075/1075/1006 1068/1068/999
f 1075/1075/1006 1076/1076/1007 1068/1068/999
f 1076/1076/1007 1077/1077/1008 1068/1068/999
f 1077/1077/1008 1078/1078/1009 1068/1068/999
f 1078/1078/1009 1079/1079/1010 1068/1068/999
f 1079/1079/1010 1080/1080/1011 1068/1068/999
f 1064/1064/995 1045/1045/977 1044/1044/976
f 1064/1064/995 1044/1044/976 1046/1046/978
f 1064/1064/995 1046/1046/978 1047/1047/979
f 1064/1064/995 1047/1047/979 1048/1048/980
f 1064/1064/995 1048/1048/980 1049/1049/981
f 1064/1064/995 1049/1049/981 1050/1050/982
f 1064/1064/995 1050/1050/982 1051/1051/983
f 1064/1064/995 1051/1051/983 1081/1081/984
f 1064/1064/995 1081/1081/984 1055/1055/985
f 1064/1064/995 1055/1055/985 1054/1054/986
f 1064/1064/995 1054/1054/986 1056/1056/987
f 1064/1064/995 1056/1056/987 1057/1057/988
f 1064/1064/995 1057/1057/988 1058/1058/989
f 1064/1064/995 1058/1058/989 1059/1059/990
f 1064/1064/995 1059/1059/990 1060/1060/991
f 1064/1064/995 1060/1060/991 1061/1061/992
f 1015/1015/951 1016/1016/952 1063/1063/994
f 1063/1063/994 1082/1082/1012 1015/1015/951
f 1017/1017/953 1015/1015/951 1082/1082/1012
f 1082/1082/1012 1083/1083/1013 1017/1017/953
f 1018/1018/954 1017/1017/953 1083/1083/1013
f 1083/1083/1013 1084/1084/1014 1018/1018/954
f 1019/1019/955 1018/1018/954 1084/1084/1014
f 1084/1084/1014 1080/1080/1011 1019/1019/955
f 1020/1020/956 1019/1019/955 1080/1080/1011
f 1080/1080/1011 1079/1079/1010 1020/1020/956
f 1021/1021/957 1020/1020/956 1079/1079/1010
f 1079/1079/1010 1078/1078/1009 1021/1021/957
f 1022/1022/958 1021/1021/957 1078/1078/1009
f 1078/1078/1009 1077/1077/1008 1022/1022/958
f 1023/1023/959 1022/1022/958 1077/1077/1008
f 1077/1077/1008 1076/1076/1007 1023/1023/959
f 1024/1024/960 1023/1023/959 1076/1076/1007
f 1076/1076/1007 1075/1075/1006 1024/1024/960
f 1025/1025/961 1024/1024/960 1075/1075/1006
f 1075/1075/1006 1074/1074/1005 1025/1025/961
f 1026/1026/962 1025/1025/961 1074/1074/1005
f 1074/1074/1005 1073/1073/1004 1026/1026/962
f 1027/1027/963 1026/1026/962 1073/1073/1004
f 1073/1073/1004 1072/1072/1003 1027/1027/963
f 1028/1028/964 1027/1027/963 1072/1072/1003
f 1072/1072/1003 1071/1071/1002 1028/1028/964
f 1029/1029/965 1028/1028/964 1071/1071/1002
f 1071/1071/1002 1070/1070/1001 1029/1029/965
f 1030/1030/966 1029/1029/965 1070/1070/1001
f 1070/1070/1001 1069/1069/1000 1030/1030/966
f 1031/1031/967 1030/1030/966 1069/1069/1000
f 1069/1069/1000 1067/1067/998 1031/1031/967
f 1080/1080/1011 1084/1084/1014 1068/1068/999
f 1084/1084/1014 1083/1083/1013 1068/1068/999
f 1083/1083/1013 1082/1082/1012 1068/1068/999
f 1082/1082/1012 1063/1063/994 1068/1068/999
f 1014/1014/950 1013/1013/949 1037/1037/970
f 1037/1037/970 1036/1036/969 1014/1014/950
f 958/958/898 978/978/916 1038/1038/971
f 1038/1038/971 1036/1036/969 958/958/898
f 981/981/919 1032/1032/968 1040/1040/971
f 1040/1040/971 1039/1039/972 981/981/919
f 925/925/867 924/924/866 1041/1041/973
f 1041/1041/973 1039/1039/972 925/925/867
f 1013/1013/949 1031/1031/967 1042/1042/974
f 1042/1042/974 1037/1037/970 1013/1013/949
f 924/924/866 960/960/900 1043/1043/975
f 1043/1043/975 1041/1041/973 924/924/866
f 1045/1045/977 1062/1062/993 1043/1043/975
f 1043/1043/975 960/960/900 1045/1045/977
f 1063/1063/994 1062/1062/993 1065/1065/996
f 1065/1065/996 1068/1068/999 1063/1063/994
f 1061/1061/992 1066/1066/997 1065/1065/996
f 1065/1065/996 1064/1064/995 1061/1061/992
f 1067/1067/998 1066/1066/997 1042/1042/974
f 1042/1042/974 1031/1031/967 1067/1067/998
f 1085/1085/1015 1086/1086/1016 1087/1087/1017
f 1088/1088/1015 1089/1089/1018 1090/1090/1019
f 1091/1091/1015 1092/1092/1020 1093/1093/1021
f 1094/1094/1015 1095/1095/1022 1096/1096/1022
f 1097/1097/1015 1098/1098/1023 1099/1099/1024
f 1100/1100/1025 1087/1087/1017 1086/1086/1016
f 1086/1086/1016 1101/1101/1026 1100/1100/1025
f 1102/1102/1027 1090/1090/1019 1089/1089/1018
f 1089/1089/1018 1103/1103/1028 1102/1102/1027
f 1104/1104/1029 1093/1093/1021 1092/1092/1020
f 1092/1092/1020 1105/1105/1030 1104/1104/1029
f 1106/1106/1031 1096/1096/1022 1095/1095/1022
f 1095/1095/1022 1107/1107/1031 1106/1106/1031
f 1108/1108/1032 1099/1099/1024 1098/1098/1023
f 1098/1098/1023 1109/1109/1033 1108/1108/1032
f 1110/1110/1034 1100/1100/1025 1101/1101/1026
f 1101/1101/1026 1111/1111/1035 1110/1110/1034
f 1112/1112/1036 1102/1102/1027 1103/1103/1028
f 1103/1103/1028 1113/1113/1037 1112/1112/1036
f 1114/1114/1038 1104/1104/1029 1105/1105/1030
f 1105/1105/1030 1115/1115/1039 1114/1114/1038
f 1116/1116/1040 1106/1106/1031 1107/1107/1031
f 1107/1107/1031 1117/1117/1040 1116/1116/1040
f 1118/1118/1041 1108/1108/1032 1109/1109/1033
f 1109/1109/1033 1119/1119/1042 1118/1118/1041
f 1120/1120/1043 1110/1110/1034 1111/1111/1035
f 1111/1111/1035 1121/1121/1044 1120/1120/1043
f 1122/1122/1045 1112/1112/1036 1113/1113/1037
f 1113/1113/1037 1123/1123/1046 1122/1122/1045
f 1124/1124/1047 1114/1114/1038 1115/1115/1039
f 1115/1115/1039 1125/1125/1048 1124/1124/1047
f 1126/1126/1049 1116/1116/1040 1117/1117/1040
f 1117/1117/1040 1127/1127/1049 1126/1126/1049
f 1128/1128/1050 1118/1118/1041 1119/1119/1042
f 1119/1119/1042 1129/1129/1051 1128/1128/1050
f 1130/1130/1052 1120/1120/1043 1121/1121/1044
f 1121/1121/1044 1131/1131/1053 1130/1130/1052
f 1132/1132/1054 1122/1122/1045 1123/1123/1046
f 1123/1123/1046 1133/1133/1055 1132/1132/1054
f 1134/1134/1056 1124/1124/1047 1125/1125/1048
f 1125/1125/1048 1135/1135/1057 1134/1134/1056
f 1136/1136/1058 1126/1126/1049 1127/1127/1049
f 1127/1127/1049 1137/1137/1058 1136/1136/1058
f 1138/1138/1059 1128/1128/1050 1129/1129/1051
f 1129/1129/1051 1139/1139/1060 1138/1138/1059
f 1140/1140/1061 1130/1130/1052 1131/1131/1053
f 1131/1131/1053 1141/1141/1062 1140/1140/1061
f 1142/1142/1063 1132/1132/1054 1133/1133/1055
f 1133/1133/1055 1143/1143/1064 1142/1142/1063
f 1144/1144/1065 1134/1134/1056 1135/1135/1057
f 1135/1135/1057 1145/1145/1066 1144/1144/1065
f 1146/1146/1067 1136/1136/1058 1137/1137/1058
f 1137/1137/1058 1147/1147/1067 1146/1146/1067
f 1148/1148/1068 1138/1138/1059 1139/1139/1060
f 1139/1139/1060 1149/1149/1069 1148/1148/1068
f 1150/1150/1070 1140/1140/1061 1141/1141/1062
f 1141/1141/1062 1151/1151/1071 1150/1150/1070
f 1152/1152/1072 1142/1142/1063 1143/1143/1064
f 1143/1143/1064 1153/1153/1073 1152/1152/1072
f 1154/1154/1074 1144/1144/1065 1145/1145/1066
f 1145/1145/1066 1155/1155/1075 1154/1154/1074
f 1156/1156/1076 1146/1146/1067 1147/1147/1067
f 1147/1147/1067 1157/1157/1076 1156/1156/1076
f 1158/1158/1077 1148/1148/1068 1149/1149/1069
f 1149/1149/1069 1159/1159/1078 1158/1158/1077
f 1160/1160/1079 1150/1150/1070 1151/1151/1071
f 1151/1151/1071 1161/1161/1080 1160/1160/1079
f 1162/1162/1081 1152/1152/1072 1153/1153/1073
f 1153/1153/1073 1163/1163/1082 1162/1162/1081
f 1164/1164/1083 1154/1154/1074 1155/1155/1075
f 1155/1155/1075 1165/1165/1084 1164/1164/1083
f 1166/1166/1085 1156/1156/1076 1157/1157/1076
f 1157/1157/1076 1167/1167/1085 1166/1166/1085
f 1168/1168/1086 1158/1158/1077 1159/1159/1078
f 1159/1159/1078 1169/1169/1087 1168/1168/1086
f 1161/1161/1080 1170/1170/1088 1160/1160/1079
f 1163/1163/1082 1171/1171/1088 1162/1162/1081
f 1165/1165/1084 1172/1172/1088 1164/1164/1083
f 1167/1167/1085 1173/1173/1088 1166/1166/1085
f 1169/1169/1087 1174/1174/1088 1168/1168/1086
f 1175/1175/1089 1176/1176/1090 1177/1177/1091
f 1177/1177/1091 1178/1178/1092 1175/1175/1089
f 1175/1175/1089 1178/1178/1092 1179/1179/1093
f 1179/1179/1093 1180/1180/1094 1175/1175/1089
f 1177/1177/1091 1176/1176/1090 1181/1181/1095
f 1181/1181/1095 1182/1182/1096 1177/1177/1091
f 1183/1183/1093 1182/1182/1096 1181/1181/1095
f 1181/1181/1095 1184/1184/1094 1183/1183/1093
f 1185/1185/1097 1186/1186/1098 1187/1187/1099
f 1187/1187/1099 1188/1188/1100 1185/1185/1097
f 1187/1187/1099 1186/1186/1098 1177/1177/1091
f 1177/1177/1091 1182/1182/1096 1187/1187/1099
f 1186/1186/1098 1185/1185/1097 1178/1178/1092
f 1178/1178/1092 1177/1177/1091 1186/1186/1098
f 1185/1185/1097 1189/1189/1100 1179/1179/1093
f 1179/1179/1093 1178/1178/1092 1185/1185/1097
f 1188/1188/1100 1187/1187/1099 1182/1182/1096
f 1182/1182/1096 1183/1183/1093 1188/1188/1100
f 1190/1190/1101 1191/1191/1102 1184/1184/1094
f 1184/1184/1094 1181/1181/1095 1190/1190/1101
f 1192/1192/1103 1190/1190/1101 1181/1181/1095
f 1181/1181/1095 1176/1176/1090 1192/1192/1103
f 1193/1193/1104 1194/1194/1103 1176/1176/1090
f 1176/1176/1090 1175/1175/1089 1193/1193/1104
f 1195/1195/1102 1193/1193/1104 1175/1175/1089
f 1175/1175/1089 1180/1180/1094 1195/1195/1102
f 1196/1196/1105 1197/1197/1106 1193/1193/1104
f 1193/1193/1104 1195/1195/1102 1196/1196/1105
f 1197/1197/1106 1198/1198/1107 1194/1194/1103
f 1194/1194/1103 1193/1193/1104 1197/1197/1106
f 1199/1199/1107 1200/1200/1108 1190/1190/1101
f 1190/1190/1101 1192/1192/1103 1199/1199/1107
f 1200/1200/1108 1201/1201/1105 1191/1191/1102
f 1191/1191/1102 1190/1190/1101 1200/1200/1108
f 1202/1202/1109 1203/1203/1109 1197/1197/1106
f 1197/1197/1106 1196/1196/1105 1202/1202/1109
f 1204/1204/1110 1205/1205/1110 1200/1200/1108
f 1200/1200/1108 1199/1199/1107 1204/1204/1110
f 1206/1206/1111 1207/1207/1112 1208/1208/1113
f 1208/1208/1113 1209/1209/1114 1206/1206/1111
f 1208/1208/1113 1207/1207/1112 1210/1210/1110
f 1210/1210/1110 1198/1198/1107 1208/1208/1113
f 1206/1206/1111 1209/1209/1114 1197/1197/1106
f 1197/1197/1106 1203/1203/1109 1206/1206/1111
f 1209/1209/1114 1208/1208/1113 1198/1198/1107
f 1198/1198/1107 1197/1197/1106 1209/1209/1114
f 1211/1211/1115 1212/1212/1116 1213/1213/1117
f 1213/1213/1117 1214/1214/1118 1211/1211/1115
f 1213/1213/1117 1212/1212/1116 1215/1215/1109
f 1215/1215/1109 1201/1201/1105 1213/1213/1117
f 1211/1211/1115 1214/1214/1118 1200/1200/1108
f 1200/1200/1108 1205/1205/1110 1211/1211/1115
f 1214/1214/1118 1213/1213/1117 1201/1201/1105
f 1201/1201/1105 1200/1200/1108 1214/1214/1118
f 1216/1216/1119 1217/1217/1120 1218/1218/1120
f 1218/1218/1120 1219/1219/1119 1216/1216/1119
f 1218/1218/1120 1217/1217/1120 1220/1220/1109
f 1220/1220/1109 1221/1221/1109 1218/1218/1120
f 1216/1216/1119 1219/1219/1119 1205/1205/1110
f 1205/1205/1110 1204/1204/1110 1216/1216/1119
f 1222/1222/1121 1223/1223/1122 1217/1217/1120
f 1217/1217/1120 1216/1216/1119 1222/1222/1121
f 1217/1217/1120 1223/1223/1122 1224/1224/1111
f 1224/1224/1111 1220/1220/1109 1217/1217/1120
f 1223/1223/1122 1222/1222/1121 1225/1225/1112
f 1225/1225/1112 1224/1224/1111 1223/1223/1122
f 1222/1222/1121 1216/1216/1119 1204/1204/1110
f 1204/1204/1110 1225/1225/1112 1222/1222/1121
f 1226/1226/1123 1227/1227/1124 1219/1219/1119
f 1219/1219/1119 1218/1218/1120 1226/1226/1123
f 1219/1219/1119 1227/1227/1124 1211/1211/1115
f 1211/1211/1115 1205/1205/1110 1219/1219/1119
f 1227/1227/1124 1226/1226/1123 1212/1212/1116
f 1212/1212/1116 1211/1211/1115 1227/1227/1124
f 1226/1226/1123 1228/1228/1120 1215/1215/1109
f 1215/1215/1109 1212/1212/1116 1226/1226/1123
f 1229/1229/1125 1230/1230/1126 1231/1231/1127
f 1231/1231/1127 1232/1232/1128 1229/1229/1125
f 1229/1229/1125 1232/1232/1128 1233/1233/1129
f 1233/1233/1129 1234/1234/1130 1229/1229/1125
f 1231/1231/1127 1230/1230/1126 1235/1235/1131
f 1235/1235/1131 1236/1236/1132 1231/1231/1127
f 1233/1233/1129 1237/1237/1132 1238/1238/1131
f 1238/1238/1131 1234/1234/1130 1233/1233/1129
f 1239/1239/1133 1240/1240/1134 1241/1241/1135
f 1241/1241/1135 1242/1242/1136 1239/1239/1133
f 1241/1241/1135 1240/1240/1134 1231/1231/1127
f 1231/1231/1127 1236/1236/1132 1241/1241/1135
f 1240/1240/1134 1239/1239/1133 1232/1232/1128
f 1232/1232/1128 1231/1231/1127 1240/1240/1134
f 1239/1239/1133 1242/1242/1136 1233/1233/1129
f 1233/1233/1129 1232/1232/1128 1239/1239/1133
f 1242/1242/1136 1241/1241/1135 1237/1237/1132
f 1237/1237/1132 1233/1233/1129 1242/1242/1136
f 1243/1243/1137 1244/1244/1138 1234/1234/1130
f 1234/1234/1130 1238/1238/1131 1243/1243/1137
f 1245/1245/1139 1246/1246/1137 1235/1235/1131
f 1235/1235/1131 1230/1230/1126 1245/1245/1139
f 1247/1247/1140 1245/1245/1139 1230/1230/1126
f 1230/1230/1126 1229/1229/1125 1247/1247/1140
f 1244/1244/1138 1247/1247/1140 1229/1229/1125
f 1229/1229/1125 1234/1234/1130 1244/1244/1138
f 1248/1248/1141 1249/1249/1142 1247/1247/1140
f 1247/1247/1140 1244/1244/1138 1248/1248/1141
f 1249/1249/1142 1250/1250/1143 1245/1245/1139
f 1245/1245/1139 1247/1247/1140 1249/1249/1142
f 1250/1250/1143 1251/1251/1144 1246/1246/1137
f 1246/1246/1137 1245/1245/1139 1250/1250/1143
f 1252/1252/1144 1248/1248/1141 1244/1244/1138
f 1244/1244/1138 1243/1243/1137 1252/1252/1144
f 1253/1253/1145 1254/1254/1146 1249/1249/1142
f 1249/1249/1142 1248/1248/1141 1253/1253/1145
f 1255/1255/1147 1256/1256/1148 1251/1251/1144
f 1251/1251/1144 1250/1250/1143 1255/1255/1147
f 1257/1257/1149 1258/1258/1150 1259/1259/1151
f 1259/1259/1151 1260/1260/1152 1257/1257/1149
f 1259/1259/1151 1258/1258/1150 1255/1255/1147
f 1255/1255/1147 1250/1250/1143 1259/1259/1151
f 1257/1257/1149 1260/1260/1152 1249/1249/1142
f 1249/1249/1142 1254/1254/1146 1257/1257/1149
f 1260/1260/1152 1259/1259/1151 1250/1250/1143
f 1250/1250/1143 1249/1249/1142 1260/1260/1152
f 1261/1261/1153 1262/1262/1154 1263/1263/1155
f 1263/1263/1155 1264/1264/1156 1261/1261/1153
f 1263/1263/1155 1262/1262/1154 1253/1253/1145
f 1253/1253/1145 1248/1248/1141 1263/1263/1155
f 1261/1261/1153 1264/1264/1156 1252/1252/1144
f 1252/1252/1144 1265/1265/1148 1261/1261/1153
f 1264/1264/1156 1263/1263/1155 1248/1248/1141
f 1248/1248/1141 1252/1252/1144 1264/1264/1156
f 1266/1266/1157 1267/1267/1158 1268/1268/1159
f 1268/1268/1159 1269/1269/1160 1266/1266/1157
f 1268/1268/1159 1267/1267/1158 1254/1254/1146
f 1254/1254/1146 1253/1253/1145 1268/1268/1159
f 1270/1270/1157 1271/1271/1160 1256/1256/1148
f 1256/1256/1148 1255/1255/1147 1270/1270/1157
f 1272/1272/1161 1273/1273/1162 1267/1267/1158
f 1267/1267/1158 1266/1266/1157 1272/1272/1161
f 1267/1267/1158 1273/1273/1162 1257/1257/1149
f 1257/1257/1149 1254/1254/1146 1267/1267/1158
f 1273/1273/1162 1272/1272/1161 1258/1258/1150
f 1258/1258/1150 1257/1257/1149 1273/1273/1162
f 1272/1272/1161 1270/1270/1157 1255/1255/1147
f 1255/1255/1147 1258/1258/1150 1272/1272/1161
f 1274/1274/1163 1275/1275/1164 1276/1276/1160
f 1276/1276/1160 1277/1277/1159 1274/1274/1163
f 1276/1276/1160 1275/1275/1164 1261/1261/1153
f 1261/1261/1153 1265/1265/1148 1276/1276/1160
f 1275/1275/1164 1274/1274/1163 1262/1262/1154
f 1262/1262/1154 1261/1261/1153 1275/1275/1164
f 1274/1274/1163 1268/1268/1159 1253/1253/1145
f 1253/1253/1145 1262/1262/1154 1274/1274/1163
f 1278/1278/1165 1279/1279/1166 1280/1280/1167
f 1280/1280/1167 1281/1281/1168 1278/1278/1165
f 1278/1278/1165 1281/1281/1168 1282/1282/1169
f 1282/1282/1169 1283/1283/1170 1278/1278/1165
f 1284/1284/1167 1285/1285/1166 1286/1286/1171
f 1286/1286/1171 1287/1287/1172 1284/1284/1167
f 1282/1282/1169 1287/1287/1172 1286/1286/1171
f 1286/1286/1171 1283/1283/1170 1282/1282/1169
f 1288/1288/1173 1289/1289/1174 1290/1290/1175
f 1290/1290/1175 1291/1291/1176 1288/1288/1173
f 1290/1290/1175 1289/1289/1174 1284/1284/1167
f 1284/1284/1167 1287/1287/1172 1290/1290/1175
f 1292/1292/1174 1288/1288/1173 1281/1281/1168
f 1281/1281/1168 1280/1280/1167 1292/1292/1174
f 1288/1288/1173 1291/1291/1176 1282/1282/1169
f 1282/1282/1169 1281/1281/1168 1288/1288/1173
f 1291/1291/1176 1290/1290/1175 1287/1287/1172
f 1287/1287/1172 1282/1282/1169 1291/1291/1176
f 1293/1293/1177 1294/1294/1178 1283/1283/1170
f 1283/1283/1170 1286/1286/1171 1293/1293/1177
f 1295/1295/1179 1293/1293/1177 1286/1286/1171
f 1286/1286/1171 1285/1285/1166 1295/1295/1179
f 1296/1296/1180 1297/1297/1179 1279/1279/1166
f 1279/1279/1166 1278/1278/1165 1296/1296/1180
f 1294/1294/1178 1296/1296/1180 1278/1278/1165
f 1278/1278/1165 1283/1283/1170 1294/1294/1178
f 1298/1298/1181 1299/1299/1182 1296/1296/1180
f 1296/1296/1180 1294/1294/1178 1298/1298/1181
f 1299/1299/1182 1300/1300/1183 1297/1297/1179
f 1297/1297/1179 1296/1296/1180 1299/1299/1182
f 1301/1301/1183 1302/1302/1184 1303/1303/1177
f 1303/1303/1177 1304/1304/1179 1301/1301/1183
f 1305/1305/1184 1298/1298/1181 1294/1294/1178
f 1294/1294/1178 1293/1293/1177 1305/1305/1184
f 1306/1306/1185 1307/1307/1186 1299/1299/1182
f 1299/1299/1182 1298/1298/1181 1306/1306/1185
f 1308/1308/1187 1309/1309/1188 1302/1302/1184
f 1302/1302/1184 1301/1301/1183 1308/1308/1187
f 1310/1310/1189 1311/1311/1190 1312/1312/1191
f 1312/1312/1191 1313/1313/1192 1310/1310/1189
f 1314/1314/1191 1315/1315/1190 1308/1308/1187
f 1308/1308/1187 1301/1301/1183 1314/1314/1191
f 1310/1310/1189 1313/1313/1192 1299/1299/1182
f 1299/1299/1182 1307/1307/1186 1310/1310/1189
f 1313/1313/1192 1312/1312/1191 1300/1300/1183
f 1300/1300/1183 1299/1299/1182 1313/1313/1192
f 1316/1316/1193 1317/1317/1194 1318/1318/1195
f 1318/1318/1195 1319/1319/1196 1316/1316/1193
f 1318/1318/1195 1317/1317/1194 1306/1306/1185
f 1306/1306/1185 1298/1298/1181 1318/1318/1195
f 1316/1316/1193 1319/1319/1196 1302/1302/1184
f 1302/1302/1184 1309/1309/1188 1316/1316/1193
f 1319/1319/1196 1318/1318/1195 1298/1298/1181
f 1298/1298/1181 1305/1305/1184 1319/1319/1196
f 1320/1320/1197 1321/1321/1198 1322/1322/1199
f 1322/1322/1199 1323/1323/1200 1320/1320/1197
f 1322/1322/1199 1321/1321/1198 1307/1307/1186
f 1307/1307/1186 1306/1306/1185 1322/1322/1199
f 1320/1320/1197 1323/1323/1200 1309/1309/1188
f 1309/1309/1188 1308/1308/1187 1320/1320/1197
f 1324/1324/1201 1325/1325/1202 1321/1321/1198
f 1321/1321/1198 1320/1320/1197 1324/1324/1201
f 1321/1321/1198 1325/1325/1202 1310/1310/1189
f 1310/1310/1189 1307/1307/1186 1321/1321/1198
f 1325/1325/1202 1324/1324/1201 1311/1311/1190
f 1311/1311/1190 1310/1310/1189 1325/1325/1202
f 1324/1324/1201 1320/1320/1197 1308/1308/1187
f 1308/1308/1187 1315/1315/1190 1324/1324/1201
f 1326/1326/1203 1327/1327/1204 1323/1323/1200
f 1323/1323/1200 1322/1322/1199 1326/1326/1203
f 1323/1323/1200 1327/1327/1204 1316/1316/1193
f 1316/1316/1193 1309/1309/1188 1323/1323/1200
f 1327/1327/1204 1326/1326/1203 1317/1317/1194
f 1317/1317/1194 1316/1316/1193 1327/1327/1204
f 1326/1326/1203 1322/1322/1199 1306/1306/1185
f 1306/1306/1185 1317/1317/1194 1326/1326/1203
f 1328/1328/1205 1329/1329/1206 1330/1330/1207
f 1330/1330/1207 1331/1331/1208 1328/1328/1205
f 1328/1328/1205 1331/1331/1208 1332/1332/1209
f 1332/1332/1209 1333/1333/1210 1328/1328/1205
f 1330/1330/1207 1329/1329/1206 1334/1334/1211
f 1334/1334/1211 1335/1335/1212 1330/1330/1207
f 1332/1332/1209 1336/1336/1212 1337/1337/1211
f 1337/1337/1211 1333/1333/1210 1332/1332/1209
f 1338/1338/1213 1339/1339/1214 1340/1340/1215
f 1340/1340/1215 1341/1341/1216 1338/1338/1213
f 1340/1340/1215 1339/1339/1214 1330/1330/1207
f 1330/1330/1207 1335/1335/1212 1340/1340/1215
f 1339/1339/1214 1338/1338/1213 1331/1331/1208
f 1331/1331/1208 1330/1330/1207 1339/1339/1214
f 1338/1338/1213 1341/1341/1216 1332/1332/1209
f 1332/1332/1209 1331/1331/1208 1338/1338/1213
f 1341/1341/1216 1340/1340/1215 1336/1336/1212
f 1336/1336/1212 1332/1332/1209 1341/1341/1216
f 1342/1342/1217 1343/1343/1218 1333/1333/1210
f 1333/1333/1210 1337/1337/1211 1342/1342/1217
f 1344/1344/1219 1345/1345/1217 1334/1334/1211
f 1334/1334/1211 1329/1329/1206 1344/1344/1219
f 1346/1346/1220 1344/1344/1219 1329/1329/1206
f 1329/1329/1206 1328/1328/1205 1346/1346/1220
f 1343/1343/1218 1346/1346/1220 1328/1328/1205
f 1328/1328/1205 1333/1333/1210 1343/1343/1218
f 1347/1347/1221 1348/1348/1222 1346/1346/1220
f 1346/1346/1220 1343/1343/1218 1347/1347/1221
f 1348/1348/1222 1349/1349/1223 1344/1344/1219
f 1344/1344/1219 1346/1346/1220 1348/1348/1222
f 1349/1349/1223 1350/1350/1224 1345/1345/1217
f 1345/1345/1217 1344/1344/1219 1349/1349/1223
f 1351/1351/1224 1347/1347/1221 1343/1343/1218
f 1343/1343/1218 1342/1342/1217 1351/1351/1224
f 1352/1352/1225 1353/1353/1226 1348/1348/1222
f 1348/1348/1222 1347/1347/1221 1352/1352/1225
f 1354/1354/1227 1355/1355/1228 1350/1350/1224
f 1350/1350/1224 1349/1349/1223 1354/1354/1227
f 1356/1356/1229 1357/1357/1230 1358/1358/1231
f 1358/1358/1231 1359/1359/1232 1356/1356/1229
f 1358/1358/1231 1357/1357/1230 1354/1354/1227
f 1354/1354/1227 1349/1349/1223 1358/1358/1231
f 1356/1356/1229 1359/1359/1232 1348/1348/1222
f 1348/1348/1222 1353/1353/1226 1356/1356/1229
f 1359/1359/1232 1358/1358/1231 1349/1349/1223
f 1349/1349/1223 1348/1348/1222 1359/1359/1232
f 1360/1360/1233 1361/1361/1234 1362/1362/1235
f 1362/1362/1235 1363/1363/1236 1360/1360/1233
f 1362/1362/1235 1361/1361/1234 1352/1352/1225
f 1352/1352/1225 1347/1347/1221 1362/1362/1235
f 1360/1360/1233 1363/1363/1236 1351/1351/1224
f 1351/1351/1224 1364/1364/1228 1360/1360/1233
f 1363/1363/1236 1362/1362/1235 1347/1347/1221
f 1347/1347/1221 1351/1351/1224 1363/1363/1236
f 1365/1365/1237 1366/1366/1238 1367/1367/1239
f 1367/1367/1239 1368/1368/1240 1365/1365/1237
f 1367/1367/1239 1366/1366/1238 1353/1353/1226
f 1353/1353/1226 1352/1352/1225 1367/1367/1239
f 1369/1369/1237 1370/1370/1240 1355/1355/1228
f 1355/1355/1228 1354/1354/1227 1369/1369/1237
f 1371/1371/1241 1372/1372/1242 1366/1366/1238
f 1366/1366/1238 1365/1365/1237 1371/1371/1241
f 1366/1366/1238 1372/1372/1242 1356/1356/1229
f 1356/1356/1229 1353/1353/1226 1366/1366/1238
f 1372/1372/1242 1371/1371/1241 1357/1357/1230
f 1357/1357/1230 1356/1356/1229 1372/1372/1242
f 1371/1371/1241 1369/1369/1237 1354/1354/1227
f 1354/1354/1227 1357/1357/1230 1371/1371/1241
f 1373/1373/1243 1374/1374/1244 1375/1375/1240
f 1375/1375/1240 1376/1376/1239 1373/1373/1243
f 1375/1375/1240 1374/1374/1244 1360/1360/1233
f 1360/1360/1233 1364/1364/1228 1375/1375/1240
f 1374/1374/1244 1373/1373/1243 1361/1361/1234
f 1361/1361/1234 1360/1360/1233 1374/1374/1244
f 1373/1373/1243 1367/1367/1239 1352/1352/1225
f 1352/1352/1225 1361/1361/1234 1373/1373/1243
f 1377/1377/1245 1378/1378/1246 1379/1379/1247
f 1380/1380/1248 1381/1381/1245 1377/1377/1245
f 1377/1377/1245 1379/1379/1247 1380/1380/1248
f 1382/1382/1249 1383/1383/1250 1377/1377/1245
f 1377/1377/1245 1381/1381/1245 1382/1382/1249
f 1377/1377/1245 1383/1383/1250 1384/1384/1251
f 1377/1377/1245 1384/1384/1251 1385/1385/1252
f 1386/1386/1253 1387/1387/1245 1377/1377/1245
f 1377/1377/1245 1385/1385/1252 1386/1386/1253
f 1388/1388/1254 1389/1389/1255 1377/1377/1245
f 1377/1377/1245 1387/1387/1245 1388/1388/1254
f 1377/1377/1245 1389/1389/1255 1390/1390/1256
f 1377/1377/1245 1390/1390/1256 1391/1391/1257
f 1377/1377/1245 1391/1391/1257 1392/1392/1258
f 1377/1377/1245 1392/1392/1258 1393/1393/1259
f 1377/1377/1245 1393/1393/1259 1394/1394/1260
f 1377/1377/1245 1394/1394/1260 1395/1395/1261
f 1377/1377/1245 1395/1395/1261 1396/1396/1262
f 1377/1377/1245 1396/1396/1262 1397/1397/1263
f 1377/1377/1245 1397/1397/1263 1398/1398/1264
f 1377/1377/1245 1398/1398/1264 1399/1399/1265
f 1377/1377/1245 1399/1399/1265 1400/1400/1266
f 1377/1377/1245 1400/1400/1266 1401/1401/1267
f 1377/1377/1245 1401/1401/1267 1402/1402/1268
f 1377/1377/1245 1402/1402/1268 1403/1403/1269
f 1377/1377/1245 1403/1403/1269 1404/1404/1270
f 1377/1377/1245 1404/1404/1270 1405/1405/1271
f 1377/1377/1245 1405/1405/1271 1406/1406/1272
f 1377/1377/1245 1406/1406/1272 1407/1407/1273
f 1408/1408/1274 1409/1409/1245 1377/1377/1245
f 1377/1377/1245 1407/1407/1273 1408/1408/1274
f 1410/1410/1275 1411/1411/1276 1377/1377/1245
f 1377/1377/1245 1409/1409/1245 1410/1410/1275
f 1377/1377/1245 1411/1411/1276 1412/1412/1277
f 1377/1377/1245 1412/1412/1277 1413/1413/1278
f 1414/1414/1279 1415/1415/1245 1377/1377/1245
f 1377/1377/1245 1413/1413/1278 1414/1414/1279
f 1416/1416/1280 1417/1417/1281 1377/1377/1245
f 1377/1377/1245 1415/1415/1245 1416/1416/1280
f 1377/1377/1245 1417/1417/1281 1378/1378/1246
f 1418/1418/1282 1379/1379/1247 1378/1378/1246
f 1378/1378/1246 1419/1419/1283 1418/1418/1282
f 1420/1420/1284 1380/1380/1248 1379/1379/1247
f 1379/1379/1247 1418/1418/1282 1420/1420/1284
f 1421/1421/1285 1382/1382/1249 1422/1422/1286
f 1422/1422/1286 1423/1423/1287 1421/1421/1285
f 1424/1424/1288 1384/1384/1251 1383/1383/1250
f 1383/1383/1250 1425/1425/1289 1424/1424/1288
f 1426/1426/1290 1385/1385/1252 1384/1384/1251
f 1384/1384/1251 1424/1424/1288 1426/1426/1290
f 1427/1427/1291 1386/1386/1253 1385/1385/1252
f 1385/1385/1252 1426/1426/1290 1427/1427/1291
f 1428/1428/1292 1388/1388/1254 1429/1429/1253
f 1429/1429/1253 1430/1430/1293 1428/1428/1292
f 1431/1431/1294 1390/1390/1256 1389/1389/1255
f 1389/1389/1255 1432/1432/1295 1431/1431/1294
f 1433/1433/1296 1391/1391/1257 1390/1390/1256
f 1390/1390/1256 1431/1431/1294 1433/1433/1296
f 1434/1434/1297 1392/1392/1258 1391/1391/1257
f 1391/1391/1257 1433/1433/1296 1434/1434/1297
f 1435/1435/1109 1393/1393/1259 1392/1392/1258
f 1392/1392/1258 1434/1434/1297 1435/1435/1109
f 1436/1436/1298 1394/1394/1260 1393/1393/1259
f 1393/1393/1259 1435/1435/1109 1436/1436/1298
f 1437/1437/1299 1395/1395/1261 1394/1394/1260
f 1394/1394/1260 1436/1436/1298 1437/1437/1299
f 1438/1438/1300 1396/1396/1262 1395/1395/1261
f 1395/1395/1261 1437/1437/1299 1438/1438/1300
f 1439/1439/1301 1397/1397/1263 1396/1396/1262
f 1396/1396/1262 1438/1438/1300 1439/1439/1301
f 1440/1440/1302 1398/1398/1264 1397/1397/1263
f 1397/1397/1263 1439/1439/1301 1440/1440/1302
f 1441/1441/1303 1399/1399/1265 1398/1398/1264
f 1398/1398/1264 1440/1440/1302 1441/1441/1303
f 1442/1442/1304 1400/1400/1266 1399/1399/1265
f 1399/1399/1265 1441/1441/1303 1442/1442/1304
f 1443/1443/1305 1401/1401/1267 1400/1400/1266
f 1400/1400/1266 1442/1442/1304 1443/1443/1305
f 1444/1444/1306 1402/1402/1268 1401/1401/1267
f 1401/1401/1267 1443/1443/1305 1444/1444/1306
f 1445/1445/1110 1403/1403/1269 1402/1402/1268
f 1402/1402/1268 1444/1444/1306 1445/1445/1110
f 1446/1446/1307 1404/1404/1270 1403/1403/1269
f 1403/1403/1269 1445/1445/1110 1446/1446/1307
f 1447/1447/1308 1405/1405/1271 1404/1404/1270
f 1404/1404/1270 1446/1446/1307 1447/1447/1308
f 1448/1448/1309 1406/1406/1272 1405/1405/1271
f 1405/1405/1271 1447/1447/1308 1448/1448/1309
f 1449/1449/1310 1407/1407/1273 1406/1406/1272
f 1406/1406/1272 1448/1448/1309 1449/1449/1310
f 1450/1450/1311 1408/1408/1274 1407/1407/1273
f 1407/1407/1273 1449/1449/1310 1450/1450/1311
f 1451/1451/1312 1410/1410/1275 1452/1452/1275
f 1452/1452/1275 1453/1453/1313 1451/1451/1312
f 1454/1454/1314 1412/1412/1277 1411/1411/1276
f 1411/1411/1276 1455/1455/1315 1454/1454/1314
f 1456/1456/1316 1413/1413/1278 1412/1412/1277
f 1412/1412/1277 1454/1454/1314 1456/1456/1316
f 1457/1457/1317 1414/1414/1279 1413/1413/1278
f 1413/1413/1278 1456/1456/1316 1457/1457/1317
f 1458/1458/1318 1416/1416/1280 1459/1459/1319
f 1459/1459/1319 1460/1460/1320 1458/1458/1318
f 1419/1419/1283 1378/1378/1246 1417/1417/1281
f 1417/1417/1281 1461/1461/1321 1419/1419/1283
f 1462/1462/1322 1420/1420/1284 1418/1418/1282
f 1418/1418/1282 1463/1463/1323 1462/1462/1322
f 1464/1464/1324 1427/1427/1291 1426/1426/1290
f 1426/1426/1290 1465/1465/1325 1464/1464/1324
f 1466/1466/1326 1434/1434/1297 1433/1433/1296
f 1433/1433/1296 1467/1467/1327 1466/1466/1326
f 1468/1468/1109 1435/1435/1109 1434/1434/1297
f 1434/1434/1297 1466/1466/1326 1468/1468/1109
f 1469/1469/1328 1436/1436/1298 1435/1435/1109
f 1435/1435/1109 1468/1468/1109 1469/1469/1328
f 1470/1470/1329 1437/1437/1299 1436/1436/1298
f 1436/1436/1298 1469/1469/1328 1470/1470/1329
f 1471/1471/1330 1438/1438/1300 1437/1437/1299
f 1437/1437/1299 1470/1470/1329 1471/1471/1330
f 1472/1472/1331 1439/1439/1301 1438/1438/1300
f 1438/1438/1300 1471/1471/1330 1472/1472/1331
f 1473/1473/1332 1440/1440/1302 1439/1439/1301
f 1439/1439/1301 1472/1472/1331 1473/1473/1332
f 1474/1474/1333 1441/1441/1303 1440/1440/1302
f 1440/1440/1302 1473/1473/1332 1474/1474/1333
f 1475/1475/1334 1442/1442/1304 1441/1441/1303
f 1441/1441/1303 1474/1474/1333 1475/1475/1334
f 1476/1476/1335 1443/1443/1305 1442/1442/1304
f 1442/1442/1304 1475/1475/1334 1476/1476/1335
f 1477/1477/1336 1444/1444/1306 1443/1443/1305
f 1443/1443/1305 1476/1476/1335 1477/1477/1336
f 1478/1478/1110 1445/1445/1110 1444/1444/1306
f 1444/1444/1306 1477/1477/1336 1478/1478/1110
f 1479/1479/1337 1446/1446/1307 1445/1445/1110
f 1445/1445/1110 1478/1478/1110 1479/1479/1337
f 1480/1480/1338 1447/1447/1308 1446/1446/1307
f 1446/1446/1307 1479/1479/1337 1480/1480/1338
f 1481/1481/1339 1450/1450/1311 1449/1449/1310
f 1449/1449/1310 1482/1482/1340 1481/1481/1339
f 1483/1483/1341 1457/1457/1317 1456/1456/1316
f 1456/1456/1316 1484/1484/1342 1483/1483/1341
f 1485/1485/1343 1486/1486/1323 1487/1487/1344
f 1487/1487/1344 1488/1488/1345 1485/1485/1343
f 1489/1489/1346 1490/1490/1322 1486/1486/1323
f 1486/1486/1323 1485/1485/1343 1489/1489/1346
f 1491/1491/1347 1492/1492/1348 1493/1493/1349
f 1493/1493/1349 1494/1494/1350 1491/1491/1347
f 1495/1495/1351 1496/1496/1352 1497/1497/1353
f 1497/1497/1353 1498/1498/1354 1495/1495/1351
f 1499/1499/1109 1500/1500/1325 1496/1496/1352
f 1496/1496/1352 1495/1495/1351 1499/1499/1109
f 1501/1501/1109 1502/1502/1324 1500/1500/1325
f 1500/1500/1325 1499/1499/1109 1501/1501/1109
f 1503/1503/1355 1504/1504/1356 1505/1505/1357
f 1505/1505/1357 1506/1506/1358 1503/1503/1355
f 1507/1507/1109 1508/1508/1359 1509/1509/1360
f 1509/1509/1360 1510/1510/1109 1507/1507/1109
f 1511/1511/1361 1512/1512/1327 1508/1508/1359
f 1508/1508/1359 1507/1507/1109 1511/1511/1361
f 1513/1513/1362 1466/1466/1326 1467/1467/1327
f 1467/1467/1327 1514/1514/1361 1513/1513/1362
f 1515/1515/1109 1468/1468/1109 1466/1466/1326
f 1466/1466/1326 1513/1513/1362 1515/1515/1109
f 1516/1516/1363 1469/1469/1328 1468/1468/1109
f 1468/1468/1109 1515/1515/1109 1516/1516/1363
f 1517/1517/1364 1470/1470/1329 1469/1469/1328
f 1469/1469/1328 1516/1516/1363 1517/1517/1364
f 1518/1518/1365 1471/1471/1330 1470/1470/1329
f 1470/1470/1329 1517/1517/1364 1518/1518/1365
f 1519/1519/1366 1472/1472/1331 1471/1471/1330
f 1471/1471/1330 1518/1518/1365 1519/1519/1366
f 1520/1520/1367 1473/1473/1332 1472/1472/1331
f 1472/1472/1331 1519/1519/1366 1520/1520/1367
f 1521/1521/1368 1474/1474/1333 1473/1473/1332
f 1473/1473/1332 1520/1520/1367 1521/1521/1368
f 1522/1522/1369 1475/1475/1334 1474/1474/1333
f 1474/1474/1333 1521/1521/1368 1522/1522/1369
f 1523/1523/1370 1476/1476/1335 1475/1475/1334
f 1475/1475/1334 1522/1522/1369 1523/1523/1370
f 1524/1524/1371 1477/1477/1336 1476/1476/1335
f 1476/1476/1335 1523/1523/1370 1524/1524/1371
f 1525/1525/1110 1478/1478/1110 1477/1477/1336
f 1477/1477/1336 1524/1524/1371 1525/1525/1110
f 1526/1526/1372 1479/1479/1337 1478/1478/1110
f 1478/1478/1110 1525/1525/1110 1526/1526/1372
f 1527/1527/1373 1480/1480/1338 1479/1479/1337
f 1479/1479/1337 1526/1526/1372 1527/1527/1373
f 1528/1528/1110 1529/1529/1374 1480/1480/1338
f 1480/1480/1338 1527/1527/1373 1528/1528/1110
f 1530/1530/1110 1531/1531/1340 1529/1529/1374
f 1529/1529/1374 1528/1528/1110 1530/1530/1110
f 1532/1532/1375 1533/1533/1339 1531/1531/1340
f 1531/1531/1340 1530/1530/1110 1532/1532/1375
f 1534/1534/1110 1535/1535/1376 1536/1536/1377
f 1536/1536/1377 1537/1537/1378 1534/1534/1110
f 1538/1538/1379 1539/1539/1380 1540/1540/1381
f 1540/1540/1381 1541/1541/1110 1538/1538/1379
f 1542/1542/1382 1543/1543/1342 1539/1539/1380
f 1539/1539/1380 1538/1538/1379 1542/1542/1382
f 1544/1544/1383 1545/1545/1341 1543/1543/1342
f 1543/1543/1342 1542/1542/1382 1544/1544/1383
f 1546/1546/1384 1547/1547/1385 1548/1548/1386
f 1548/1548/1386 1549/1549/1387 1546/1546/1384
f 1488/1488/1345 1487/1487/1344 1550/1550/1388
f 1550/1550/1388 1551/1551/1389 1488/1488/1345
f 1386/1386/1253 1429/1429/1253 1387/1387/1245
f 1387/1387/1245 1429/1429/1253 1388/1388/1254
f 1408/1408/1274 1452/1452/1275 1409/1409/1245
f 1409/1409/1245 1452/1452/1275 1410/1410/1275
f 1430/1430/1293 1429/1429/1253 1386/1386/1253
f 1386/1386/1253 1427/1427/1291 1430/1430/1293
f 1432/1432/1295 1389/1389/1255 1388/1388/1254
f 1388/1388/1254 1428/1428/1292 1432/1432/1295
f 1453/1453/1313 1452/1452/1275 1408/1408/1274
f 1408/1408/1274 1450/1450/1311 1453/1453/1313
f 1455/1455/1315 1411/1411/1276 1410/1410/1275
f 1410/1410/1275 1451/1451/1312 1455/1455/1315
f 1552/1552/1360 1432/1432/1295 1428/1428/1292
f 1428/1428/1292 1553/1553/1356 1552/1552/1360
f 1540/1540/1381 1554/1554/1315 1555/1555/1312
f 1555/1555/1312 1535/1535/1376 1540/1540/1381
f 1506/1506/1358 1505/1505/1357 1502/1502/1324
f 1502/1502/1324 1501/1501/1109 1506/1506/1358
f 1510/1510/1109 1509/1509/1360 1504/1504/1356
f 1504/1504/1356 1503/1503/1355 1510/1510/1109
f 1537/1537/1378 1536/1536/1377 1533/1533/1339
f 1533/1533/1339 1532/1532/1375 1537/1537/1378
f 1541/1541/1110 1540/1540/1381 1535/1535/1376
f 1535/1535/1376 1534/1534/1110 1541/1541/1110
f 1380/1380/1248 1422/1422/1286 1381/1381/1245
f 1381/1381/1245 1422/1422/1286 1382/1382/1249
f 1414/1414/1279 1459/1459/1319 1415/1415/1245
f 1415/1415/1245 1459/1459/1319 1416/1416/1280
f 1423/1423/1287 1422/1422/1286 1380/1380/1248
f 1380/1380/1248 1420/1420/1284 1423/1423/1287
f 1425/1425/1289 1383/1383/1250 1382/1382/1249
f 1382/1382/1249 1421/1421/1285 1425/1425/1289
f 1460/1460/1320 1459/1459/1319 1414/1414/1279
f 1414/1414/1279 1457/1457/1317 1460/1460/1320
f 1461/1461/1321 1417/1417/1281 1416/1416/1280
f 1416/1416/1280 1458/1458/1318 1461/1461/1321
f 1556/1556/1353 1425/1425/1289 1421/1421/1285
f 1421/1421/1285 1557/1557/1348 1556/1556/1353
f 1558/1558/1388 1461/1461/1321 1458/1458/1318
f 1458/1458/1318 1559/1559/1385 1558/1558/1388
f 1494/1494/1350 1493/1493/1349 1490/1490/1322
f 1490/1490/1322 1489/1489/1346 1494/1494/1350
f 1498/1498/1354 1497/1497/1353 1492/1492/1348
f 1492/1492/1348 1491/1491/1347 1498/1498/1354
f 1549/1549/1387 1548/1548/1386 1545/1545/1341
f 1545/1545/1341 1544/1544/1383 1549/1549/1387
f 1551/1551/1389 1550/1550/1388 1547/1547/1385
f 1547/1547/1385 1546/1546/1384 1551/1551/1389
f 1560/1560/1390 1561/1561/1391 1431/1431/1294
f 1431/1431/1294 1432/1432/1295 1560/1560/1390
f 1562/1562/1245 1563/1563/1392 1509/1509/1360
f 1509/1509/1360 1508/1508/1359 1562/1562/1245
f 1564/1564/1392 1560/1560/1390 1432/1432/1295
f 1432/1432/1295 1552/1552/1360 1564/1564/1392
f 1561/1561/1391 1565/1565/1393 1433/1433/1296
f 1433/1433/1296 1431/1431/1294 1561/1561/1391
f 1565/1565/1393 1566/1566/1394 1467/1467/1327
f 1467/1467/1327 1433/1433/1296 1565/1565/1393
f 1567/1567/1394 1562/1562/1245 1508/1508/1359
f 1508/1508/1359 1512/1512/1327 1567/1567/1394
f 1568/1568/1395 1569/1569/1391 1448/1448/1309
f 1448/1448/1309 1447/1447/1308 1568/1568/1395
f 1570/1570/1245 1571/1571/1396 1480/1480/1338
f 1480/1480/1338 1529/1529/1374 1570/1570/1245
f 1571/1571/1396 1568/1568/1395 1447/1447/1308
f 1447/1447/1308 1480/1480/1338 1571/1571/1396
f 1569/1569/1391 1572/1572/1397 1449/1449/1310
f 1449/1449/1310 1448/1448/1309 1569/1569/1391
f 1572/1572/1397 1573/1573/1398 1482/1482/1340
f 1482/1482/1340 1449/1449/1310 1572/1572/1397
f 1574/1574/1398 1570/1570/1245 1529/1529/1374
f 1529/1529/1374 1531/1531/1340 1574/1574/1398
f 1575/1575/1391 1576/1576/1399 1428/1428/1292
f 1428/1428/1292 1430/1430/1293 1575/1575/1391
f 1576/1576/1399 1577/1577/1400 1553/1553/1356
f 1553/1553/1356 1428/1428/1292 1576/1576/1399
f 1578/1578/1400 1579/1579/1245 1505/1505/1357
f 1505/1505/1357 1504/1504/1356 1578/1578/1400
f 1580/1580/1401 1581/1581/1402 1535/1535/1376
f 1535/1535/1376 1555/1555/1312 1580/1580/1401
f 1581/1581/1402 1582/1582/1245 1536/1536/1377
f 1536/1536/1377 1535/1535/1376 1581/1581/1402
f 1583/1583/1403 1575/1575/1391 1430/1430/1293
f 1430/1430/1293 1427/1427/1291 1583/1583/1403
f 1579/1579/1245 1584/1584/1404 1502/1502/1324
f 1502/1502/1324 1505/1505/1357 1579/1579/1245
f 1585/1585/1404 1583/1583/1403 1427/1427/1291
f 1427/1427/1291 1464/1464/1324 1585/1585/1404
f 1586/1586/1405 1587/1587/1391 1453/1453/1313
f 1453/1453/1313 1450/1450/1311 1586/1586/1405
f 1582/1582/1245 1588/1588/1400 1533/1533/1339
f 1533/1533/1339 1536/1536/1377 1582/1582/1245
f 1589/1589/1400 1586/1586/1405 1450/1450/1311
f 1450/1450/1311 1481/1481/1339 1589/1589/1400
f 1590/1590/1406 1591/1591/1407 1424/1424/1288
f 1424/1424/1288 1425/1425/1289 1590/1590/1406
f 1592/1592/1408 1593/1593/1409 1497/1497/1353
f 1497/1497/1353 1496/1496/1352 1592/1592/1408
f 1594/1594/1409 1590/1590/1406 1425/1425/1289
f 1425/1425/1289 1556/1556/1353 1594/1594/1409
f 1591/1591/1407 1595/1595/1410 1426/1426/1290
f 1426/1426/1290 1424/1424/1288 1591/1591/1407
f 1595/1595/1410 1596/1596/1411 1465/1465/1325
f 1465/1465/1325 1426/1426/1290 1595/1595/1410
f 1597/1597/1411 1592/1592/1408 1496/1496/1352
f 1496/1496/1352 1500/1500/1325 1597/1597/1411
f 1598/1598/1410 1599/1599/1412 1454/1454/1314
f 1454/1454/1314 1455/1455/1315 1598/1598/1410
f 1600/1600/1413 1601/1601/1411 1540/1540/1381
f 1540/1540/1381 1539/1539/1380 1600/1600/1413
f 1601/1601/1411 1602/1602/1410 1554/1554/1315
f 1554/1554/1315 1540/1540/1381 1601/1601/1411
f 1599/1599/1412 1603/1603/1414 1456/1456/1316
f 1456/1456/1316 1454/1454/1314 1599/1599/1412
f 1603/1603/1414 1604/1604/1415 1484/1484/1342
f 1484/1484/1342 1456/1456/1316 1603/1603/1414
f 1605/1605/1415 1600/1600/1413 1539/1539/1380
f 1539/1539/1380 1543/1543/1342 1605/1605/1415
f 1606/1606/1416 1607/1607/1417 1421/1421/1285
f 1421/1421/1285 1423/1423/1287 1606/1606/1416
f 1607/1607/1417 1608/1608/1418 1557/1557/1348
f 1557/1557/1348 1421/1421/1285 1607/1607/1417
f 1609/1609/1418 1610/1610/1419 1493/1493/1349
f 1493/1493/1349 1492/1492/1348 1609/1609/1418
f 1611/1611/1420 1612/1612/1421 1458/1458/1318
f 1458/1458/1318 1460/1460/1320 1611/1611/1420
f 1612/1612/1421 1613/1613/1422 1559/1559/1385
f 1559/1559/1385 1458/1458/1318 1612/1612/1421
f 1614/1614/1422 1615/1615/1423 1548/1548/1386
f 1548/1548/1386 1547/1547/1385 1614/1614/1422
f 1616/1616/1424 1606/1606/1416 1423/1423/1287
f 1423/1423/1287 1420/1420/1284 1616/1616/1424
f 1610/1610/1419 1617/1617/1425 1490/1490/1322
f 1490/1490/1322 1493/1493/1349 1610/1610/1419
f 1618/1618/1425 1616/1616/1424 1420/1420/1284
f 1420/1420/1284 1462/1462/1322 1618/1618/1425
f 1619/1619/1426 1611/1611/1420 1460/1460/1320
f 1460/1460/1320 1457/1457/1317 1619/1619/1426
f 1615/1615/1423 1620/1620/1427 1545/1545/1341
f 1545/1545/1341 1548/1548/1386 1615/1615/1423
f 1621/1621/1427 1619/1619/1426 1457/1457/1317
f 1457/1457/1317 1483/1483/1341 1621/1621/1427
f 1622/1622/1428 1623/1623/1429 1418/1418/1282
f 1418/1418/1282 1419/1419/1283 1622/1622/1428
f 1623/1623/1429 1624/1624/1430 1463/1463/1323
f 1463/1463/1323 1418/1418/1282 1623/1623/1429
f 1625/1625/1430 1626/1626/1431 1487/1487/1344
f 1487/1487/1344 1486/1486/1323 1625/1625/1430
f 1627/1627/1432 1622/1622/1428 1419/1419/1283
f 1419/1419/1283 1461/1461/1321 1627/1627/1432
f 1626/1626/1431 1628/1628/1433 1550/1550/1388
f 1550/1550/1388 1487/1487/1344 1626/1626/1431
f 1629/1629/1433 1627/1627/1432 1461/1461/1321
f 1461/1461/1321 1558/1558/1388 1629/1629/1433
f 1630/1630/1434 1631/1631/1391 1632/1632/1435
f 1630/1630/1434 1633/1633/1436 1634/1634/1391
f 1634/1634/1391 1631/1631/1391 1630/1630/1434
f 1634/1634/1391 1635/1635/1437 1636/1636/1438
f 1636/1636/1438 1631/1631/1391 1634/1634/1391
f 1637/1637/1439 1631/1631/1391 1636/1636/1438
f 1638/1638/1440 1631/1631/1391 1637/1637/1439
f 1638/1638/1440 1639/1639/1441 1640/1640/1391
f 1640/1640/1391 1631/1631/1391 1638/1638/1440
f 1640/1640/1391 1641/1641/1442 1642/1642/1443
f 1642/1642/1443 1631/1631/1391 1640/1640/1391
f 1643/1643/1443 1631/1631/1391 1642/1642/1443
f 1644/1644/1444 1631/1631/1391 1643/1643/1443
f 1645/1645/1445 1631/1631/1391 1644/1644/1444
f 1646/1646/1446 1631/1631/1391 1645/1645/1445
f 1647/1647/1447 1631/1631/1391 1646/1646/1446
f 1648/1648/1448 1631/1631/1391 1647/1647/1447
f 1649/1649/1449 1631/1631/1391 1648/1648/1448
f 1650/1650/1450 1631/1631/1391 1649/1649/1449
f 1651/1651/1451 1631/1631/1391 1650/1650/1450
f 1652/1652/1452 1631/1631/1391 1651/1651/1451
f 1653/1653/1453 1631/1631/1391 1652/1652/1452
f 1654/1654/1454 1631/1631/1391 1653/1653/1453
f 1655/1655/1455 1631/1631/1391 1654/1654/1454
f 1656/1656/1456 1631/1631/1391 1655/1655/1455
f 1657/1657/1457 1631/1631/1391 1656/1656/1456
f 1658/1658/1458 1631/1631/1391 1657/1657/1457
f 1659/1659/1459 1631/1631/1391 1658/1658/1458
f 1660/1660/1459 1631/1631/1391 1659/1659/1459
f 1660/1660/1459 1661/1661/1460 1662/1662/1391
f 1662/1662/1391 1631/1631/1391 1660/1660/1459
f 1662/1662/1391 1663/1663/1461 1664/1664/1462
f 1664/1664/1462 1631/1631/1391 1662/1662/1391
f 1665/1665/1463 1631/1631/1391 1664/1664/1462
f 1666/1666/1464 1631/1631/1391 1665/1665/1463
f 1666/1666/1464 1667/1667/1465 1668/1668/1391
f 1668/1668/1391 1631/1631/1391 1666/1666/1464
f 1668/1668/1391 1669/1669/1466 1670/1670/1467
f 1670/1670/1467 1631/1631/1391 1668/1668/1391
f 1632/1632/1435 1631/1631/1391 1670/1670/1467
f 1671/1671/1468 1640/1640/1391 1639/1639/1441
f 1640/1640/1391 1671/1671/1468 1641/1641/1442
f 1672/1672/1469 1662/1662/1391 1661/1661/1460
f 1662/1662/1391 1672/1672/1469 1663/1663/1461
f 1673/1673/1470 1634/1634/1391 1633/1633/1436
f 1634/1634/1391 1673/1673/1470 1635/1635/1437
f 1674/1674/1471 1668/1668/1391 1667/1667/1465
f 1668/1668/1391 1674/1674/1471 1669/1669/1466
f 1670/1670/1467 1675/1675/1472 1676/1676/1473
f 1676/1676/1473 1632/1632/1435 1670/1670/1467
f 1669/1669/1466 1677/1677/1474 1675/1675/1472
f 1675/1675/1472 1670/1670/1467 1669/1669/1466
f 1667/1667/1465 1678/1678/1475 1679/1679/1476
f 1679/1679/1476 1674/1674/1471 1667/1667/1465
f 1665/1665/1463 1680/1680/1477 1681/1681/1478
f 1681/1681/1478 1666/1666/1464 1665/1665/1463
f 1664/1664/1462 1682/1682/1109 1680/1680/1477
f 1680/1680/1477 1665/1665/1463 1664/1664/1462
f 1663/1663/1461 1683/1683/1109 1682/1682/1109
f 1682/1682/1109 1664/1664/1462 1663/1663/1461
f 1661/1661/1460 1684/1684/1479 1685/1685/1480
f 1685/1685/1480 1672/1672/1469 1661/1661/1460
f 1659/1659/1459 1686/1686/1109 1687/1687/1109
f 1687/1687/1109 1660/1660/1459 1659/1659/1459
f 1658/1658/1458 1688/1688/1481 1686/1686/1109
f 1686/1686/1109 1659/1659/1459 1658/1658/1458
f 1657/1657/1457 1689/1689/1482 1688/1688/1481
f 1688/1688/1481 1658/1658/1458 1657/1657/1457
f 1656/1656/1456 1690/1690/1109 1689/1689/1482
f 1689/1689/1482 1657/1657/1457 1656/1656/1456
f 1655/1655/1455 1691/1691/1483 1690/1690/1109
f 1690/1690/1109 1656/1656/1456 1655/1655/1455
f 1654/1654/1454 1692/1692/1484 1691/1691/1483
f 1691/1691/1483 1655/1655/1455 1654/1654/1454
f 1653/1653/1453 1693/1693/1485 1692/1692/1484
f 1692/1692/1484 1654/1654/1454 1653/1653/1453
f 1652/1652/1452 1694/1694/1486 1693/1693/1485
f 1693/1693/1485 1653/1653/1453 1652/1652/1452
f 1651/1651/1451 1695/1695/1487 1694/1694/1486
f 1694/1694/1486 1652/1652/1452 1651/1651/1451
f 1650/1650/1450 1696/1696/1488 1695/1695/1487
f 1695/1695/1487 1651/1651/1451 1650/1650/1450
f 1649/1649/1449 1697/1697/1489 1696/1696/1488
f 1696/1696/1488 1650/1650/1450 1649/1649/1449
f 1648/1648/1448 1698/1698/1490 1697/1697/1489
f 1697/1697/1489 1649/1649/1449 1648/1648/1448
f 1647/1647/1447 1699/1699/1491 1698/1698/1490
f 1698/1698/1490 1648/1648/1448 1647/1647/1447
f 1646/1646/1446 1700/1700/1110 1699/1699/1491
f 1699/1699/1491 1647/1647/1447 1646/1646/1446
f 1645/1645/1445 1701/1701/1492 1700/1700/1110
f 1700/1700/1110 1646/1646/1446 1645/1645/1445
f 1644/1644/1444 1702/1702/1493 1701/1701/1492
f 1701/1701/1492 1645/1645/1445 1644/1644/1444
f 1643/1643/1443 1703/1703/1110 1702/1702/1493
f 1702/1702/1493 1644/1644/1444 1643/1643/1443
f 1642/1642/1443 1704/1704/1110 1703/1703/1110
f 1703/1703/1110 1643/1643/1443 1642/1642/1443
f 1641/1641/1442 1705/1705/1494 1704/1704/1110
f 1704/1704/1110 1642/1642/1443 1641/1641/1442
f 1639/1639/1441 1706/1706/1110 1707/1707/1495
f 1707/1707/1495 1671/1671/1468 1639/1639/1441
f 1637/1637/1439 1708/1708/1496 1709/1709/1110
f 1709/1709/1110 1638/1638/1440 1637/1637/1439
f 1636/1636/1438 1710/1710/1497 1708/1708/1496
f 1708/1708/1496 1637/1637/1439 1636/1636/1438
f 1635/1635/1437 1711/1711/1498 1710/1710/1497
f 1710/1710/1497 1636/1636/1438 1635/1635/1437
f 1633/1633/1436 1712/1712/1499 1713/1713/1387
f 1713/1713/1387 1673/1673/1470 1633/1633/1436
f 1632/1632/1435 1676/1676/1473 1714/1714/1500
f 1714/1714/1500 1630/1630/1434 1632/1632/1435
f 1672/1672/1469 1685/1685/1480 1683/1683/1109
f 1683/1683/1109 1663/1663/1461 1672/1672/1469
f 1660/1660/1459 1687/1687/1109 1684/1684/1479
f 1684/1684/1479 1661/1661/1460 1660/1660/1459
f 1671/1671/1468 1707/1707/1495 1705/1705/1494
f 1705/1705/1494 1641/1641/1442 1671/1671/1468
f 1638/1638/1440 1709/1709/1110 1706/1706/1110
f 1706/1706/1110 1639/1639/1441 1638/1638/1440
f 1674/1674/1471 1679/1679/1476 1677/1677/1474
f 1677/1677/1474 1669/1669/1466 1674/1674/1471
f 1666/1666/1464 1681/1681/1478 1678/1678/1475
f 1678/1678/1475 1667/1667/1465 1666/1666/1464
f 1673/1673/1470 1713/1713/1387 1711/1711/1498
f 1711/1711/1498 1635/1635/1437 1673/1673/1470
f 1630/1630/1434 1714/1714/1500 1712/1712/1499
f 1712/1712/1499 1633/1633/1436 1630/1630/1434
f 1715/1715/1110 1716/1716/1110 1717/1717/1501
f 1717/1717/1501 1718/1718/1502 1715/1715/1110
f 1718/1718/1502 1717/1717/1501 1719/1719/1503
f 1719/1719/1503 1720/1720/1504 1718/1718/1502
f 1721/1721/1505 1722/1722/1506 1723/1723/1507
f 1723/1723/1507 1724/1724/1508 1721/1721/1505
f 1725/1725/1509 1726/1726/1510 1722/1722/1506
f 1722/1722/1506 1721/1721/1505 1725/1725/1509
f 1727/1727/1511 1728/1728/1512 1729/1729/1513
f 1729/1729/1513 1730/1730/1514 1727/1727/1511
f 1730/1730/1514 1729/1729/1513 1731/1731/1515
f 1731/1731/1515 1732/1732/1516 1730/1730/1514
f 1733/1733/1391 1734/1734/1391 1735/1735/1391
f 1735/1735/1391 1736/1736/1391 1733/1733/1391
f 1737/1737/1109 1738/1738/1109 1739/1739/1109
f 1739/1739/1109 1740/1740/1109 1737/1737/1109
f 1741/1741/1109 1742/1742/1109 1738/1738/1109
f 1738/1738/1109 1737/1737/1109 1741/1741/1109
f 1743/1743/1110 1744/1744/1110 1745/1745/1110
f 1745/1745/1110 1746/1746/1110 1743/1743/1110
f 1747/1747/1110 1748/1748/1110 1744/1744/1110
f 1744/1744/1110 1743/1743/1110 1747/1747/1110
f 1749/1749/1517 1750/1750/1518 1751/1751/1519
f 1751/1751/1519 1752/1752/1520 1749/1749/1517
f 1752/1752/1520 1751/1751/1519 1753/1753/1109
f 1753/1753/1109 1754/1754/1109 1752/1752/1520
f 1755/1755/1521 1756/1756/1522 1757/1757/1523
f 1757/1757/1523 1758/1758/1524 1755/1755/1521
f 1759/1759/1525 1760/1760/1526 1756/1756/1522
f 1756/1756/1522 1755/1755/1521 1759/1759/1525
f 1761/1761/1527 1762/1762/1528 1763/1763/1529
f 1763/1763/1529 1764/1764/1530 1761/1761/1527
f 1764/1764/1530 1763/1763/1529 1765/1765/1531
f 1765/1765/1531 1766/1766/1532 1764/1764/1530
f 1767/1767/1533 1768/1768/1534 1769/1769/1473
f 1769/1769/1473 1770/1770/1473 1767/1767/1533
f 1770/1770/1473 1769/1769/1473 1771/1771/1535
f 1771/1771/1535 1772/1772/1536 1770/1770/1473
f 1773/1773/16 1774/1774/16 1775/1775/16
f 1773/1773/16 1775/1775/16 1776/1776/16
f 1773/1773/16 1776/1776/16 1777/1777/16
f 1773/1773/16 1777/1777/16 1778/1778/16
f 1779/1779/16 1775/1775/16 1774/1774/16
f 1774/1774/16 1780/1780/16 1779/1779/16
f 1781/1781/16 1776/1776/16 1775/1775/16
f 1775/1775/16 1779/1779/16 1781/1781/16
f 1782/1782/16 1777/1777/16 1776/1776/16
f 1776/1776/16 1781/1781/16 1782/1782/16
f 1783/1783/16 1778/1778/16 1777/1777/16
f 1777/1777/16 1782/1782/16 1783/1783/16
f 1784/1784/16 1779/1779/16 1780/1780/16
f 1780/1780/16 1785/1785/16 1784/1784/16
f 1786/1786/16 1781/1781/16 1779/1779/16
f 1779/1779/16 1784/1784/16 1786/1786/16
f 1787/1787/16 1782/1782/16 1781/1781/16
f 1781/1781/16 1786/1786/16 1787/1787/16
f 1788/1788/16 1783/1783/16 1782/1782/16
f 1782/1782/16 1787/1787/16 1788/1788/16
f 1789/1789/16 1784/1784/16 1785/1785/16
f 1785/1785/16 1790/1790/16 1789/1789/16
f 1791/1791/16 1786/1786/16 1784/1784/16
f 1784/1784/16 1789/1789/16 1791/1791/16
f 1792/1792/16 1787/1787/16 1786/1786/16
f 1786/1786/16 1791/1791/16 1792/1792/16
f 1793/1793/16 1788/1788/16 1787/1787/16
f 1787/1787/16 1792/1792/16 1793/1793/16
f 1794/1794/1537 1789/1789/16 1790/1790/16
f 1790/1790/16 1795/1795/1538 1794/1794/1537
f 1796/1796/1539 1791/1791/16 1789/1789/16
f 1789/1789/16 1794/1794/1537 1796/1796/1539
f 1797/1797/1540 1792/1792/16 1791/1791/16
f 1791/1791/16 1796/1796/1539 1797/1797/1540
f 1798/1798/1541 1793/1793/16 1792/1792/16
f 1792/1792/16 1797/1797/1540 1798/1798/1541
f 1799/1799/1542 1794/1794/1537 1795/1795/1538
f 1795/1795/1538 1800/1800/1543 1799/1799/1542
f 1801/1801/1544 1796/1796/1539 1794/1794/1537
f 1794/1794/1537 1799/1799/1542 1801/1801/1544
f 1802/1802/1545 1797/1797/1540 1796/1796/1539
f 1796/1796/1539 1801/1801/1544 1802/1802/1545
f 1803/1803/1546 1798/1798/1541 1797/1797/1540
f 1797/1797/1540 1802/1802/1545 1803/1803/1546
f 1804/1804/1547 1799/1799/1542 1800/1800/1543
f 1800/1800/1543 1805/1805/1548 1804/1804/1547
f 1806/1806/1549 1801/1801/1544 1799/1799/1542
f 1799/1799/1542 1804/1804/1547 1806/1806/1549
f 1807/1807/1550 1802/1802/1545 1801/1801/1544
f 1801/1801/1544 1806/1806/1549 1807/1807/1550
f 1808/1808/1551 1803/1803/1546 1802/1802/1545
f 1802/1802/1545 1807/1807/1550 1808/1808/1551
f 1809/1809/1552 1804/1804/1547 1805/1805/1548
f 1805/1805/1548 1810/1810/1553 1809/1809/1552
f 1811/1811/1554 1806/1806/1549 1804/1804/1547
f 1804/1804/1547 1809/1809/1552 1811/1811/1554
f 1812/1812/1555 1807/1807/1550 1806/1806/1549
f 1806/1806/1549 1811/1811/1554 1812/1812/1555
f 1813/1813/1556 1808/1808/1551 1807/1807/1550
f 1807/1807/1550 1812/1812/1555 1813/1813/1556
f 1814/1814/1557 1815/1815/1558 1816/1816/1559
f 1816/1816/1559 1817/1817/1560 1814/1814/1557
f 1818/1818/1561 1819/1819/1562 1815/1815/1558
f 1815/1815/1558 1814/1814/1557 1818/1818/1561
f 1820/1820/1563 1821/1821/1564 1819/1819/1562
f 1819/1819/1562 1818/1818/1561 1820/1820/1563
f 1822/1822/1565 1823/1823/1566 1821/1821/1564
f 1821/1821/1564 1820/1820/1563 1822/1822/1565
f 1824/1824/1567 1809/1809/1552 1810/1810/1553
f 1810/1810/1553 1825/1825/1568 1824/1824/1567
f 1826/1826/1569 1811/1811/1554 1809/1809/1552
f 1809/1809/1552 1824/1824/1567 1826/1826/1569
f 1827/1827/1570 1812/1812/1555 1811/1811/1554
f 1811/1811/1554 1826/1826/1569 1827/1827/1570
f 1828/1828/1571 1813/1813/1556 1812/1812/1555
f 1812/1812/1555 1827/1827/1570 1828/1828/1571
f 1829/1829/1572 1830/1830/1573 1831/1831/1574
f 1831/1831/1574 1832/1832/1575 1829/1829/1572
f 1832/1832/1575 1831/1831/1574 1833/1833/1576
f 1833/1833/1576 1834/1834/1577 1832/1832/1575
f 1834/1834/1577 1833/1833/1576 1835/1835/1578
f 1835/1835/1578 1836/1836/1579 1834/1834/1577
f 1836/1836/1579 1835/1835/1578 1837/1837/1580
f 1837/1837/1580 1838/1838/1581 1836/1836/1579
f 1839/1839/16 1840/1840/16 1773/1773/16
f 1841/1841/16 1839/1839/16 1773/1773/16
f 1842/1842/16 1841/1841/16 1773/1773/16
f 1778/1778/16 1842/1842/16 1773/1773/16
f 1843/1843/16 1844/1844/16 1840/1840/16
f 1840/1840/16 1839/1839/16 1843/1843/16
f 1845/1845/16 1843/1843/16 1839/1839/16
f 1839/1839/16 1841/1841/16 1845/1845/16
f 1846/1846/16 1845/1845/16 1841/1841/16
f 1841/1841/16 1842/1842/16 1846/1846/16
f 1783/1783/16 1846/1846/16 1842/1842/16
f 1842/1842/16 1778/1778/16 1783/1783/16
f 1847/1847/16 1848/1848/16 1844/1844/16
f 1844/1844/16 1843/1843/16 1847/1847/16
f 1849/1849/16 1847/1847/16 1843/1843/16
f 1843/1843/16 1845/1845/16 1849/1849/16
f 1850/1850/16 1849/1849/16 1845/1845/16
f 1845/1845/16 1846/1846/16 1850/1850/16
f 1788/1788/16 1850/1850/16 1846/1846/16
f 1846/1846/16 1783/1783/16 1788/1788/16
f 1851/1851/16 1852/1852/16 1848/1848/16
f 1848/1848/16 1847/1847/16 1851/1851/16
f 1853/1853/16 1851/1851/16 1847/1847/16
f 1847/1847/16 1849/1849/16 1853/1853/16
f 1854/1854/16 1853/1853/16 1849/1849/16
f 1849/1849/16 1850/1850/16 1854/1854/16
f 1793/1793/16 1854/1854/16 1850/1850/16
f 1850/1850/16 1788/1788/16 1793/1793/16
f 1855/1855/1582 1856/1856/1583 1852/1852/16
f 1852/1852/16 1851/1851/16 1855/1855/1582
f 1857/1857/1584 1855/1855/1582 1851/1851/16
f 1851/1851/16 1853/1853/16 1857/1857/1584
f 1858/1858/1585 1857/1857/1584 1853/1853/16
f 1853/1853/16 1854/1854/16 1858/1858/1585
f 1798/1798/1541 1858/1858/1585 1854/1854/16
f 1854/1854/16 1793/1793/16 1798/1798/1541
f 1859/1859/1586 1860/1860/1587 1856/1856/1583
f 1856/1856/1583 1855/1855/1582 1859/1859/1586
f 1861/1861/1588 1859/1859/1586 1855/1855/1582
f 1855/1855/1582 1857/1857/1584 1861/1861/1588
f 1862/1862/1589 1861/1861/1588 1857/1857/1584
f 1857/1857/1584 1858/1858/1585 1862/1862/1589
f 1803/1803/1546 1862/1862/1589 1858/1858/1585
f 1858/1858/1585 1798/1798/1541 1803/1803/1546
f 1863/1863/1590 1864/1864/1591 1860/1860/1587
f 1860/1860/1587 1859/1859/1586 1863/1863/1590
f 1865/1865/1592 1863/1863/1590 1859/1859/1586
f 1859/1859/1586 1861/1861/1588 1865/1865/1592
f 1866/1866/1593 1865/1865/1592 1861/1861/1588
f 1861/1861/1588 1862/1862/1589 1866/1866/1593
f 1808/1808/1551 1866/1866/1593 1862/1862/1589
f 1862/1862/1589 1803/1803/1546 1808/1808/1551
f 1867/1867/1594 1837/1837/1580 1864/1864/1591
f 1864/1864/1591 1863/1863/1590 1867/1867/1594
f 1868/1868/1595 1867/1867/1594 1863/1863/1590
f 1863/1863/1590 1865/1865/1592 1868/1868/1595
f 1869/1869/1596 1868/1868/1595 1865/1865/1592
f 1865/1865/1592 1866/1866/1593 1869/1869/1596
f 1813/1813/1556 1869/1869/1596 1866/1866/1593
f 1866/1866/1593 1808/1808/1551 1813/1813/1556
f 1870/1870/1597 1871/1871/1598 1872/1872/1599
f 1872/1872/1599 1873/1873/1600 1870/1870/1597
f 1874/1874/1601 1870/1870/1597 1873/1873/1600
f 1873/1873/1600 1875/1875/1602 1874/1874/1601
f 1876/1876/1603 1874/1874/1601 1875/1875/1602
f 1875/1875/1602 1877/1877/1604 1876/1876/1603
f 1822/1822/1565 1876/1876/1603 1877/1877/1604
f 1877/1877/1604 1823/1823/1566 1822/1822/1565
f 1878/1878/1605 1838/1838/1581 1837/1837/1580
f 1837/1837/1580 1867/1867/1594 1878/1878/1605
f 1879/1879/1606 1878/1878/1605 1867/1867/1594
f 1867/1867/1594 1868/1868/1595 1879/1879/1606
f 1880/1880/1607 1879/1879/1606 1868/1868/1595
f 1868/1868/1595 1869/1869/1596 1880/1880/1607
f 1828/1828/1571 1880/1880/1607 1869/1869/1596
f 1869/1869/1596 1813/1813/1556 1828/1828/1571
f 1881/1881/16 1774/1774/16 1773/1773/16
f 1882/1882/16 1881/1881/16 1773/1773/16
f 1883/1883/16 1882/1882/16 1773/1773/16
f 1884/1884/16 1883/1883/16 1773/1773/16
f 1885/1885/16 1780/1780/16 1774/1774/16
f 1774/1774/16 1881/1881/16 1885/1885/16
f 1886/1886/16 1885/1885/16 1881/1881/16
f 1881/1881/16 1882/1882/16 1886/1886/16
f 1887/1887/16 1886/1886/16 1882/1882/16
f 1882/1882/16 1883/1883/16 1887/1887/16
f 1888/1888/16 1887/1887/16 1883/1883/16
f 1883/1883/16 1884/1884/16 1888/1888/16
f 1889/1889/16 1785/1785/16 1780/1780/16
f 1780/1780/16 1885/1885/16 1889/1889/16
f 1890/1890/16 1889/1889/16 1885/1885/16
f 1885/1885/16 1886/1886/16 1890/1890/16
f 1891/1891/16 1890/1890/16 1886/1886/16
f 1886/1886/16 1887/1887/16 1891/1891/16
f 1892/1892/16 1891/1891/16 1887/1887/16
f 1887/1887/16 1888/1888/16 1892/1892/16
f 1893/1893/16 1790/1790/16 1785/1785/16
f 1785/1785/16 1889/1889/16 1893/1893/16
f 1894/1894/16 1893/1893/16 1889/1889/16
f 1889/1889/16 1890/1890/16 1894/1894/16
f 1895/1895/16 1894/1894/16 1890/1890/16
f 1890/1890/16 1891/1891/16 1895/1895/16
f 1896/1896/16 1895/1895/16 1891/1891/16
f 1891/1891/16 1892/1892/16 1896/1896/16
f 1897/1897/1608 1795/1795/1538 1790/1790/16
f 1790/1790/16 1893/1893/16 1897/1897/1608
f 1898/1898/1609 1897/1897/1608 1893/1893/16
f 1893/1893/16 1894/1894/16 1898/1898/1609
f 1899/1899/1610 1898/1898/1609 1894/1894/16
f 1894/1894/16 1895/1895/16 1899/1899/1610
f 1900/1900/1611 1899/1899/1610 1895/1895/16
f 1895/1895/16 1896/1896/16 1900/1900/1611
f 1901/1901/1612 1800/1800/1543 1795/1795/1538
f 1795/1795/1538 1897/1897/1608 1901/1901/1612
f 1902/1902/1613 1901/1901/1612 1897/1897/1608
f 1897/1897/1608 1898/1898/1609 1902/1902/1613
f 1903/1903/1614 1902/1902/1613 1898/1898/1609
f 1898/1898/1609 1899/1899/1610 1903/1903/1614
f 1904/1904/1615 1903/1903/1614 1899/1899/1610
f 1899/1899/1610 1900/1900/1611 1904/1904/1615
f 1905/1905/1616 1805/1805/1548 1800/1800/1543
f 1800/1800/1543 1901/1901/1612 1905/1905/1616
f 1906/1906/1617 1905/1905/1616 1901/1901/1612
f 1901/1901/1612 1902/1902/1613 1906/1906/1617
f 1907/1907/1618 1906/1906/1617 1902/1902/1613
f 1902/1902/1613 1903/1903/1614 1907/1907/1618
f 1908/1908/1619 1907/1907/1618 1903/1903/1614
f 1903/1903/1614 1904/1904/1615 1908/1908/1619
f 1909/1909/1620 1810/1810/1553 1805/1805/1548
f 1805/1805/1548 1905/1905/1616 1909/1909/1620
f 1910/1910/1621 1909/1909/1620 1905/1905/1616
f 1905/1905/1616 1906/1906/1617 1910/1910/1621
f 1911/1911/1622 1910/1910/1621 1906/1906/1617
f 1906/1906/1617 1907/1907/1618 1911/1911/1622
f 1830/1830/1573 1911/1911/1622 1907/1907/1618
f 1907/1907/1618 1908/1908/1619 1830/1830/1573
f 1912/1912/1623 1817/1817/1560 1816/1816/1559
f 1816/1816/1559 1913/1913/1624 1912/1912/1623
f 1914/1914/1625 1912/1912/1623 1913/1913/1624
f 1913/1913/1624 1915/1915/1626 1914/1914/1625
f 1916/1916/1627 1914/1914/1625 1915/1915/1626
f 1915/1915/1626 1917/1917/1628 1916/1916/1627
f 1918/1918/1629 1916/1916/1627 1917/1917/1628
f 1917/1917/1628 1919/1919/1630 1918/1918/1629
f 1920/1920/1631 1825/1825/1568 1810/1810/1553
f 1810/1810/1553 1909/1909/1620 1920/1920/1631
f 1921/1921/1632 1920/1920/1631 1909/1909/1620
f 1909/1909/1620 1910/1910/1621 1921/1921/1632
f 1922/1922/1633 1921/1921/1632 1910/1910/1621
f 1910/1910/1621 1911/1911/1622 1922/1922/1633
f 1829/1829/1572 1922/1922/1633 1911/1911/1622
f 1911/1911/1622 1830/1830/1573 1829/1829/1572
f 1773/1773/16 1840/1840/16 1923/1923/16
f 1773/1773/16 1923/1923/16 1924/1924/16
f 1773/1773/16 1924/1924/16 1925/1925/16
f 1773/1773/16 1925/1925/16 1884/1884/16
f 1926/1926/16 1923/1923/16 1840/1840/16
f 1840/1840/16 1844/1844/16 1926/1926/16
f 1927/1927/16 1924/1924/16 1923/1923/16
f 1923/1923/16 1926/1926/16 1927/1927/16
f 1928/1928/16 1925/1925/16 1924/1924/16
f 1924/1924/16 1927/1927/16 1928/1928/16
f 1888/1888/16 1884/1884/16 1925/1925/16
f 1925/1925/16 1928/1928/16 1888/1888/16
f 1929/1929/16 1926/1926/16 1844/1844/16
f 1844/1844/16 1848/1848/16 1929/1929/16
f 1930/1930/16 1927/1927/16 1926/1926/16
f 1926/1926/16 1929/1929/16 1930/1930/16
f 1931/1931/16 1928/1928/16 1927/1927/16
f 1927/1927/16 1930/1930/16 1931/1931/16
f 1892/1892/16 1888/1888/16 1928/1928/16
f 1928/1928/16 1931/1931/16 1892/1892/16
f 1932/1932/16 1929/1929/16 1848/1848/16
f 1848/1848/16 1852/1852/16 1932/1932/16
f 1933/1933/16 1930/1930/16 1929/1929/16
f 1929/1929/16 1932/1932/16 1933/1933/16
f 1934/1934/16 1931/1931/16 1930/1930/16
f 1930/1930/16 1933/1933/16 1934/1934/16
f 1896/1896/16 1892/1892/16 1931/1931/16
f 1931/1931/16 1934/1934/16 1896/1896/16
f 1935/1935/1634 1932/1932/16 1852/1852/16
f 1852/1852/16 1856/1856/1583 1935/1935/1634
f 1936/1936/1635 1933/1933/16 1932/1932/16
f 1932/1932/16 1935/1935/1634 1936/1936/1635
f 1937/1937/1636 1934/1934/16 1933/1933/16
f 1933/1933/16 1936/1936/1635 1937/1937/1636
f 1900/1900/1611 1896/1896/16 1934/1934/16
f 1934/1934/16 1937/1937/1636 1900/1900/1611
f 1938/1938/1637 1935/1935/1634 1856/1856/1583
f 1856/1856/1583 1860/1860/1587 1938/1938/1637
f 1939/1939/1638 1936/1936/1635 1935/1935/1634
f 1935/1935/1634 1938/1938/1637 1939/1939/1638
f 1940/1940/1639 1937/1937/1636 1936/1936/1635
f 1936/1936/1635 1939/1939/1638 1940/1940/1639
f 1904/1904/1615 1900/1900/1611 1937/1937/1636
f 1937/1937/1636 1940/1940/1639 1904/1904/1615
f 1941/1941/1640 1938/1938/1637 1860/1860/1587
f 1860/1860/1587 1864/1864/1591 1941/1941/1640
f 1942/1942/1641 1939/1939/1638 1938/1938/1637
f 1938/1938/1637 1941/1941/1640 1942/1942/1641
f 1943/1943/1642 1940/1940/1639 1939/1939/1638
f 1939/1939/1638 1942/1942/1641 1943/1943/1642
f 1908/1908/1619 1904/1904/1615 1940/1940/1639
f 1940/1940/1639 1943/1943/1642 1908/1908/1619
f 1835/1835/1578 1941/1941/1640 1864/1864/1591
f 1864/1864/1591 1837/1837/1580 1835/1835/1578
f 1833/1833/1576 1942/1942/1641 1941/1941/1640
f 1941/1941/1640 1835/1835/1578 1833/1833/1576
f 1831/1831/1574 1943/1943/1642 1942/1942/1641
f 1942/1942/1641 1833/1833/1576 1831/1831/1574
f 1830/1830/1573 1908/1908/1619 1943/1943/1642
f 1943/1943/1642 1831/1831/1574 1830/1830/1573
f 1944/1944/1643 1945/1945/1644 1872/1872/1599
f 1872/1872/1599 1871/1871/1598 1944/1944/1643
f 1946/1946/1645 1947/1947/1646 1948/1948/1644
f 1948/1948/1644 1949/1949/1643 1946/1946/1645
f 1950/1950/1647 1951/1951/1648 1947/1947/1646
f 1947/1947/1646 1946/1946/1645 1950/1950/1647
f 1918/1918/1629 1919/1919/1630 1952/1952/1648
f 1952/1952/1648 1953/1953/1647 1918/1918/1629
f 1815/1815/1558 1824/1824/1567 1825/1825/1568
f 1825/1825/1568 1816/1816/1559 1815/1815/1558
f 1819/1819/1562 1826/1826/1569 1824/1824/1567
f 1824/1824/1567 1815/1815/1558 1819/1819/1562
f 1821/1821/1564 1827/1827/1570 1826/1826/1569
f 1826/1826/1569 1819/1819/1562 1821/1821/1564
f 1823/1823/1566 1828/1828/1571 1827/1827/1570
f 1827/1827/1570 1821/1821/1564 1823/1823/1566
f 1951/1951/1648 1832/1832/1575 1834/1834/1577
f 1834/1834/1577 1947/1947/1646 1951/1951/1648
f 1945/1945/1644 1836/1836/1579 1838/1838/1581
f 1838/1838/1581 1872/1872/1599 1945/1945/1644
f 1873/1873/1600 1872/1872/1599 1838/1838/1581
f 1838/1838/1581 1878/1878/1605 1873/1873/1600
f 1875/1875/1602 1873/1873/1600 1878/1878/1605
f 1878/1878/1605 1879/1879/1606 1875/1875/1602
f 1877/1877/1604 1875/1875/1602 1879/1879/1606
f 1879/1879/1606 1880/1880/1607 1877/1877/1604
f 1823/1823/1566 1877/1877/1604 1880/1880/1607
f 1880/1880/1607 1828/1828/1571 1823/1823/1566
f 1913/1913/1624 1816/1816/1559 1825/1825/1568
f 1825/1825/1568 1920/1920/1631 1913/1913/1624
f 1915/1915/1626 1913/1913/1624 1920/1920/1631
f 1920/1920/1631 1921/1921/1632 1915/1915/1626
f 1917/1917/1628 1915/1915/1626 1921/1921/1632
f 1921/1921/1632 1922/1922/1633 1917/1917/1628
f 1919/1919/1630 1917/1917/1628 1922/1922/1633
f 1922/1922/1633 1829/1829/1572 1919/1919/1630
f 1954/1954/1649 1955/1955/1650 1829/1829/1572
f 1829/1829/1572 1832/1832/1575 1954/1954/1649
f 1955/1955/1650 1956/1956/1651 1919/1919/1630
f 1919/1919/1630 1829/1829/1572 1955/1955/1650
f 1956/1956/1651 1957/1957/1652 1952/1952/1648
f 1952/1952/1648 1919/1919/1630 1956/1956/1651
f 1957/1957/1652 1954/1954/1649 1832/1832/1575
f 1832/1832/1575 1951/1951/1648 1957/1957/1652
f 1956/1956/1651 1955/1955/1650 1954/1954/1649
f 1954/1954/1649 1957/1957/1652 1956/1956/1651
f 1958/1958/16 1959/1959/16 1960/1960/16
f 1961/1961/16 1958/1958/16 1960/1960/16
f 1962/1962/16 1961/1961/16 1960/1960/16
f 1963/1963/16 1962/1962/16 1960/1960/16
f 1964/1964/16 1965/1965/16 1959/1959/16
f 1959/1959/16 1958/1958/16 1964/1964/16
f 1966/1966/16 1964/1964/16 1958/1958/16
f 1958/1958/16 1961/1961/16 1966/1966/16
f 1967/1967/16 1966/1966/16 1961/1961/16
f 1961/1961/16 1962/1962/16 1967/1967/16
f 1968/1968/16 1967/1967/16 1962/1962/16
f 1962/1962/16 1963/1963/16 1968/1968/16
f 1969/1969/16 1970/1970/16 1965/1965/16
f 1965/1965/16 1964/1964/16 1969/1969/16
f 1971/1971/16 1969/1969/16 1964/1964/16
f 1964/1964/16 1966/1966/16 1971/1971/16
f 1972/1972/16 1971/1971/16 1966/1966/16
f 1966/1966/16 1967/1967/16 1972/1972/16
f 1973/1973/16 1972/1972/16 1967/1967/16
f 1967/1967/16 1968/1968/16 1973/1973/16
f 1974/1974/16 1975/1975/16 1970/1970/16
f 1970/1970/16 1969/1969/16 1974/1974/16
f 1976/1976/16 1974/1974/16 1969/1969/16
f 1969/1969/16 1971/1971/16 1976/1976/16
f 1977/1977/16 1976/1976/16 1971/1971/16
f 1971/1971/16 1972/1972/16 1977/1977/16
f 1978/1978/16 1977/1977/16 1972/1972/16
f 1972/1972/16 1973/1973/16 1978/1978/16
f 1979/1979/1653 1980/1980/1538 1975/1975/16
f 1975/1975/16 1974/1974/16 1979/1979/1653
f 1981/1981/1654 1979/1979/1653 1974/1974/16
f 1974/1974/16 1976/1976/16 1981/1981/1654
f 1982/1982/1655 1981/1981/1654 1976/1976/16
f 1976/1976/16 1977/1977/16 1982/1982/1655
f 1983/1983/1656 1982/1982/1655 1977/1977/16
f 1977/1977/16 1978/1978/16 1983/1983/1656
f 1984/1984/1657 1985/1985/1543 1980/1980/1538
f 1980/1980/1538 1979/1979/1653 1984/1984/1657
f 1986/1986/1658 1984/1984/1657 1979/1979/1653
f 1979/1979/1653 1981/1981/1654 1986/1986/1658
f 1987/1987/1659 1986/1986/1658 1981/1981/1654
f 1981/1981/1654 1982/1982/1655 1987/1987/1659
f 1988/1988/1615 1987/1987/1659 1982/1982/1655
f 1982/1982/1655 1983/1983/1656 1988/1988/1615
f 1989/1989/1660 1990/1990/1548 1985/1985/1543
f 1985/1985/1543 1984/1984/1657 1989/1989/1660
f 1991/1991/1617 1989/1989/1660 1984/1984/1657
f 1984/1984/1657 1986/1986/1658 1991/1991/1617
f 1992/1992/1661 1991/1991/1617 1986/1986/1658
f 1986/1986/1658 1987/1987/1659 1992/1992/1661
f 1993/1993/1662 1992/1992/1661 1987/1987/1659
f 1987/1987/1659 1988/1988/1615 1993/1993/1662
f 1994/1994/1663 1995/1995/1553 1990/1990/1548
f 1990/1990/1548 1989/1989/1660 1994/1994/1663
f 1996/1996/1664 1994/1994/1663 1989/1989/1660
f 1989/1989/1660 1991/1991/1617 1996/1996/1664
f 1997/1997/1665 1996/1996/1664 1991/1991/1617
f 1991/1991/1617 1992/1992/1661 1997/1997/1665
f 1998/1998/1666 1997/1997/1665 1992/1992/1661
f 1992/1992/1661 1993/1993/1662 1998/1998/1666
f 1999/1999/1667 2000/2000/1560 2001/2001/1559
f 2001/2001/1559 2002/2002/1668 1999/1999/1667
f 2003/2003/1669 1999/1999/1667 2002/2002/1668
f 2002/2002/1668 2004/2004/1670 2003/2003/1669
f 2005/2005/1671 2003/2003/1669 2004/2004/1670
f 2004/2004/1670 2006/2006/1672 2005/2005/1671
f 2007/2007/1673 2005/2005/1671 2006/2006/1672
f 2006/2006/1672 2008/2008/1674 2007/2007/1673
f 2009/2009/1675 2010/2010/1568 1995/1995/1553
f 1995/1995/1553 1994/1994/1663 2009/2009/1675
f 2011/2011/1676 2009/2009/1675 1994/1994/1663
f 1994/1994/1663 1996/1996/1664 2011/2011/1676
f 2012/2012/1677 2011/2011/1676 1996/1996/1664
f 1996/1996/1664 1997/1997/1665 2012/2012/1677
f 2013/2013/1678 2012/2012/1677 1997/1997/1665
f 1997/1997/1665 1998/1998/1666 2013/2013/1678
f 2014/2014/1679 2015/2015/1680 2016/2016/1681
f 2016/2016/1681 2017/2017/1682 2014/2014/1679
f 2015/2015/1680 2018/2018/1683 2019/2019/1684
f 2019/2019/1684 2016/2016/1681 2015/2015/1680
f 2018/2018/1683 2020/2020/1685 2021/2021/1686
f 2021/2021/1686 2019/2019/1684 2018/2018/1683
f 2020/2020/1685 2022/2022/1581 2023/2023/1580
f 2023/2023/1580 2021/2021/1686 2020/2020/1685
f 1960/1960/16 2024/2024/16 2025/2025/16
f 1960/1960/16 2025/2025/16 2026/2026/16
f 1960/1960/16 2026/2026/16 2027/2027/16
f 1960/1960/16 2027/2027/16 1963/1963/16
f 2028/2028/16 2025/2025/16 2024/2024/16
f 2024/2024/16 2029/2029/16 2028/2028/16
f 2030/2030/16 2026/2026/16 2025/2025/16
f 2025/2025/16 2028/2028/16 2030/2030/16
f 2031/2031/16 2027/2027/16 2026/2026/16
f 2026/2026/16 2030/2030/16 2031/2031/16
f 1968/1968/16 1963/1963/16 2027/2027/16
f 2027/2027/16 2031/2031/16 1968/1968/16
f 2032/2032/16 2028/2028/16 2029/2029/16
f 2029/2029/16 2033/2033/16 2032/2032/16
f 2034/2034/16 2030/2030/16 2028/2028/16
f 2028/2028/16 2032/2032/16 2034/2034/16
f 2035/2035/16 2031/2031/16 2030/2030/16
f 2030/2030/16 2034/2034/16 2035/2035/16
f 1973/1973/16 1968/1968/16 2031/2031/16
f 2031/2031/16 2035/2035/16 1973/1973/16
f 2036/2036/16 2032/2032/16 2033/2033/16
f 2033/2033/16 2037/2037/16 2036/2036/16
f 2038/2038/16 2034/2034/16 2032/2032/16
f 2032/2032/16 2036/2036/16 2038/2038/16
f 2039/2039/16 2035/2035/16 2034/2034/16
f 2034/2034/16 2038/2038/16 2039/2039/16
f 1978/1978/16 1973/1973/16 2035/2035/16
f 2035/2035/16 2039/2039/16 1978/1978/16
f 2040/2040/1687 2036/2036/16 2037/2037/16
f 2037/2037/16 2041/2041/1583 2040/2040/1687
f 2042/2042/1688 2038/2038/16 2036/2036/16
f 2036/2036/16 2040/2040/1687 2042/2042/1688
f 2043/2043/1689 2039/2039/16 2038/2038/16
f 2038/2038/16 2042/2042/1688 2043/2043/1689
f 1983/1983/1656 1978/1978/16 2039/2039/16
f 2039/2039/16 2043/2043/1689 1983/1983/1656
f 2044/2044/1690 2040/2040/1687 2041/2041/1583
f 2041/2041/1583 2045/2045/1587 2044/2044/1690
f 2046/2046/1691 2042/2042/1688 2040/2040/1687
f 2040/2040/1687 2044/2044/1690 2046/2046/1691
f 2047/2047/1692 2043/2043/1689 2042/2042/1688
f 2042/2042/1688 2046/2046/1691 2047/2047/1692
f 1988/1988/1615 1983/1983/1656 2043/2043/1689
f 2043/2043/1689 2047/2047/1692 1988/1988/1615
f 2048/2048/1693 2044/2044/1690 2045/2045/1587
f 2045/2045/1587 2049/2049/1591 2048/2048/1693
f 2050/2050/1641 2046/2046/1691 2044/2044/1690
f 2044/2044/1690 2048/2048/1693 2050/2050/1641
f 2051/2051/1694 2047/2047/1692 2046/2046/1691
f 2046/2046/1691 2050/2050/1641 2051/2051/1694
f 1993/1993/1662 1988/1988/1615 2047/2047/1692
f 2047/2047/1692 2051/2051/1694 1993/1993/1662
f 2052/2052/1695 2048/2048/1693 2049/2049/1591
f 2049/2049/1591 2023/2023/1580 2052/2052/1695
f 2053/2053/1696 2050/2050/1641 2048/2048/1693
f 2048/2048/1693 2052/2052/1695 2053/2053/1696
f 2054/2054/1697 2051/2051/1694 2050/2050/1641
f 2050/2050/1641 2053/2053/1696 2054/2054/1697
f 1998/1998/1666 1993/1993/1662 2051/2051/1694
f 2051/2051/1694 2054/2054/1697 1998/1998/1666
f 2055/2055/1698 2056/2056/1699 2057/2057/1599
f 2057/2057/1599 2058/2058/1598 2055/2055/1698
f 2059/2059/1700 2060/2060/1701 2056/2056/1699
f 2056/2056/1699 2055/2055/1698 2059/2059/1700
f 2061/2061/1702 2062/2062/1703 2060/2060/1701
f 2060/2060/1701 2059/2059/1700 2061/2061/1702
f 2007/2007/1673 2008/2008/1674 2062/2062/1703
f 2062/2062/1703 2061/2061/1702 2007/2007/1673
f 2063/2063/1704 2052/2052/1695 2023/2023/1580
f 2023/2023/1580 2022/2022/1581 2063/2063/1704
f 2064/2064/1705 2053/2053/1696 2052/2052/1695
f 2052/2052/1695 2063/2063/1704 2064/2064/1705
f 2065/2065/1706 2054/2054/1697 2053/2053/1696
f 2053/2053/1696 2064/2064/1705 2065/2065/1706
f 2013/2013/1678 1998/1998/1666 2054/2054/1697
f 2054/2054/1697 2065/2065/1706 2013/2013/1678
f 1960/1960/16 1959/1959/16 2066/2066/16
f 1960/1960/16 2066/2066/16 2067/2067/16
f 1960/1960/16 2067/2067/16 2068/2068/16
f 1960/1960/16 2068/2068/16 2069/2069/16
f 2070/2070/16 2066/2066/16 1959/1959/16
f 1959/1959/16 1965/1965/16 2070/2070/16
f 2071/2071/16 2067/2067/16 2066/2066/16
f 2066/2066/16 2070/2070/16 2071/2071/16
f 2072/2072/16 2068/2068/16 2067/2067/16
f 2067/2067/16 2071/2071/16 2072/2072/16
f 2073/2073/16 2069/2069/16 2068/2068/16
f 2068/2068/16 2072/2072/16 2073/2073/16
f 2074/2074/16 2070/2070/16 1965/1965/16
f 1965/1965/16 1970/1970/16 2074/2074/16
f 2075/2075/16 2071/2071/16 2070/2070/16
f 2070/2070/16 2074/2074/16 2075/2075/16
f 2076/2076/16 2072/2072/16 2071/2071/16
f 2071/2071/16 2075/2075/16 2076/2076/16
f 2077/2077/16 2073/2073/16 2072/2072/16
f 2072/2072/16 2076/2076/16 2077/2077/16
f 2078/2078/16 2074/2074/16 1970/1970/16
f 1970/1970/16 1975/1975/16 2078/2078/16
f 2079/2079/16 2075/2075/16 2074/2074/16
f 2074/2074/16 2078/2078/16 2079/2079/16
f 2080/2080/16 2076/2076/16 2075/2075/16
f 2075/2075/16 2079/2079/16 2080/2080/16
f 2081/2081/16 2077/2077/16 2076/2076/16
f 2076/2076/16 2080/2080/16 2081/2081/16
f 2082/2082/1707 2078/2078/16 1975/1975/16
f 1975/1975/16 1980/1980/1538 2082/2082/1707
f 2083/2083/1708 2079/2079/16 2078/2078/16
f 2078/2078/16 2082/2082/1707 2083/2083/1708
f 2084/2084/1709 2080/2080/16 2079/2079/16
f 2079/2079/16 2083/2083/1708 2084/2084/1709
f 2085/2085/1710 2081/2081/16 2080/2080/16
f 2080/2080/16 2084/2084/1709 2085/2085/1710
f 2086/2086/1711 2082/2082/1707 1980/1980/1538
f 1980/1980/1538 1985/1985/1543 2086/2086/1711
f 2087/2087/1712 2083/2083/1708 2082/2082/1707
f 2082/2082/1707 2086/2086/1711 2087/2087/1712
f 2088/2088/1713 2084/2084/1709 2083/2083/1708
f 2083/2083/1708 2087/2087/1712 2088/2088/1713
f 2089/2089/1546 2085/2085/1710 2084/2084/1709
f 2084/2084/1709 2088/2088/1713 2089/2089/1546
f 2090/2090/1714 2086/2086/1711 1985/1985/1543
f 1985/1985/1543 1990/1990/1548 2090/2090/1714
f 2091/2091/1549 2087/2087/1712 2086/2086/1711
f 2086/2086/1711 2090/2090/1714 2091/2091/1549
f 2092/2092/1715 2088/2088/1713 2087/2087/1712
f 2087/2087/1712 2091/2091/1549 2092/2092/1715
f 2093/2093/1716 2089/2089/1546 2088/2088/1713
f 2088/2088/1713 2092/2092/1715 2093/2093/1716
f 2094/2094/1717 2090/2090/1714 1990/1990/1548
f 1990/1990/1548 1995/1995/1553 2094/2094/1717
f 2095/2095/1718 2091/2091/1549 2090/2090/1714
f 2090/2090/1714 2094/2094/1717 2095/2095/1718
f 2096/2096/1719 2092/2092/1715 2091/2091/1549
f 2091/2091/1549 2095/2095/1718 2096/2096/1719
f 2017/2017/1682 2093/2093/1716 2092/2092/1715
f 2092/2092/1715 2096/2096/1719 2017/2017/1682
f 2097/2097/1720 2098/2098/1721 2001/2001/1559
f 2001/2001/1559 2000/2000/1560 2097/2097/1720
f 2099/2099/1722 2100/2100/1723 2098/2098/1721
f 2098/2098/1721 2097/2097/1720 2099/2099/1722
f 2101/2101/1724 2102/2102/1725 2100/2100/1723
f 2100/2100/1723 2099/2099/1722 2101/2101/1724
f 2103/2103/1726 2104/2104/1727 2102/2102/1725
f 2102/2102/1725 2101/2101/1724 2103/2103/1726
f 2105/2105/1728 2094/2094/1717 1995/1995/1553
f 1995/1995/1553 2010/2010/1568 2105/2105/1728
f 2106/2106/1729 2095/2095/1718 2094/2094/1717
f 2094/2094/1717 2105/2105/1728 2106/2106/1729
f 2107/2107/1730 2096/2096/1719 2095/2095/1718
f 2095/2095/1718 2106/2106/1729 2107/2107/1730
f 2014/2014/1679 2017/2017/1682 2096/2096/1719
f 2096/2096/1719 2107/2107/1730 2014/2014/1679
f 2108/2108/16 2024/2024/16 1960/1960/16
f 2109/2109/16 2108/2108/16 1960/1960/16
f 2110/2110/16 2109/2109/16 1960/1960/16
f 2069/2069/16 2110/2110/16 1960/1960/16
f 2111/2111/16 2029/2029/16 2024/2024/16
f 2024/2024/16 2108/2108/16 2111/2111/16
f 2112/2112/16 2111/2111/16 2108/2108/16
f 2108/2108/16 2109/2109/16 2112/2112/16
f 2113/2113/16 2112/2112/16 2109/2109/16
f 2109/2109/16 2110/2110/16 2113/2113/16
f 2073/2073/16 2113/2113/16 2110/2110/16
f 2110/2110/16 2069/2069/16 2073/2073/16
f 2114/2114/16 2033/2033/16 2029/2029/16
f 2029/2029/16 2111/2111/16 2114/2114/16
f 2115/2115/16 2114/2114/16 2111/2111/16
f 2111/2111/16 2112/2112/16 2115/2115/16
f 2116/2116/16 2115/2115/16 2112/2112/16
f 2112/2112/16 2113/2113/16 2116/2116/16
f 2077/2077/16 2116/2116/16 2113/2113/16
f 2113/2113/16 2073/2073/16 2077/2077/16
f 2117/2117/16 2037/2037/16 2033/2033/16
f 2033/2033/16 2114/2114/16 2117/2117/16
f 2118/2118/16 2117/2117/16 2114/2114/16
f 2114/2114/16 2115/2115/16 2118/2118/16
f 2119/2119/16 2118/2118/16 2115/2115/16
f 2115/2115/16 2116/2116/16 2119/2119/16
f 2081/2081/16 2119/2119/16 2116/2116/16
f 2116/2116/16 2077/2077/16 2081/2081/16
f 2120/2120/1731 2041/2041/1583 2037/2037/16
f 2037/2037/16 2117/2117/16 2120/2120/1731
f 2121/2121/1732 2120/2120/1731 2117/2117/16
f 2117/2117/16 2118/2118/16 2121/2121/1732
f 2122/2122/1733 2121/2121/1732 2118/2118/16
f 2118/2118/16 2119/2119/16 2122/2122/1733
f 2085/2085/1710 2122/2122/1733 2119/2119/16
f 2119/2119/16 2081/2081/16 2085/2085/1710
f 2123/2123/1734 2045/2045/1587 2041/2041/1583
f 2041/2041/1583 2120/2120/1731 2123/2123/1734
f 2124/2124/1735 2123/2123/1734 2120/2120/1731
f 2120/2120/1731 2121/2121/1732 2124/2124/1735
f 2125/2125/1736 2124/2124/1735 2121/2121/1732
f 2121/2121/1732 2122/2122/1733 2125/2125/1736
f 2089/2089/1546 2125/2125/1736 2122/2122/1733
f 2122/2122/1733 2085/2085/1710 2089/2089/1546
f 2126/2126/1737 2049/2049/1591 2045/2045/1587
f 2045/2045/1587 2123/2123/1734 2126/2126/1737
f 2127/2127/1592 2126/2126/1737 2123/2123/1734
f 2123/2123/1734 2124/2124/1735 2127/2127/1592
f 2128/2128/1738 2127/2127/1592 2124/2124/1735
f 2124/2124/1735 2125/2125/1736 2128/2128/1738
f 2093/2093/1716 2128/2128/1738 2125/2125/1736
f 2125/2125/1736 2089/2089/1546 2093/2093/1716
f 2021/2021/1686 2023/2023/1580 2049/2049/1591
f 2049/2049/1591 2126/2126/1737 2021/2021/1686
f 2019/2019/1684 2021/2021/1686 2126/2126/1737
f 2126/2126/1737 2127/2127/1592 2019/2019/1684
f 2016/2016/1681 2019/2019/1684 2127/2127/1592
f 2127/2127/1592 2128/2128/1738 2016/2016/1681
f 2017/2017/1682 2016/2016/1681 2128/2128/1738
f 2128/2128/1738 2093/2093/1716 2017/2017/1682
f 2129/2129/1739 2058/2058/1598 2057/2057/1599
f 2057/2057/1599 2130/2130/1740 2129/2129/1739
f 2131/2131/1741 2132/2132/1739 2133/2133/1740
f 2133/2133/1740 2134/2134/1742 2131/2131/1741
f 2135/2135/1743 2131/2131/1741 2134/2134/1742
f 2134/2134/1742 2136/2136/1744 2135/2135/1743
f 2103/2103/1726 2135/2135/1743 2136/2136/1744
f 2136/2136/1744 2104/2104/1727 2103/2103/1726
f 2002/2002/1668 2001/2001/1559 2010/2010/1568
f 2010/2010/1568 2009/2009/1675 2002/2002/1668
f 2004/2004/1670 2002/2002/1668 2009/2009/1675
f 2009/2009/1675 2011/2011/1676 2004/2004/1670
f 2006/2006/1672 2004/2004/1670 2011/2011/1676
f 2011/2011/1676 2012/2012/1677 2006/2006/1672
f 2008/2008/1674 2006/2006/1672 2012/2012/1677
f 2012/2012/1677 2013/2013/1678 2008/2008/1674
f 2136/2136/1744 2134/2134/1742 2018/2018/1683
f 2018/2018/1683 2015/2015/1680 2136/2136/1744
f 2130/2130/1740 2057/2057/1599 2022/2022/1581
f 2022/2022/1581 2020/2020/1685 2130/2130/1740
f 2056/2056/1699 2063/2063/1704 2022/2022/1581
f 2022/2022/1581 2057/2057/1599 2056/2056/1699
f 2060/2060/1701 2064/2064/1705 2063/2063/1704
f 2063/2063/1704 2056/2056/1699 2060/2060/1701
f 2062/2062/1703 2065/2065/1706 2064/2064/1705
f 2064/2064/1705 2060/2060/1701 2062/2062/1703
f 2008/2008/1674 2013/2013/1678 2065/2065/1706
f 2065/2065/1706 2062/2062/1703 2008/2008/1674
f 2098/2098/1721 2105/2105/1728 2010/2010/1568
f 2010/2010/1568 2001/2001/1559 2098/2098/1721
f 2100/2100/1723 2106/2106/1729 2105/2105/1728
f 2105/2105/1728 2098/2098/1721 2100/2100/1723
f 2102/2102/1725 2107/2107/1730 2106/2106/1729
f 2106/2106/1729 2100/2100/1723 2102/2102/1725
f 2104/2104/1727 2014/2014/1679 2107/2107/1730
f 2107/2107/1730 2102/2102/1725 2104/2104/1727
f 2137/2137/1745 2015/2015/1680 2014/2014/1679
f 2014/2014/1679 2138/2138/1746 2137/2137/1745
f 2138/2138/1746 2014/2014/1679 2104/2104/1727
f 2104/2104/1727 2139/2139/1747 2138/2138/1746
f 2139/2139/1747 2104/2104/1727 2136/2136/1744
f 2136/2136/1744 2140/2140/1748 2139/2139/1747
f 2140/2140/1748 2136/2136/1744 2015/2015/1680
f 2015/2015/1680 2137/2137/1745 2140/2140/1748
f 2139/2139/1747 2140/2140/1748 2137/2137/1745
f 2137/2137/1745 2138/2138/1746 2139/2139/1747
f 2141/2141/1749 2142/2142/1750 1836/1836/1579
f 1836/1836/1579 1945/1945/1644 2141/2141/1749
f 2143/2143/1751 2144/2144/1749 1948/1948/1644
f 1948/1948/1644 1947/1947/1646 2143/2143/1751
f 2145/2145/1752 2143/2143/1751 1947/1947/1646
f 1947/1947/1646 1834/1834/1577 2145/2145/1752
f 2142/2142/1750 2145/2145/1752 1834/1834/1577
f 1834/1834/1577 1836/1836/1579 2142/2142/1750
f 2146/2146/1753 2147/2147/1754 2020/2020/1685
f 2020/2020/1685 2018/2018/1683 2146/2146/1753
f 2148/2148/1755 2146/2146/1753 2018/2018/1683
f 2018/2018/1683 2134/2134/1742 2148/2148/1755
f 2149/2149/1756 2148/2148/1755 2134/2134/1742
f 2134/2134/1742 2133/2133/1740 2149/2149/1756
f 2147/2147/1754 2150/2150/1756 2130/2130/1740
f 2130/2130/1740 2020/2020/1685 2147/2147/1754
f 2151/2151/1757 2152/2152/1758 2153/2153/1759
f 2153/2153/1759 2154/2154/1760 2151/2151/1757
f 2153/2153/1759 2152/2152/1758 2145/2145/1752
f 2145/2145/1752 2142/2142/1750 2153/2153/1759
f 2152/2152/1758 2151/2151/1757 2143/2143/1751
f 2143/2143/1751 2145/2145/1752 2152/2152/1758
f 2151/2151/1757 2154/2154/1760 2144/2144/1749
f 2144/2144/1749 2143/2143/1751 2151/2151/1757
f 2155/2155/1760 2153/2153/1759 2142/2142/1750
f 2142/2142/1750 2141/2141/1749 2155/2155/1760
f 2156/2156/1761 2157/2157/1762 2158/2158/1763
f 2158/2158/1763 2159/2159/1764 2156/2156/1761
f 2158/2158/1763 2157/2157/1762 2149/2149/1756
f 2149/2149/1756 2160/2160/1754 2158/2158/1763
f 2157/2157/1762 2156/2156/1761 2148/2148/1755
f 2148/2148/1755 2149/2149/1756 2157/2157/1762
f 2156/2156/1761 2159/2159/1764 2146/2146/1753
f 2146/2146/1753 2148/2148/1755 2156/2156/1761
f 2159/2159/1764 2158/2158/1763 2147/2147/1754
f 2147/2147/1754 2146/2146/1753 2159/2159/1764
f 2161/2161/1765 2162/2162/1766 2163/2163/1767
f 2164/2164/1765 2165/2165/1768 2166/2166/1769
f 2167/2167/1765 2168/2168/1770 2169/2169/1771
f 2170/2170/1765 2171/2171/1772 2172/2172/1773
f 2173/2173/1765 2174/2174/1774 2175/2175/1775
f 2176/2176/1776 2163/2163/1767 2162/2162/1766
f 2162/2162/1766 2177/2177/1777 2176/2176/1776
f 2178/2178/1778 2166/2166/1769 2165/2165/1768
f 2165/2165/1768 2179/2179/1779 2178/2178/1778
f 2180/2180/1780 2169/2169/1771 2168/2168/1770
f 2168/2168/1770 2181/2181/1781 2180/2180/1780
f 2182/2182/1782 2172/2172/1773 2171/2171/1772
f 2171/2171/1772 2183/2183/1783 2182/2182/1782
f 2184/2184/1784 2175/2175/1775 2174/2174/1774
f 2174/2174/1774 2185/2185/1785 2184/2184/1784
f 2186/2186/1786 2176/2176/1776 2177/2177/1777
f 2177/2177/1777 2187/2187/1787 2186/2186/1786
f 2188/2188/1788 2178/2178/1778 2179/2179/1779
f 2179/2179/1779 2189/2189/1788 2188/2188/1788
f 2190/2190/1789 2180/2180/1780 2181/2181/1781
f 2181/2181/1781 2191/2191/1790 2190/2190/1789
f 2192/2192/1791 2182/2182/1782 2183/2183/1783
f 2183/2183/1783 2193/2193/1792 2192/2192/1791
f 2194/2194/1793 2184/2184/1784 2185/2185/1785
f 2185/2185/1785 2195/2195/1794 2194/2194/1793
f 2196/2196/1795 2186/2186/1786 2187/2187/1787
f 2187/2187/1787 2197/2197/1796 2196/2196/1795
f 2198/2198/1797 2188/2188/1788 2189/2189/1788
f 2189/2189/1788 2199/2199/1797 2198/2198/1797
f 2200/2200/1798 2190/2190/1789 2191/2191/1790
f 2191/2191/1790 2201/2201/1799 2200/2200/1798
f 2202/2202/1800 2192/2192/1791 2193/2193/1792
f 2193/2193/1792 2203/2203/1801 2202/2202/1800
f 2204/2204/1802 2194/2194/1793 2195/2195/1794
f 2195/2195/1794 2205/2205/1803 2204/2204/1802
f 2206/2206/1804 2196/2196/1795 2197/2197/1796
f 2197/2197/1796 2207/2207/1805 2206/2206/1804
f 2208/2208/1806 2198/2198/1797 2199/2199/1797
f 2199/2199/1797 2209/2209/1806 2208/2208/1806
f 2210/2210/1807 2200/2200/1798 2201/2201/1799
f 2201/2201/1799 2211/2211/1808 2210/2210/1807
f 2212/2212/1809 2202/2202/1800 2203/2203/1801
f 2203/2203/1801 2213/2213/1810 2212/2212/1809
f 2214/2214/1811 2204/2204/1802 2205/2205/1803
f 2205/2205/1803 2215/2215/1812 2214/2214/1811
f 2216/2216/1813 2206/2206/1804 2207/2207/1805
f 2207/2207/1805 2217/2217/1814 2216/2216/1813
f 2218/2218/1815 2208/2208/1806 2209/2209/1806
f 2209/2209/1806 2219/2219/1815 2218/2218/1815
f 2220/2220/1816 2210/2210/1807 2211/2211/1808
f 2211/2211/1808 2221/2221/1817 2220/2220/1816
f 2222/2222/1818 2212/2212/1809 2213/2213/1810
f 2213/2213/1810 2223/2223/1819 2222/2222/1818
f 2224/2224/1820 2214/2214/1811 2215/2215/1812
f 2215/2215/1812 2225/2225/1821 2224/2224/1820
f 2226/2226/1822 2216/2216/1813 2217/2217/1814
f 2217/2217/1814 2227/2227/1823 2226/2226/1822
f 2228/2228/1824 2218/2218/1815 2219/2219/1815
f 2219/2219/1815 2229/2229/1824 2228/2228/1824
f 2230/2230/1825 2220/2220/1816 2221/2221/1817
f 2221/2221/1817 2231/2231/1826 2230/2230/1825
f 2232/2232/1827 2222/2222/1818 2223/2223/1819
f 2223/2223/1819 2233/2233/1828 2232/2232/1827
f 2234/2234/1829 2224/2224/1820 2225/2225/1821
f 2225/2225/1821 2235/2235/1830 2234/2234/1829
f 2236/2236/1831 2226/2226/1822 2227/2227/1823
f 2227/2227/1823 2237/2237/1832 2236/2236/1831
f 2238/2238/1833 2228/2228/1824 2229/2229/1824
f 2229/2229/1824 2239/2239/1833 2238/2238/1833
f 2240/2240/1834 2230/2230/1825 2231/2231/1826
f 2231/2231/1826 2241/2241/1835 2240/2240/1834
f 2242/2242/1836 2232/2232/1827 2233/2233/1828
f 2233/2233/1828 2243/2243/1837 2242/2242/1836
f 2244/2244/1838 2234/2234/1829 2235/2235/1830
f 2235/2235/1830 2245/2245/1839 2244/2244/1838
f 2237/2237/1832 2246/2246/1840 2236/2236/1831
f 2239/2239/1833 2247/2247/1840 2238/2238/1833
f 2241/2241/1835 2248/2248/1840 2240/2240/1834
f 2243/2243/1837 2249/2249/1840 2242/2242/1836
f 2245/2245/1839 2250/2250/1840 2244/2244/1838
f 2251/2251/1841 2252/2252/1842 2253/2253/1843
f 2253/2253/1843 2254/2254/1844 2251/2251/1841
f 2254/2254/1844 2253/2253/1843 2255/2255/1845
f 2255/2255/1845 2256/2256/1846 2254/2254/1844
f 2256/2256/1846 2255/2255/1845 2257/2257/1847
f 2257/2257/1847 2258/2258/1848 2256/2256/1846
f 2258/2258/1848 2257/2257/1847 2259/2259/1849
f 2259/2259/1849 2260/2260/1850 2258/2258/1848
f 2261/2261/1851 2262/2262/1852 2263/2263/1853
f 2263/2263/1853 2264/2264/1854 2261/2261/1851
f 2265/2265/1855 2266/2266/1856 2262/2262/1852
f 2262/2262/1852 2261/2261/1851 2265/2265/1855
f 2267/2267/1857 2268/2268/1858 2266/2266/1856
f 2266/2266/1856 2265/2265/1855 2267/2267/1857
f 2269/2269/1859 2270/2270/1860 2268/2268/1858
f 2268/2268/1858 2267/2267/1857 2269/2269/1859
f 2271/2271/1861 2261/2261/1851 2264/2264/1854
f 2264/2264/1854 2272/2272/1862 2271/2271/1861
f 2273/2273/1863 2265/2265/1855 2261/2261/1851
f 2261/2261/1851 2271/2271/1861 2273/2273/1863
f 2274/2274/1864 2267/2267/1857 2265/2265/1855
f 2265/2265/1855 2273/2273/1863 2274/2274/1864
f 2275/2275/1865 2269/2269/1859 2267/2267/1857
f 2267/2267/1857 2274/2274/1864 2275/2275/1865
f 2276/2276/1866 2271/2271/1861 2272/2272/1862
f 2272/2272/1862 2277/2277/1867 2276/2276/1866
f 2278/2278/1868 2273/2273/1863 2271/2271/1861
f 2271/2271/1861 2276/2276/1866 2278/2278/1868
f 2279/2279/1869 2274/2274/1864 2273/2273/1863
f 2273/2273/1863 2278/2278/1868 2279/2279/1869
f 2280/2280/1870 2275/2275/1865 2274/2274/1864
f 2274/2274/1864 2279/2279/1869 2280/2280/1870
f 2281/2281/1871 2276/2276/1866 2277/2277/1867
f 2277/2277/1867 2282/2282/1872 2281/2281/1871
f 2283/2283/1873 2278/2278/1868 2276/2276/1866
f 2276/2276/1866 2281/2281/1871 2283/2283/1873
f 2284/2284/1874 2279/2279/1869 2278/2278/1868
f 2278/2278/1868 2283/2283/1873 2284/2284/1874
f 2285/2285/1875 2280/2280/1870 2279/2279/1869
f 2279/2279/1869 2284/2284/1874 2285/2285/1875
f 2286/2286/1876 2281/2281/1871 2282/2282/1872
f 2282/2282/1872 2287/2287/1877 2286/2286/1876
f 2288/2288/1878 2283/2283/1873 2281/2281/1871
f 2281/2281/1871 2286/2286/1876 2288/2288/1878
f 2289/2289/1879 2284/2284/1874 2283/2283/1873
f 2283/2283/1873 2288/2288/1878 2289/2289/1879
f 2290/2290/1880 2285/2285/1875 2284/2284/1874
f 2284/2284/1874 2289/2289/1879 2290/2290/1880
f 2291/2291/1881 2286/2286/1876 2287/2287/1877
f 2287/2287/1877 2292/2292/1882 2291/2291/1881
f 2293/2293/1883 2288/2288/1878 2286/2286/1876
f 2286/2286/1876 2291/2291/1881 2293/2293/1883
f 2294/2294/1884 2289/2289/1879 2288/2288/1878
f 2288/2288/1878 2293/2293/1883 2294/2294/1884
f 2295/2295/1885 2290/2290/1880 2289/2289/1879
f 2289/2289/1879 2294/2294/1884 2295/2295/1885
f 2292/2292/1882 2296/2296/58 2291/2291/1881
f 2291/2291/1881 2296/2296/58 2293/2293/1883
f 2293/2293/1883 2296/2296/58 2294/2294/1884
f 2294/2294/1884 2296/2296/58 2295/2295/1885
f 2252/2252/1842 2297/2297/1886 2298/2298/1887
f 2298/2298/1887 2253/2253/1843 2252/2252/1842
f 2253/2253/1843 2298/2298/1887 2299/2299/1888
f 2299/2299/1888 2255/2255/1845 2253/2253/1843
f 2255/2255/1845 2299/2299/1888 2300/2300/1889
f 2300/2300/1889 2257/2257/1847 2255/2255/1845
f 2257/2257/1847 2300/2300/1889 2301/2301/1890
f 2301/2301/1890 2259/2259/1849 2257/2257/1847
f 2302/2302/1891 2303/2303/1892 2304/2304/1893
f 2304/2304/1893 2305/2305/1894 2302/2302/1891
f 2306/2306/1895 2302/2302/1891 2305/2305/1894
f 2305/2305/1894 2307/2307/1896 2306/2306/1895
f 2308/2308/1897 2306/2306/1895 2307/2307/1896
f 2307/2307/1896 2309/2309/1898 2308/2308/1897
f 2269/2269/1859 2308/2308/1897 2309/2309/1898
f 2309/2309/1898 2270/2270/1860 2269/2269/1859
f 2310/2310/1899 2311/2311/1900 2303/2303/1892
f 2303/2303/1892 2302/2302/1891 2310/2310/1899
f 2312/2312/1901 2310/2310/1899 2302/2302/1891
f 2302/2302/1891 2306/2306/1895 2312/2312/1901
f 2313/2313/1902 2312/2312/1901 2306/2306/1895
f 2306/2306/1895 2308/2308/1897 2313/2313/1902
f 2275/2275/1865 2313/2313/1902 2308/2308/1897
f 2308/2308/1897 2269/2269/1859 2275/2275/1865
f 2314/2314/1903 2301/2301/1890 2311/2311/1900
f 2311/2311/1900 2310/2310/1899 2314/2314/1903
f 2315/2315/1904 2314/2314/1903 2310/2310/1899
f 2310/2310/1899 2312/2312/1901 2315/2315/1904
f 2316/2316/1905 2315/2315/1904 2312/2312/1901
f 2312/2312/1901 2313/2313/1902 2316/2316/1905
f 2280/2280/1870 2316/2316/1905 2313/2313/1902
f 2313/2313/1902 2275/2275/1865 2280/2280/1870
f 2317/2317/1906 2259/2259/1849 2301/2301/1890
f 2301/2301/1890 2314/2314/1903 2317/2317/1906
f 2318/2318/1907 2317/2317/1906 2314/2314/1903
f 2314/2314/1903 2315/2315/1904 2318/2318/1907
f 2319/2319/1908 2318/2318/1907 2315/2315/1904
f 2315/2315/1904 2316/2316/1905 2319/2319/1908
f 2285/2285/1875 2319/2319/1908 2316/2316/1905
f 2316/2316/1905 2280/2280/1870 2285/2285/1875
f 2320/2320/1909 2260/2260/1850 2259/2259/1849
f 2259/2259/1849 2317/2317/1906 2320/2320/1909
f 2321/2321/1910 2320/2320/1909 2317/2317/1906
f 2317/2317/1906 2318/2318/1907 2321/2321/1910
f 2322/2322/1911 2321/2321/1910 2318/2318/1907
f 2318/2318/1907 2319/2319/1908 2322/2322/1911
f 2290/2290/1880 2322/2322/1911 2319/2319/1908
f 2319/2319/1908 2285/2285/1875 2290/2290/1880
f 2323/2323/1912 2324/2324/1913 2260/2260/1850
f 2260/2260/1850 2320/2320/1909 2323/2323/1912
f 2325/2325/1914 2323/2323/1912 2320/2320/1909
f 2320/2320/1909 2321/2321/1910 2325/2325/1914
f 2326/2326/1915 2325/2325/1914 2321/2321/1910
f 2321/2321/1910 2322/2322/1911 2326/2326/1915
f 2295/2295/1885 2326/2326/1915 2322/2322/1911
f 2322/2322/1911 2290/2290/1880 2295/2295/1885
f 2323/2323/1912 2296/2296/58 2324/2324/1913
f 2325/2325/1914 2296/2296/58 2323/2323/1912
f 2326/2326/1915 2296/2296/58 2325/2325/1914
f 2295/2295/1885 2296/2296/58 2326/2326/1915
f 2327/2327/1916 2296/2296/58 2328/2328/1917
f 2329/2329/1918 2296/2296/58 2327/2327/1916
f 2330/2330/1919 2296/2296/58 2329/2329/1918
f 2324/2324/1913 2296/2296/58 2330/2330/1919
f 2297/2297/1886 2331/2331/1920 2332/2332/1921
f 2332/2332/1921 2298/2298/1887 2297/2297/1886
f 2298/2298/1887 2332/2332/1921 2333/2333/1922
f 2333/2333/1922 2299/2299/1888 2298/2298/1887
f 2299/2299/1888 2333/2333/1922 2334/2334/1923
f 2334/2334/1923 2300/2300/1889 2299/2299/1888
f 2300/2300/1889 2334/2334/1923 2311/2311/1900
f 2311/2311/1900 2301/2301/1890 2300/2300/1889
f 2335/2335/1924 2264/2264/1854 2263/2263/1853
f 2263/2263/1853 2336/2336/1925 2335/2335/1924
f 2337/2337/1926 2335/2335/1924 2336/2336/1925
f 2336/2336/1925 2338/2338/1927 2337/2337/1926
f 2339/2339/1928 2337/2337/1926 2338/2338/1927
f 2338/2338/1927 2340/2340/1929 2339/2339/1928
f 2341/2341/1930 2339/2339/1928 2340/2340/1929
f 2340/2340/1929 2342/2342/1931 2341/2341/1930
f 2343/2343/1932 2272/2272/1862 2264/2264/1854
f 2264/2264/1854 2335/2335/1924 2343/2343/1932
f 2344/2344/1933 2343/2343/1932 2335/2335/1924
f 2335/2335/1924 2337/2337/1926 2344/2344/1933
f 2345/2345/1934 2344/2344/1933 2337/2337/1926
f 2337/2337/1926 2339/2339/1928 2345/2345/1934
f 2331/2331/1920 2345/2345/1934 2339/2339/1928
f 2339/2339/1928 2341/2341/1930 2331/2331/1920
f 2346/2346/1935 2277/2277/1867 2272/2272/1862
f 2272/2272/1862 2343/2343/1932 2346/2346/1935
f 2347/2347/1936 2346/2346/1935 2343/2343/1932
f 2343/2343/1932 2344/2344/1933 2347/2347/1936
f 2348/2348/1937 2347/2347/1936 2344/2344/1933
f 2344/2344/1933 2345/2345/1934 2348/2348/1937
f 2297/2297/1886 2348/2348/1937 2345/2345/1934
f 2345/2345/1934 2331/2331/1920 2297/2297/1886
f 2349/2349/1938 2282/2282/1872 2277/2277/1867
f 2277/2277/1867 2346/2346/1935 2349/2349/1938
f 2350/2350/1939 2349/2349/1938 2346/2346/1935
f 2346/2346/1935 2347/2347/1936 2350/2350/1939
f 2351/2351/1940 2350/2350/1939 2347/2347/1936
f 2347/2347/1936 2348/2348/1937 2351/2351/1940
f 2252/2252/1842 2351/2351/1940 2348/2348/1937
f 2348/2348/1937 2297/2297/1886 2252/2252/1842
f 2352/2352/1941 2287/2287/1877 2282/2282/1872
f 2282/2282/1872 2349/2349/1938 2352/2352/1941
f 2353/2353/1942 2352/2352/1941 2349/2349/1938
f 2349/2349/1938 2350/2350/1939 2353/2353/1942
f 2354/2354/1943 2353/2353/1942 2350/2350/1939
f 2350/2350/1939 2351/2351/1940 2354/2354/1943
f 2251/2251/1841 2354/2354/1943 2351/2351/1940
f 2351/2351/1940 2252/2252/1842 2251/2251/1841
f 2355/2355/1944 2292/2292/1882 2287/2287/1877
f 2287/2287/1877 2352/2352/1941 2355/2355/1944
f 2356/2356/1945 2355/2355/1944 2352/2352/1941
f 2352/2352/1941 2353/2353/1942 2356/2356/1945
f 2357/2357/1946 2356/2356/1945 2353/2353/1942
f 2353/2353/1942 2354/2354/1943 2357/2357/1946
f 2328/2328/1917 2357/2357/1946 2354/2354/1943
f 2354/2354/1943 2251/2251/1841 2328/2328/1917
f 2355/2355/1944 2296/2296/58 2292/2292/1882
f 2356/2356/1945 2296/2296/58 2355/2355/1944
f 2357/2357/1946 2296/2296/58 2356/2356/1945
f 2328/2328/1917 2296/2296/58 2357/2357/1946
f 2328/2328/1917 2251/2251/1841 2254/2254/1844
f 2254/2254/1844 2327/2327/1916 2328/2328/1917
f 2327/2327/1916 2254/2254/1844 2256/2256/1846
f 2256/2256/1846 2329/2329/1918 2327/2327/1916
f 2329/2329/1918 2256/2256/1846 2258/2258/1848
f 2258/2258/1848 2330/2330/1919 2329/2329/1918
f 2330/2330/1919 2258/2258/1848 2260/2260/1850
f 2260/2260/1850 2324/2324/1913 2330/2330/1919
f 2331/2331/1920 2341/2341/1930 2358/2358/1947
f 2358/2358/1947 2332/2332/1921 2331/2331/1920
f 2332/2332/1921 2358/2358/1947 2359/2359/1948
f 2359/2359/1948 2333/2333/1922 2332/2332/1921
f 2333/2333/1922 2359/2359/1948 2360/2360/1949
f 2360/2360/1949 2334/2334/1923 2333/2333/1922
f 2334/2334/1923 2360/2360/1949 2303/2303/1892
f 2303/2303/1892 2311/2311/1900 2334/2334/1923
f 2360/2360/1949 2361/2361/1950 2304/2304/1893
f 2304/2304/1893 2303/2303/1892 2360/2360/1949
f 2359/2359/1948 2362/2362/1951 2361/2361/1950
f 2361/2361/1950 2360/2360/1949 2359/2359/1948
f 2358/2358/1947 2363/2363/1952 2362/2362/1951
f 2362/2362/1951 2359/2359/1948 2358/2358/1947
f 2341/2341/1930 2342/2342/1931 2363/2363/1952
f 2363/2363/1952 2358/2358/1947 2341/2341/1930
f 2364/2364/1953 2365/2365/1954 2366/2366/1955
f 2366/2366/1955 2367/2367/1875 2364/2364/1953
f 2365/2365/1954 2368/2368/1956 2369/2369/1957
f 2369/2369/1957 2366/2366/1955 2365/2365/1954
f 2368/2368/1956 2370/2370/1958 2371/2371/1959
f 2371/2371/1959 2369/2369/1957 2368/2368/1956
f 2370/2370/1958 2372/2372/1850 2373/2373/1849
f 2373/2373/1849 2371/2371/1959 2370/2370/1958
f 2374/2374/1960 2375/2375/1854 2376/2376/1853
f 2376/2376/1853 2377/2377/1961 2374/2374/1960
f 2378/2378/1926 2374/2374/1960 2377/2377/1961
f 2377/2377/1961 2379/2379/1962 2378/2378/1926
f 2380/2380/1963 2378/2378/1926 2379/2379/1962
f 2379/2379/1962 2381/2381/1964 2380/2380/1963
f 2382/2382/1965 2380/2380/1963 2381/2381/1964
f 2381/2381/1964 2383/2383/1931 2382/2382/1965
f 2384/2384/1966 2385/2385/1862 2375/2375/1854
f 2375/2375/1854 2374/2374/1960 2384/2384/1966
f 2386/2386/1967 2384/2384/1966 2374/2374/1960
f 2374/2374/1960 2378/2378/1926 2386/2386/1967
f 2387/2387/1968 2386/2386/1967 2378/2378/1926
f 2378/2378/1926 2380/2380/1963 2387/2387/1968
f 2388/2388/1920 2387/2387/1968 2380/2380/1963
f 2380/2380/1963 2382/2382/1965 2388/2388/1920
f 2389/2389/1935 2390/2390/1867 2385/2385/1862
f 2385/2385/1862 2384/2384/1966 2389/2389/1935
f 2391/2391/1969 2389/2389/1935 2384/2384/1966
f 2384/2384/1966 2386/2386/1967 2391/2391/1969
f 2392/2392/1970 2391/2391/1969 2386/2386/1967
f 2386/2386/1967 2387/2387/1968 2392/2392/1970
f 2393/2393/1971 2392/2392/1970 2387/2387/1968
f 2387/2387/1968 2388/2388/1920 2393/2393/1971
f 2394/2394/1972 2395/2395/1872 2390/2390/1867
f 2390/2390/1867 2389/2389/1935 2394/2394/1972
f 2396/2396/1973 2394/2394/1972 2389/2389/1935
f 2389/2389/1935 2391/2391/1969 2396/2396/1973
f 2397/2397/1974 2396/2396/1973 2391/2391/1969
f 2391/2391/1969 2392/2392/1970 2397/2397/1974
f 2398/2398/1842 2397/2397/1974 2392/2392/1970
f 2392/2392/1970 2393/2393/1971 2398/2398/1842
f 2399/2399/1975 2400/2400/1877 2395/2395/1872
f 2395/2395/1872 2394/2394/1972 2399/2399/1975
f 2401/2401/1976 2399/2399/1975 2394/2394/1972
f 2394/2394/1972 2396/2396/1973 2401/2401/1976
f 2402/2402/1977 2401/2401/1976 2396/2396/1973
f 2396/2396/1973 2397/2397/1974 2402/2402/1977
f 2403/2403/1978 2402/2402/1977 2397/2397/1974
f 2397/2397/1974 2398/2398/1842 2403/2403/1978
f 2404/2404/1979 2405/2405/1882 2400/2400/1877
f 2400/2400/1877 2399/2399/1975 2404/2404/1979
f 2406/2406/1980 2404/2404/1979 2399/2399/1975
f 2399/2399/1975 2401/2401/1976 2406/2406/1980
f 2407/2407/1981 2406/2406/1980 2401/2401/1976
f 2401/2401/1976 2402/2402/1977 2407/2407/1981
f 2408/2408/1917 2407/2407/1981 2402/2402/1977
f 2402/2402/1977 2403/2403/1978 2408/2408/1917
f 2404/2404/1979 2409/2409/58 2405/2405/1882
f 2406/2406/1980 2409/2409/58 2404/2404/1979
f 2407/2407/1981 2409/2409/58 2406/2406/1980
f 2408/2408/1917 2409/2409/58 2407/2407/1981
f 2367/2367/1875 2366/2366/1955 2410/2410/1982
f 2410/2410/1982 2411/2411/1983 2367/2367/1875
f 2366/2366/1955 2369/2369/1957 2412/2412/1984
f 2412/2412/1984 2410/2410/1982 2366/2366/1955
f 2369/2369/1957 2371/2371/1959 2413/2413/1903
f 2413/2413/1903 2412/2412/1984 2369/2369/1957
f 2371/2371/1959 2373/2373/1849 2414/2414/1890
f 2414/2414/1890 2413/2413/1903 2371/2371/1959
f 2415/2415/1985 2416/2416/1986 2417/2417/1893
f 2417/2417/1893 2418/2418/1892 2415/2415/1985
f 2419/2419/1948 2420/2420/1987 2416/2416/1986
f 2416/2416/1986 2415/2415/1985 2419/2419/1948
f 2421/2421/1988 2422/2422/1989 2420/2420/1987
f 2420/2420/1987 2419/2419/1948 2421/2421/1988
f 2382/2382/1965 2383/2383/1931 2422/2422/1989
f 2422/2422/1989 2421/2421/1988 2382/2382/1965
f 2423/2423/1990 2415/2415/1985 2418/2418/1892
f 2418/2418/1892 2424/2424/1900 2423/2423/1990
f 2425/2425/1991 2419/2419/1948 2415/2415/1985
f 2415/2415/1985 2423/2423/1990 2425/2425/1991
f 2426/2426/1992 2421/2421/1988 2419/2419/1948
f 2419/2419/1948 2425/2425/1991 2426/2426/1992
f 2388/2388/1920 2382/2382/1965 2421/2421/1988
f 2421/2421/1988 2426/2426/1992 2388/2388/1920
f 2427/2427/1889 2423/2423/1990 2424/2424/1900
f 2424/2424/1900 2414/2414/1890 2427/2427/1889
f 2428/2428/1993 2425/2425/1991 2423/2423/1990
f 2423/2423/1990 2427/2427/1889 2428/2428/1993
f 2429/2429/1994 2426/2426/1992 2425/2425/1991
f 2425/2425/1991 2428/2428/1993 2429/2429/1994
f 2393/2393/1971 2388/2388/1920 2426/2426/1992
f 2426/2426/1992 2429/2429/1994 2393/2393/1971
f 2430/2430/1995 2427/2427/1889 2414/2414/1890
f 2414/2414/1890 2373/2373/1849 2430/2430/1995
f 2431/2431/1996 2428/2428/1993 2427/2427/1889
f 2427/2427/1889 2430/2430/1995 2431/2431/1996
f 2432/2432/1997 2429/2429/1994 2428/2428/1993
f 2428/2428/1993 2431/2431/1996 2432/2432/1997
f 2398/2398/1842 2393/2393/1971 2429/2429/1994
f 2429/2429/1994 2432/2432/1997 2398/2398/1842
f 2433/2433/1998 2430/2430/1995 2373/2373/1849
f 2373/2373/1849 2372/2372/1850 2433/2433/1998
f 2434/2434/1999 2431/2431/1996 2430/2430/1995
f 2430/2430/1995 2433/2433/1998 2434/2434/1999
f 2435/2435/2000 2432/2432/1997 2431/2431/1996
f 2431/2431/1996 2434/2434/1999 2435/2435/2000
f 2403/2403/1978 2398/2398/1842 2432/2432/1997
f 2432/2432/1997 2435/2435/2000 2403/2403/1978
f 2436/2436/2001 2433/2433/1998 2372/2372/1850
f 2372/2372/1850 2437/2437/1913 2436/2436/2001
f 2438/2438/2002 2434/2434/1999 2433/2433/1998
f 2433/2433/1998 2436/2436/2001 2438/2438/2002
f 2439/2439/2003 2435/2435/2000 2434/2434/1999
f 2434/2434/1999 2438/2438/2002 2439/2439/2003
f 2408/2408/1917 2403/2403/1978 2435/2435/2000
f 2435/2435/2000 2439/2439/2003 2408/2408/1917
f 2437/2437/1913 2409/2409/58 2436/2436/2001
f 2436/2436/2001 2409/2409/58 2438/2438/2002
f 2438/2438/2002 2409/2409/58 2439/2439/2003
f 2439/2439/2003 2409/2409/58 2408/2408/1917
f 2440/2440/1885 2409/2409/58 2441/2441/2004
f 2441/2441/2004 2409/2409/58 2442/2442/2005
f 2442/2442/2005 2409/2409/58 2443/2443/2006
f 2443/2443/2006 2409/2409/58 2437/2437/1913
f 2411/2411/1983 2410/2410/1982 2444/2444/2007
f 2444/2444/2007 2445/2445/1865 2411/2411/1983
f 2410/2410/1982 2412/2412/1984 2446/2446/2008
f 2446/2446/2008 2444/2444/2007 2410/2410/1982
f 2412/2412/1984 2413/2413/1903 2447/2447/2009
f 2447/2447/2009 2446/2446/2008 2412/2412/1984
f 2413/2413/1903 2414/2414/1890 2424/2424/1900
f 2424/2424/1900 2447/2447/2009 2413/2413/1903
f 2448/2448/2010 2449/2449/2011 2376/2376/1853
f 2376/2376/1853 2375/2375/1854 2448/2448/2010
f 2450/2450/1855 2451/2451/2012 2449/2449/2011
f 2449/2449/2011 2448/2448/2010 2450/2450/1855
f 2452/2452/2013 2453/2453/2014 2451/2451/2012
f 2451/2451/2012 2450/2450/1855 2452/2452/2013
f 2454/2454/2015 2455/2455/1860 2453/2453/2014
f 2453/2453/2014 2452/2452/2013 2454/2454/2015
f 2456/2456/2016 2448/2448/2010 2375/2375/1854
f 2375/2375/1854 2385/2385/1862 2456/2456/2016
f 2457/2457/2017 2450/2450/1855 2448/2448/2010
f 2448/2448/2010 2456/2456/2016 2457/2457/2017
f 2458/2458/2018 2452/2452/2013 2450/2450/1855
f 2450/2450/1855 2457/2457/2017 2458/2458/2018
f 2445/2445/1865 2454/2454/2015 2452/2452/2013
f 2452/2452/2013 2458/2458/2018 2445/2445/1865
f 2459/2459/1866 2456/2456/2016 2385/2385/1862
f 2385/2385/1862 2390/2390/1867 2459/2459/1866
f 2460/2460/2019 2457/2457/2017 2456/2456/2016
f 2456/2456/2016 2459/2459/1866 2460/2460/2019
f 2461/2461/2020 2458/2458/2018 2457/2457/2017
f 2457/2457/2017 2460/2460/2019 2461/2461/2020
f 2411/2411/1983 2445/2445/1865 2458/2458/2018
f 2458/2458/2018 2461/2461/2020 2411/2411/1983
f 2462/2462/2021 2459/2459/1866 2390/2390/1867
f 2390/2390/1867 2395/2395/1872 2462/2462/2021
f 2463/2463/2022 2460/2460/2019 2459/2459/1866
f 2459/2459/1866 2462/2462/2021 2463/2463/2022
f 2464/2464/2023 2461/2461/2020 2460/2460/2019
f 2460/2460/2019 2463/2463/2022 2464/2464/2023
f 2367/2367/1875 2411/2411/1983 2461/2461/2020
f 2461/2461/2020 2464/2464/2023 2367/2367/1875
f 2465/2465/2024 2462/2462/2021 2395/2395/1872
f 2395/2395/1872 2400/2400/1877 2465/2465/2024
f 2466/2466/2025 2463/2463/2022 2462/2462/2021
f 2462/2462/2021 2465/2465/2024 2466/2466/2025
f 2467/2467/2026 2464/2464/2023 2463/2463/2022
f 2463/2463/2022 2466/2466/2025 2467/2467/2026
f 2364/2364/1953 2367/2367/1875 2464/2464/2023
f 2464/2464/2023 2467/2467/2026 2364/2364/1953
f 2468/2468/2027 2465/2465/2024 2400/2400/1877
f 2400/2400/1877 2405/2405/1882 2468/2468/2027
f 2469/2469/2028 2466/2466/2025 2465/2465/2024
f 2465/2465/2024 2468/2468/2027 2469/2469/2028
f 2470/2470/2029 2467/2467/2026 2466/2466/2025
f 2466/2466/2025 2469/2469/2028 2470/2470/2029
f 2440/2440/1885 2364/2364/1953 2467/2467/2026
f 2467/2467/2026 2470/2470/2029 2440/2440/1885
f 2405/2405/1882 2409/2409/58 2468/2468/2027
f 2468/2468/2027 2409/2409/58 2469/2469/2028
f 2469/2469/2028 2409/2409/58 2470/2470/2029
f 2470/2470/2029 2409/2409/58 2440/2440/1885
f 2440/2440/1885 2441/2441/2004 2365/2365/1954
f 2365/2365/1954 2364/2364/1953 2440/2440/1885
f 2441/2441/2004 2442/2442/2005 2368/2368/1956
f 2368/2368/1956 2365/2365/1954 2441/2441/2004
f 2442/2442/2005 2443/2443/2006 2370/2370/1958
f 2370/2370/1958 2368/2368/1956 2442/2442/2005
f 2443/2443/2006 2437/2437/1913 2372/2372/1850
f 2372/2372/1850 2370/2370/1958 2443/2443/2006
f 2445/2445/1865 2444/2444/2007 2471/2471/2030
f 2471/2471/2030 2454/2454/2015 2445/2445/1865
f 2444/2444/2007 2446/2446/2008 2472/2472/1895
f 2472/2472/1895 2471/2471/2030 2444/2444/2007
f 2446/2446/2008 2447/2447/2009 2473/2473/2031
f 2473/2473/2031 2472/2472/1895 2446/2446/2008
f 2447/2447/2009 2424/2424/1900 2418/2418/1892
f 2418/2418/1892 2473/2473/2031 2447/2447/2009
f 2473/2473/2031 2418/2418/1892 2417/2417/1893
f 2417/2417/1893 2474/2474/2032 2473/2473/2031
f 2472/2472/1895 2473/2473/2031 2474/2474/2032
f 2474/2474/2032 2475/2475/2033 2472/2472/1895
f 2471/2471/2030 2472/2472/1895 2475/2475/2033
f 2475/2475/2033 2476/2476/2034 2471/2471/2030
f 2454/2454/2015 2471/2471/2030 2476/2476/2034
f 2476/2476/2034 2455/2455/1860 2454/2454/2015
# Vertices: 2476, normals: 2034, texture coordinates: 2476, faces: 4152

